{"success":true,"code":"SUCCESS","data":{"aggregated":{"registeredUsers":12458661,"appOpens":0},"usersByDevice":[{"brand":"Xiaomi","count":3280805,"percentage":0.26333528137574336},{"brand":"Samsung","count":2437713,"percentage":0.19566412474021086},{"brand":"Vivo","count":1788502,"percentage":0.14355491332495524},{"brand":"Oppo","count":1383225,"percentage":0.11102517357202352},{"brand":"Realme","count":691671,"percentage":0.055517282314688554},{"brand":"Motorola","count":304547,"percentage":0.024444601229618494},{"brand":"Apple","count":291356,"percentage":0.023385819712086236},{"brand":"Lenovo","count":239614,"percentage":0.019232724929268082},{"brand":"Huawei","count":238494,"percentage":0.01914282762810546},{"brand":"Micromax","count":193730,"percentage":0.015549825137709422},{"brand":"Others","count":1609004,"percentage":0.12914742603559082}]},"responseTimestamp":1630501496743}