{"success":true,"code":"SUCCESS","data":{"aggregated":{"registeredUsers":14316349,"appOpens":78394040},"usersByDevice":[{"brand":"Xiaomi","count":3793613,"percentage":0.26498466892641415},{"brand":"Samsung","count":2800147,"percentage":0.19559085909403298},{"brand":"Vivo","count":2108136,"percentage":0.14725374465235516},{"brand":"Oppo","count":1629815,"percentage":0.11384292182315477},{"brand":"Realme","count":799307,"percentage":0.05583176269312798},{"brand":"Motorola","count":337246,"percentage":0.02355670429660523},{"brand":"Apple","count":326624,"percentage":0.022814755354175844},{"brand":"Huawei","count":277343,"percentage":0.01937246710037594},{"brand":"Lenovo","count":265048,"percentage":0.018513658754756537},{"brand":"OnePlus","count":204119,"percentage":0.014257755241926556},{"brand":"Others","count":1774951,"percentage":0.12398070206307488}]},"responseTimestamp":1630501497318}