{"success":true,"code":"SUCCESS","data":{"aggregated":{"registeredUsers":16044607,"appOpens":268142606},"usersByDevice":[{"brand":"Xiaomi","count":4276054,"percentage":0.2665103607710678},{"brand":"Samsung","count":3115702,"percentage":0.1941899854574188},{"brand":"Vivo","count":2426158,"percentage":0.15121330176550912},{"brand":"Oppo","count":1858877,"percentage":0.11585681095211618},{"brand":"Realme","count":927058,"percentage":0.057780037865682844},{"brand":"Motorola","count":359128,"percentage":0.02238309732360537},{"brand":"Apple","count":358210,"percentage":0.0223258818368066},{"brand":"Huawei","count":316534,"percentage":0.019728373527628316},{"brand":"Lenovo","count":264892,"percentage":0.016509721927124795},{"brand":"OnePlus","count":220254,"percentage":0.013727603299974876},{"brand":"Others","count":1921740,"percentage":0.11977482527306528}]},"responseTimestamp":1630501497761}