{"success":true,"code":"SUCCESS","data":{"aggregated":{"registeredUsers":17949542,"appOpens":324068625},"usersByDevice":[{"brand":"Xiaomi","count":4790187,"percentage":0.26686959477851857},{"brand":"Samsung","count":3450916,"percentage":0.1922564932297437},{"brand":"Vivo","count":2793452,"percentage":0.15562803775160391},{"brand":"Oppo","count":2124897,"percentage":0.11838168349922243},{"brand":"Realme","count":1090479,"percentage":0.060752469338771986},{"brand":"Motorola","count":383839,"percentage":0.021384333928965986},{"brand":"Apple","count":383829,"percentage":0.021383776811686895},{"brand":"Huawei","count":355084,"percentage":0.01978234319293495},{"brand":"Lenovo","count":277318,"percentage":0.015449864960342721},{"brand":"OnePlus","count":232862,"percentage":0.012973144384408249},{"brand":"Others","count":2066679,"percentage":0.1151382581238006}]},"responseTimestamp":1630501498180}