{"success":true,"code":"SUCCESS","data":{"states":[{"entityName":"karnataka","metric":{"type":"TOTAL","count":300360531,"amount":4.707405156966945E11}},{"entityName":"maharashtra","metric":{"type":"TOTAL","count":268310924,"amount":4.403070790124761E11}},{"entityName":"telangana","metric":{"type":"TOTAL","count":236372126,"amount":5.0596114475588367E11}},{"entityName":"andhra pradesh","metric":{"type":"TOTAL","count":204902935,"amount":4.670841305849388E11}},{"entityName":"rajasthan","metric":{"type":"TOTAL","count":149088676,"amount":2.936783061624698E11}},{"entityName":"uttar pradesh","metric":{"type":"TOTAL","count":127405259,"amount":2.4868995542305322E11}},{"entityName":"madhya pradesh","metric":{"type":"TOTAL","count":108579881,"amount":2.057016799845376E11}},{"entityName":"delhi","metric":{"type":"TOTAL","count":96491861,"amount":1.751639628046604E11}},{"entityName":"west bengal","metric":{"type":"TOTAL","count":79954504,"amount":1.568133558551383E11}},{"entityName":"bihar","metric":{"type":"TOTAL","count":71503748,"amount":1.7332886511181442E11}}],"districts":[{"entityName":"bengaluru urban","metric":{"type":"TOTAL","count":188947684,"amount":2.610951817800901E11}},{"entityName":"pune","metric":{"type":"TOTAL","count":101472134,"amount":1.543663638080403E11}},{"entityName":"hyderabad","metric":{"type":"TOTAL","count":99285803,"amount":2.2844874237747607E11}},{"entityName":"jaipur","metric":{"type":"TOTAL","count":71797182,"amount":1.381894240314575E11}},{"entityName":"visakhapatnam","metric":{"type":"TOTAL","count":34421299,"amount":6.7628440368111465E10}},{"entityName":"central delhi","metric":{"type":"TOTAL","count":32203761,"amount":6.152771793393762E10}},{"entityName":"rangareddy","metric":{"type":"TOTAL","count":29573243,"amount":5.1787722036044556E10}},{"entityName":"bhopal","metric":{"type":"TOTAL","count":29560361,"amount":5.7525605025512215E10}},{"entityName":"medchal malkajgiri","metric":{"type":"TOTAL","count":28698311,"amount":4.883169500178223E10}},{"entityName":"khordha","metric":{"type":"TOTAL","count":23387123,"amount":4.463844827352248E10}}],"pincodes":[{"entityName":"500001","metric":{"type":"TOTAL","count":70732132,"amount":1.775320094217673E11}},{"entityName":"560001","metric":{"type":"TOTAL","count":56516908,"amount":9.560279654347356E10}},{"entityName":"411004","metric":{"type":"TOTAL","count":49082232,"amount":9.410076770043585E10}},{"entityName":"302016","metric":{"type":"TOTAL","count":34723808,"amount":7.81047504840607E10}},{"entityName":"110006","metric":{"type":"TOTAL","count":27731187,"amount":5.376847579081149E10}},{"entityName":"462008","metric":{"type":"TOTAL","count":18608188,"amount":4.28369258583958E10}},{"entityName":"800001","metric":{"type":"TOTAL","count":14656027,"amount":4.121018392121666E10}},{"entityName":"700009","metric":{"type":"TOTAL","count":14161961,"amount":3.5897930520847115E10}},{"entityName":"751001","metric":{"type":"TOTAL","count":11770940,"amount":2.733733195038349E10}},{"entityName":"110001","metric":{"type":"TOTAL","count":11598940,"amount":2.536140333598009E10}}]},"responseTimestamp":1630501482113}