{"success":true,"code":"SUCCESS","data":{"states":[{"entityName":"karnataka","metric":{"type":"TOTAL","count":431536984,"amount":6.580366985650032E11}},{"entityName":"maharashtra","metric":{"type":"TOTAL","count":407621004,"amount":6.221555308322585E11}},{"entityName":"telangana","metric":{"type":"TOTAL","count":343643787,"amount":6.963504392269452E11}},{"entityName":"andhra pradesh","metric":{"type":"TOTAL","count":286118552,"amount":6.548415460333186E11}},{"entityName":"rajasthan","metric":{"type":"TOTAL","count":190283435,"amount":3.8603477983648376E11}},{"entityName":"uttar pradesh","metric":{"type":"TOTAL","count":178167517,"amount":3.574288267782578E11}},{"entityName":"madhya pradesh","metric":{"type":"TOTAL","count":153652541,"amount":2.842751397723589E11}},{"entityName":"delhi","metric":{"type":"TOTAL","count":120540417,"amount":2.1626508822454358E11}},{"entityName":"tamil nadu","metric":{"type":"TOTAL","count":111179701,"amount":2.0647319750099268E11}},{"entityName":"west bengal","metric":{"type":"TOTAL","count":100340645,"amount":1.991654913656468E11}}],"districts":[{"entityName":"bengaluru urban","metric":{"type":"TOTAL","count":267720411,"amount":3.525367419584486E11}},{"entityName":"pune","metric":{"type":"TOTAL","count":142350762,"amount":1.8251154942514316E11}},{"entityName":"hyderabad","metric":{"type":"TOTAL","count":117008707,"amount":2.430451841882821E11}},{"entityName":"jaipur","metric":{"type":"TOTAL","count":82378485,"amount":1.5964171897841748E11}},{"entityName":"rangareddy","metric":{"type":"TOTAL","count":53405219,"amount":8.925613045308658E10}},{"entityName":"medchal malkajgiri","metric":{"type":"TOTAL","count":49900746,"amount":8.180110607341168E10}},{"entityName":"visakhapatnam","metric":{"type":"TOTAL","count":46551467,"amount":9.187982302540399E10}},{"entityName":"bhopal","metric":{"type":"TOTAL","count":38492334,"amount":6.790595247788091E10}},{"entityName":"central delhi","metric":{"type":"TOTAL","count":32194168,"amount":6.157543552128284E10}},{"entityName":"mumbai suburban","metric":{"type":"TOTAL","count":31947471,"amount":5.256708749707483E10}}],"pincodes":[{"entityName":"500001","metric":{"type":"TOTAL","count":63797806,"amount":1.5410466289810648E11}},{"entityName":"560001","metric":{"type":"TOTAL","count":56310863,"amount":9.351805364926508E10}},{"entityName":"411004","metric":{"type":"TOTAL","count":48628369,"amount":8.373359084660262E10}},{"entityName":"302016","metric":{"type":"TOTAL","count":31028451,"amount":7.159927714869725E10}},{"entityName":"110006","metric":{"type":"TOTAL","count":24969702,"amount":4.8831647275471146E10}},{"entityName":"462008","metric":{"type":"TOTAL","count":20637374,"amount":4.452094280343778E10}},{"entityName":"800001","metric":{"type":"TOTAL","count":14983099,"amount":3.997650736254611E10}},{"entityName":"600003","metric":{"type":"TOTAL","count":11690163,"amount":2.6114457256846283E10}},{"entityName":"751001","metric":{"type":"TOTAL","count":11637193,"amount":2.6523469788723434E10}},{"entityName":"700009","metric":{"type":"TOTAL","count":11305243,"amount":2.855596465422016E10}}]},"responseTimestamp":1630501482413}