{"success":true,"code":"SUCCESS","data":{"aggregated":{"registeredUsers":1416,"appOpens":0},"usersByDevice":[{"brand":"Xiaomi","count":298,"percentage":0.21045197740112995},{"brand":"Vivo","count":240,"percentage":0.1694915254237288},{"brand":"Samsung","count":231,"percentage":0.163135593220339},{"brand":"Oppo","count":198,"percentage":0.13983050847457626},{"brand":"Huawei","count":97,"percentage":0.06850282485875706},{"brand":"Realme","count":67,"percentage":0.04731638418079096},{"brand":"Apple","count":55,"percentage":0.03884180790960452},{"brand":"OnePlus","count":52,"percentage":0.03672316384180791},{"brand":"Lenovo","count":31,"percentage":0.021892655367231638},{"brand":"Motorola","count":24,"percentage":0.01694915254237288},{"brand":"Others","count":123,"percentage":0.08686440677966102}]},"responseTimestamp":1630501496536}