{"success":true,"code":"SUCCESS","data":{"aggregated":{"registeredUsers":1747,"appOpens":4580},"usersByDevice":[{"brand":"Xiaomi","count":377,"percentage":0.21579851173440184},{"brand":"Vivo","count":309,"percentage":0.17687464224384658},{"brand":"Samsung","count":277,"percentage":0.15855752718946767},{"brand":"Oppo","count":246,"percentage":0.14081282198053807},{"brand":"Huawei","count":132,"percentage":0.0755580995993131},{"brand":"Realme","count":86,"percentage":0.04922724670864339},{"brand":"OnePlus","count":58,"percentage":0.03319977103606182},{"brand":"Apple","count":57,"percentage":0.03262736119061248},{"brand":"Lenovo","count":36,"percentage":0.0206067544361763},{"brand":"Motorola","count":32,"percentage":0.018317115054378934},{"brand":"Others","count":137,"percentage":0.07842014882655982}]},"responseTimestamp":1630501497203}