{"success":true,"code":"SUCCESS","data":{"aggregated":{"registeredUsers":2117,"appOpens":15038},"usersByDevice":[{"brand":"Xiaomi","count":442,"percentage":0.20878601794992915},{"brand":"Vivo","count":378,"percentage":0.17855455833726971},{"brand":"Samsung","count":343,"percentage":0.1620217288615966},{"brand":"Oppo","count":331,"percentage":0.15635333018422296},{"brand":"Huawei","count":174,"percentage":0.0821917808219178},{"brand":"Realme","count":103,"percentage":0.04865375531412376},{"brand":"Apple","count":68,"percentage":0.03212092583845064},{"brand":"OnePlus","count":64,"percentage":0.030231459612659425},{"brand":"Motorola","count":36,"percentage":0.017005196032120924},{"brand":"Lenovo","count":33,"percentage":0.015588096362777516},{"brand":"Others","count":145,"percentage":0.0684931506849315}]},"responseTimestamp":1630501497604}