{"success":true,"code":"SUCCESS","data":{"aggregated":{"registeredUsers":2427,"appOpens":17760},"usersByDevice":[{"brand":"Xiaomi","count":496,"percentage":0.20436753193242688},{"brand":"Vivo","count":462,"percentage":0.1903584672435105},{"brand":"Samsung","count":394,"percentage":0.16234033786567778},{"brand":"Oppo","count":371,"percentage":0.15286361763494025},{"brand":"Huawei","count":202,"percentage":0.08323032550473836},{"brand":"Realme","count":124,"percentage":0.05109188298310672},{"brand":"Apple","count":72,"percentage":0.029666254635352288},{"brand":"OnePlus","count":70,"percentage":0.0288421920065925},{"brand":"Motorola","count":37,"percentage":0.015245158632056036},{"brand":"Lenovo","count":35,"percentage":0.01442109600329625},{"brand":"Others","count":164,"percentage":0.06757313555830242}]},"responseTimestamp":1630501498004}