{"success":true,"code":"SUCCESS","data":{"aggregated":{"registeredUsers":3016487,"appOpens":64224101},"usersByDevice":[{"brand":"Xiaomi","count":711639,"percentage":0.23591648165564777},{"brand":"Vivo","count":613952,"percentage":0.20353212196836917},{"brand":"Samsung","count":521671,"percentage":0.1729399132169308},{"brand":"Oppo","count":328835,"percentage":0.10901256991991015},{"brand":"Micromax","count":253971,"percentage":0.08419429621277996},{"brand":"Realme","count":196352,"percentage":0.06509293757937627},{"brand":"Apple","count":47890,"percentage":0.015876083669513576},{"brand":"OnePlus","count":43526,"percentage":0.01442936767173205},{"brand":"Motorola","count":34414,"percentage":0.011408635276730847},{"brand":"Lenovo","count":29426,"percentage":0.00975505612986232},{"brand":"Others","count":234811,"percentage":0.07784253669914705}]},"responseTimestamp":1630501498249}