{"success":true,"code":"SUCCESS","data":{"aggregated":{"registeredUsers":3401658,"appOpens":68493384},"usersByDevice":[{"brand":"Xiaomi","count":796390,"percentage":0.23411818589640698},{"brand":"Vivo","count":714180,"percentage":0.20995055940367902},{"brand":"Samsung","count":579423,"percentage":0.17033546582284287},{"brand":"Oppo","count":377290,"percentage":0.110913560387317},{"brand":"Micromax","count":282770,"percentage":0.0831271103679441},{"brand":"Realme","count":227611,"percentage":0.06691178243080285},{"brand":"Apple","count":50835,"percentage":0.014944183101299425},{"brand":"OnePlus","count":45570,"percentage":0.013396408457287593},{"brand":"Motorola","count":36651,"percentage":0.010774451752645327},{"brand":"Lenovo","count":30902,"percentage":0.009084393551615125},{"brand":"Others","count":260036,"percentage":0.07644389882815968}]},"responseTimestamp":1630501498615}