{"success":true,"code":"SUCCESS","data":{"aggregated":{"registeredUsers":3799386,"appOpens":86918606},"usersByDevice":[{"brand":"Xiaomi","count":879885,"percentage":0.23158610364937915},{"brand":"Vivo","count":837832,"percentage":0.2205177362868632},{"brand":"Samsung","count":638573,"percentage":0.1680726833230422},{"brand":"Oppo","count":424680,"percentage":0.1117759553780532},{"brand":"Micromax","count":300759,"percentage":0.07915989583580084},{"brand":"Realme","count":264356,"percentage":0.06957861085975471},{"brand":"Apple","count":54717,"percentage":0.014401537511587398},{"brand":"OnePlus","count":48306,"percentage":0.012714159603683332},{"brand":"Motorola","count":38887,"percentage":0.01023507482524808},{"brand":"Lenovo","count":32625,"percentage":0.008586913780279235},{"brand":"Others","count":278766,"percentage":0.0733713289463087}]},"responseTimestamp":1630501499073}