{"success":true,"code":"SUCCESS","data":{"aggregated":{"registeredUsers":4190601,"appOpens":109900467},"usersByDevice":[{"brand":"Xiaomi","count":962085,"percentage":0.22958162802901064},{"brand":"Vivo","count":951506,"percentage":0.22705716912681498},{"brand":"Samsung","count":697989,"percentage":0.1665605959622498},{"brand":"Oppo","count":473974,"percentage":0.11310406311648377},{"brand":"Micromax","count":315002,"percentage":0.07516869298699638},{"brand":"Realme","count":302527,"percentage":0.07219179301489213},{"brand":"Apple","count":59187,"percentage":0.014123749791497687},{"brand":"OnePlus","count":51351,"percentage":0.012253850939280548},{"brand":"Motorola","count":41093,"percentage":0.009805992028351064},{"brand":"Lenovo","count":34335,"percentage":0.008193335514404735},{"brand":"Others","count":301552,"percentage":0.07195912949001826}]},"responseTimestamp":1630501499410}