{"success":true,"code":"SUCCESS","data":{"states":null,"districts":[{"entityName":"west tripura","metric":{"type":"TOTAL","count":70467,"amount":6.841834127939591E7}},{"entityName":"south tripura","metric":{"type":"TOTAL","count":18338,"amount":1.3785118334229639E7}},{"entityName":"sepahijala","metric":{"type":"TOTAL","count":14107,"amount":1.3224752635975957E7}},{"entityName":"gomati","metric":{"type":"TOTAL","count":12229,"amount":1.127725925510255E7}},{"entityName":"north tripura","metric":{"type":"TOTAL","count":9915,"amount":1.0869174626601541E7}},{"entityName":"dhalai","metric":{"type":"TOTAL","count":9195,"amount":8812172.047209244}},{"entityName":"khowai","metric":{"type":"TOTAL","count":8838,"amount":7242490.357963288}},{"entityName":"unakoti","metric":{"type":"TOTAL","count":5068,"amount":4349605.99414449}}],"pincodes":[{"entityName":"799001","metric":{"type":"TOTAL","count":9535,"amount":1.102971322537743E7}},{"entityName":"799046","metric":{"type":"TOTAL","count":8115,"amount":4481185.965617785}},{"entityName":"799003","metric":{"type":"TOTAL","count":7721,"amount":6889318.059385335}},{"entityName":"799155","metric":{"type":"TOTAL","count":7519,"amount":5383748.109126912}},{"entityName":"799002","metric":{"type":"TOTAL","count":6060,"amount":6393590.665619975}},{"entityName":"799004","metric":{"type":"TOTAL","count":4945,"amount":3958909.446629426}},{"entityName":"799006","metric":{"type":"TOTAL","count":4835,"amount":6148718.805493982}},{"entityName":"799007","metric":{"type":"TOTAL","count":4641,"amount":4240873.416960197}},{"entityName":"799045","metric":{"type":"TOTAL","count":4527,"amount":3312163.515499535}},{"entityName":"799102","metric":{"type":"TOTAL","count":4215,"amount":3628475.9295311337}}]},"responseTimestamp":1630501487402}