{"success":true,"code":"SUCCESS","data":{"states":null,"districts":[{"entityName":"west tripura","metric":{"type":"TOTAL","count":108318,"amount":1.2778409863368198E8}},{"entityName":"south tripura","metric":{"type":"TOTAL","count":22366,"amount":1.8977158301921178E7}},{"entityName":"sepahijala","metric":{"type":"TOTAL","count":18815,"amount":2.36136544908289E7}},{"entityName":"gomati","metric":{"type":"TOTAL","count":16000,"amount":1.595561988335196E7}},{"entityName":"dhalai","metric":{"type":"TOTAL","count":14563,"amount":1.5283111134383248E7}},{"entityName":"north tripura","metric":{"type":"TOTAL","count":13859,"amount":1.6015790907680927E7}},{"entityName":"khowai","metric":{"type":"TOTAL","count":11440,"amount":1.233888910193297E7}},{"entityName":"unakoti","metric":{"type":"TOTAL","count":9198,"amount":6923396.262354777}}],"pincodes":[{"entityName":"799001","metric":{"type":"TOTAL","count":16193,"amount":2.263018905025975E7}},{"entityName":"799003","metric":{"type":"TOTAL","count":13267,"amount":1.3893727162020518E7}},{"entityName":"799002","metric":{"type":"TOTAL","count":9434,"amount":1.3824656411057238E7}},{"entityName":"799046","metric":{"type":"TOTAL","count":9406,"amount":4432799.96670127}},{"entityName":"799155","metric":{"type":"TOTAL","count":8945,"amount":5474306.142294022}},{"entityName":"799007","metric":{"type":"TOTAL","count":7847,"amount":8291791.644447763}},{"entityName":"799006","metric":{"type":"TOTAL","count":7759,"amount":1.0227642941695252E7}},{"entityName":"799004","metric":{"type":"TOTAL","count":7715,"amount":7630447.348588114}},{"entityName":"799045","metric":{"type":"TOTAL","count":7218,"amount":6651788.938860076}},{"entityName":"799102","metric":{"type":"TOTAL","count":6211,"amount":6659764.110741316}}]},"responseTimestamp":1630501487880}