{"success":true,"code":"SUCCESS","data":{"states":null,"districts":[{"entityName":"west tripura","metric":{"type":"TOTAL","count":168029,"amount":2.2953096176904222E8}},{"entityName":"south tripura","metric":{"type":"TOTAL","count":49250,"amount":4.561311308085985E7}},{"entityName":"gomati","metric":{"type":"TOTAL","count":34380,"amount":3.6259157953162886E7}},{"entityName":"sepahijala","metric":{"type":"TOTAL","count":33646,"amount":3.977900511547229E7}},{"entityName":"unakoti","metric":{"type":"TOTAL","count":29360,"amount":1.9643274575087894E7}},{"entityName":"north tripura","metric":{"type":"TOTAL","count":25747,"amount":3.0157424752639703E7}},{"entityName":"dhalai","metric":{"type":"TOTAL","count":22350,"amount":3.133169136689817E7}},{"entityName":"khowai","metric":{"type":"TOTAL","count":14941,"amount":2.1548759427429266E7}}],"pincodes":[{"entityName":"799001","metric":{"type":"TOTAL","count":26677,"amount":4.155479606232005E7}},{"entityName":"799155","metric":{"type":"TOTAL","count":22775,"amount":1.3878380349654801E7}},{"entityName":"799003","metric":{"type":"TOTAL","count":20863,"amount":2.6521165492775697E7}},{"entityName":"799004","metric":{"type":"TOTAL","count":15957,"amount":1.5259828623471003E7}},{"entityName":"799002","metric":{"type":"TOTAL","count":13549,"amount":2.172793341999336E7}},{"entityName":"799007","metric":{"type":"TOTAL","count":13085,"amount":1.4738361157598253E7}},{"entityName":"799125","metric":{"type":"TOTAL","count":11029,"amount":5890832.270108508}},{"entityName":"799006","metric":{"type":"TOTAL","count":10737,"amount":1.8576688886306185E7}},{"entityName":"799045","metric":{"type":"TOTAL","count":10730,"amount":1.1264413648288762E7}},{"entityName":"799277","metric":{"type":"TOTAL","count":10474,"amount":6636278.515974367}}]},"responseTimestamp":1630501489250}