{"success":true,"code":"SUCCESS","data":{"states":null,"districts":[{"entityName":"west tripura","metric":{"type":"TOTAL","count":192827,"amount":3.0511289856606925E8}},{"entityName":"sepahijala","metric":{"type":"TOTAL","count":53688,"amount":6.285173005123251E7}},{"entityName":"south tripura","metric":{"type":"TOTAL","count":49820,"amount":6.609595012312652E7}},{"entityName":"gomati","metric":{"type":"TOTAL","count":38970,"amount":4.852397618040443E7}},{"entityName":"north tripura","metric":{"type":"TOTAL","count":34385,"amount":4.40324887756635E7}},{"entityName":"dhalai","metric":{"type":"TOTAL","count":28775,"amount":4.642918535186546E7}},{"entityName":"khowai","metric":{"type":"TOTAL","count":26880,"amount":3.371891953354463E7}},{"entityName":"unakoti","metric":{"type":"TOTAL","count":22714,"amount":1.812045088253949E7}}],"pincodes":[{"entityName":"799001","metric":{"type":"TOTAL","count":30211,"amount":5.3358135459365055E7}},{"entityName":"799003","metric":{"type":"TOTAL","count":24129,"amount":3.3130054552197695E7}},{"entityName":"799004","metric":{"type":"TOTAL","count":16984,"amount":1.5044604790466465E7}},{"entityName":"799155","metric":{"type":"TOTAL","count":16216,"amount":1.6016227927989459E7}},{"entityName":"799002","metric":{"type":"TOTAL","count":15450,"amount":3.1283607328756448E7}},{"entityName":"799115","metric":{"type":"TOTAL","count":15124,"amount":6515322.042602584}},{"entityName":"799007","metric":{"type":"TOTAL","count":13392,"amount":1.934090148889567E7}},{"entityName":"799102","metric":{"type":"TOTAL","count":13186,"amount":2.4013906297928028E7}},{"entityName":"799006","metric":{"type":"TOTAL","count":12843,"amount":2.7058449477130245E7}},{"entityName":"799114","metric":{"type":"TOTAL","count":12739,"amount":1.7731538275294676E7}}]},"responseTimestamp":1630501490081}