{"success":true,"code":"SUCCESS","data":{"aggregated":{"registeredUsers":20136256,"appOpens":374282083},"usersByDevice":[{"brand":"Xiaomi","count":5356063,"percentage":0.2659910064711136},{"brand":"Samsung","count":3822401,"percentage":0.1898267979906493},{"brand":"Vivo","count":3239764,"percentage":0.1608920744750166},{"brand":"Oppo","count":2429781,"percentage":0.12066697006633209},{"brand":"Realme","count":1288049,"percentage":0.06396665795269985},{"brand":"Apple","count":410932,"percentage":0.020407567325326018},{"brand":"Motorola","count":407644,"percentage":0.020244279770777647},{"brand":"Huawei","count":396726,"percentage":0.01970207371221343},{"brand":"Lenovo","count":297610,"percentage":0.014779808123218139},{"brand":"Lava","count":254946,"percentage":0.012661042847289982},{"brand":"Others","count":2232340,"percentage":0.11086172126536334}]},"responseTimestamp":1630501498486}