{"success":true,"code":"SUCCESS","data":{"aggregated":{"registeredUsers":22498519,"appOpens":383703534},"usersByDevice":[{"brand":"Xiaomi","count":5953474,"percentage":0.26461626207485034},{"brand":"Samsung","count":4228987,"percentage":0.1879673502064736},{"brand":"Vivo","count":3723388,"percentage":0.16549480434689945},{"brand":"Oppo","count":2771946,"percentage":0.12320570967360119},{"brand":"Realme","count":1489668,"percentage":0.0662118248761174},{"brand":"Huawei","count":436831,"percentage":0.019415989114661282},{"brand":"Motorola","count":435375,"percentage":0.01935127374384065},{"brand":"Apple","count":435004,"percentage":0.01933478376954501},{"brand":"Lenovo","count":314998,"percentage":0.014000832677030875},{"brand":"Lava","count":264264,"percentage":0.01174583980394443},{"brand":"Others","count":2444584,"percentage":0.10865532971303578}]},"responseTimestamp":1630501498900}