{"success":true,"code":"SUCCESS","data":{"aggregated":{"registeredUsers":24838116,"appOpens":450784508},"usersByDevice":[{"brand":"Xiaomi","count":6521651,"percentage":0.26256625099906933},{"brand":"Samsung","count":4643207,"percentage":0.18693877587172875},{"brand":"Vivo","count":4251520,"percentage":0.17116918207484014},{"brand":"Oppo","count":3101714,"percentage":0.12487718472689313},{"brand":"Realme","count":1710132,"percentage":0.06885111576095385},{"brand":"Huawei","count":472712,"percentage":0.01903171722042042},{"brand":"Apple","count":463651,"percentage":0.01866691499467995},{"brand":"Motorola","count":461063,"percentage":0.01856272029649914},{"brand":"Lenovo","count":332545,"percentage":0.0133884953271013},{"brand":"Lava","count":281022,"percentage":0.011314143149987705},{"brand":"Others","count":2598899,"percentage":0.10463349957782628}]},"responseTimestamp":1630501499340}