{"success":true,"code":"SUCCESS","data":{"aggregated":{"registeredUsers":27249134,"appOpens":552220798},"usersByDevice":[{"brand":"Xiaomi","count":7082855,"percentage":0.25992954491691367},{"brand":"Samsung","count":5086075,"percentage":0.1866508858593451},{"brand":"Vivo","count":4769619,"percentage":0.17503745256638248},{"brand":"Oppo","count":3433564,"percentage":0.12600635308263375},{"brand":"Realme","count":1937082,"percentage":0.07108783714007205},{"brand":"Huawei","count":507500,"percentage":0.018624445092456882},{"brand":"Apple","count":499152,"percentage":0.018318086732591207},{"brand":"Motorola","count":484675,"percentage":0.017786803793471015},{"brand":"Lenovo","count":348680,"percentage":0.012796002984902199},{"brand":"Lava","count":304244,"percentage":0.011165272261496457},{"brand":"Others","count":2795688,"percentage":0.10259731556973517}]},"responseTimestamp":1630501499672}