{"success":true,"code":"SUCCESS","data":{"aggregated":{"registeredUsers":372951831,"appOpens":15724195113},"usersByDevice":[{"brand":"Xiaomi","count":88426997,"percentage":0.2371003160459078},{"brand":"Vivo","count":77224616,"percentage":0.20706324404665546},{"brand":"Samsung","count":65886728,"percentage":0.17666283558211032},{"brand":"Oppo","count":49093857,"percentage":0.13163591895597906},{"brand":"Realme","count":32685615,"percentage":0.08764031245632897},{"brand":"Apple","count":10780434,"percentage":0.028905700693556857},{"brand":"OnePlus","count":7974546,"percentage":0.021382241182776228},{"brand":"Motorola","count":5610140,"percentage":0.015042532396093801},{"brand":"Huawei","count":4882972,"percentage":0.013092768540396307},{"brand":"Tecno","count":4550078,"percentage":0.012200176059733569},{"brand":"Others","count":25835848,"percentage":0.06927395404046159}]},"responseTimestamp":1651127632781}