{"success":true,"code":"SUCCESS","data":{"from":1514745000000,"to":1522175400000,"transactionData":[{"name":"Recharge & bill payments","paymentInstruments":[{"type":"TOTAL","count":4209319,"amount":8.319127675937189E8}]},{"name":"Peer-to-peer payments","paymentInstruments":[{"type":"TOTAL","count":3307245,"amount":1.1748268950760422E10}]},{"name":"Merchant payments","paymentInstruments":[{"type":"TOTAL","count":351474,"amount":2.828990666137372E8}]},{"name":"Financial Services","paymentInstruments":[{"type":"TOTAL","count":262876,"amount":5.701187536233704E7}]},{"name":"Others","paymentInstruments":[{"type":"TOTAL","count":391852,"amount":3.881114582121352E8}]}]},"responseTimestamp":1630501487402}