{"success":true,"code":"SUCCESS","data":{"from":1522521000000,"to":1530124200000,"transactionData":[{"name":"Peer-to-peer payments","paymentInstruments":[{"type":"TOTAL","count":4784079,"amount":2.074852074257553E10}]},{"name":"Recharge & bill payments","paymentInstruments":[{"type":"TOTAL","count":4686542,"amount":1.274130053834579E9}]},{"name":"Merchant payments","paymentInstruments":[{"type":"TOTAL","count":701082,"amount":5.516964873185428E8}]},{"name":"Financial Services","paymentInstruments":[{"type":"TOTAL","count":277805,"amount":8.549821325384143E7}]},{"name":"Others","paymentInstruments":[{"type":"TOTAL","count":315162,"amount":3.57356020669816E8}]}]},"responseTimestamp":1630501487880}