{"success":true,"code":"SUCCESS","data":{"from":1530383400000,"to":1538073000000,"transactionData":[{"name":"Peer-to-peer payments","paymentInstruments":[{"type":"TOTAL","count":11560952,"amount":2.9253505738828743E10}]},{"name":"Recharge & bill payments","paymentInstruments":[{"type":"TOTAL","count":5328881,"amount":1.568136060627837E9}]},{"name":"Merchant payments","paymentInstruments":[{"type":"TOTAL","count":1770075,"amount":8.555341754794186E8}]},{"name":"Financial Services","paymentInstruments":[{"type":"TOTAL","count":307312,"amount":5.255412397376218E7}]},{"name":"Others","paymentInstruments":[{"type":"TOTAL","count":365483,"amount":3.0036311081379545E8}]}]},"responseTimestamp":1630501489250}