{"success":true,"code":"SUCCESS","data":{"from":1538332200000,"to":1545935400000,"transactionData":[{"name":"Peer-to-peer payments","paymentInstruments":[{"type":"TOTAL","count":15571288,"amount":4.454166750174112E10}]},{"name":"Recharge & bill payments","paymentInstruments":[{"type":"TOTAL","count":7121135,"amount":2.16587086316865E9}]},{"name":"Merchant payments","paymentInstruments":[{"type":"TOTAL","count":5315161,"amount":2.3568413049649296E9}]},{"name":"Financial Services","paymentInstruments":[{"type":"TOTAL","count":392423,"amount":6.456923123559249E7}]},{"name":"Others","paymentInstruments":[{"type":"TOTAL","count":521147,"amount":3.8013954693821603E8}]}]},"responseTimestamp":1630501489996}