{"success":true,"code":"SUCCESS","data":{"states":null,"districts":[{"name":"indore","registeredUsers":366977},{"name":"bhopal","registeredUsers":307312},{"name":"gwalior","registeredUsers":142453},{"name":"jabalpur","registeredUsers":115953},{"name":"ujjain","registeredUsers":84441},{"name":"rewa","registeredUsers":73336},{"name":"sagar","registeredUsers":72857},{"name":"chhindwara","registeredUsers":65005},{"name":"dhar","registeredUsers":63440},{"name":"dewas","registeredUsers":62902}],"pincodes":[{"name":"452001","registeredUsers":42977},{"name":"452010","registeredUsers":40850},{"name":"455001","registeredUsers":37899},{"name":"482002","registeredUsers":37645},{"name":"462001","registeredUsers":27351},{"name":"482001","registeredUsers":26665},{"name":"452016","registeredUsers":25256},{"name":"457001","registeredUsers":24909},{"name":"485001","registeredUsers":24806},{"name":"462022","registeredUsers":24661}]},"responseTimestamp":1630501494711}