{"success":true,"code":"SUCCESS","data":{"states":null,"districts":[{"name":"indore","registeredUsers":479904},{"name":"bhopal","registeredUsers":398498},{"name":"gwalior","registeredUsers":193605},{"name":"jabalpur","registeredUsers":155624},{"name":"ujjain","registeredUsers":113216},{"name":"rewa","registeredUsers":100661},{"name":"sagar","registeredUsers":100623},{"name":"chhindwara","registeredUsers":87704},{"name":"dhar","registeredUsers":86280},{"name":"dewas","registeredUsers":84342}],"pincodes":[{"name":"452001","registeredUsers":55837},{"name":"452010","registeredUsers":52677},{"name":"455001","registeredUsers":50091},{"name":"482002","registeredUsers":49877},{"name":"462001","registeredUsers":36311},{"name":"482001","registeredUsers":35303},{"name":"457001","registeredUsers":33608},{"name":"452016","registeredUsers":32883},{"name":"480001","registeredUsers":32800},{"name":"485001","registeredUsers":32316}]},"responseTimestamp":1630501495035}