{"success":true,"code":"SUCCESS","data":{"states":null,"districts":[{"name":"indore","registeredUsers":585621},{"name":"bhopal","registeredUsers":474192},{"name":"gwalior","registeredUsers":236305},{"name":"jabalpur","registeredUsers":193535},{"name":"ujjain","registeredUsers":143770},{"name":"sagar","registeredUsers":128283},{"name":"rewa","registeredUsers":125803},{"name":"dhar","registeredUsers":110726},{"name":"chhindwara","registeredUsers":109266},{"name":"dewas","registeredUsers":105774}],"pincodes":[{"name":"452001","registeredUsers":67243},{"name":"452010","registeredUsers":63537},{"name":"455001","registeredUsers":61117},{"name":"482002","registeredUsers":60999},{"name":"462001","registeredUsers":43609},{"name":"482001","registeredUsers":43593},{"name":"457001","registeredUsers":41975},{"name":"480001","registeredUsers":40061},{"name":"452016","registeredUsers":39967},{"name":"485001","registeredUsers":39351}]},"responseTimestamp":1630501495549}