{"success":true,"code":"SUCCESS","data":{"states":null,"districts":[{"name":"indore","registeredUsers":712479},{"name":"bhopal","registeredUsers":571518},{"name":"gwalior","registeredUsers":284894},{"name":"jabalpur","registeredUsers":248495},{"name":"ujjain","registeredUsers":177894},{"name":"sagar","registeredUsers":162788},{"name":"rewa","registeredUsers":160024},{"name":"chhindwara","registeredUsers":139301},{"name":"dhar","registeredUsers":137501},{"name":"satna","registeredUsers":133865}],"pincodes":[{"name":"452001","registeredUsers":81206},{"name":"482002","registeredUsers":77791},{"name":"452010","registeredUsers":76811},{"name":"455001","registeredUsers":73952},{"name":"462001","registeredUsers":54496},{"name":"482001","registeredUsers":54390},{"name":"457001","registeredUsers":51238},{"name":"480001","registeredUsers":50803},{"name":"485001","registeredUsers":50329},{"name":"452016","registeredUsers":48626}]},"responseTimestamp":1630501496224}