{"success":true,"code":"SUCCESS","data":{"aggregated":{"registeredUsers":305258086,"appOpens":9630620549},"usersByDevice":[{"brand":"Xiaomi","count":75948492,"percentage":0.2488009179222856},{"brand":"Samsung","count":59144667,"percentage":0.193752990379426},{"brand":"Vivo","count":58646521,"percentage":0.1921211056797362},{"brand":"Oppo","count":38402777,"percentage":0.12580429073384153},{"brand":"Realme","count":20619455,"percentage":0.06754761280918206},{"brand":"Apple","count":8143414,"percentage":0.02667714427063531},{"brand":"Motorola","count":5744294,"percentage":0.018817827482545377},{"brand":"OnePlus","count":5365636,"percentage":0.0175773754933391},{"brand":"Huawei","count":5068955,"percentage":0.016605473310869152},{"brand":"Lenovo","count":3768280,"percentage":0.01234457062015386},{"brand":"Others","count":24405595,"percentage":0.0799506912979858}]},"responseTimestamp":1630501483101}