{"success":true,"code":"SUCCESS","data":{"aggregated":{"registeredUsers":351161395,"appOpens":15172529039},"usersByDevice":[{"brand":"Xiaomi","count":84820436,"percentage":0.2415425989522567},{"brand":"Vivo","count":71483071,"percentage":0.20356187216991778},{"brand":"Samsung","count":63618499,"percentage":0.18116598209777587},{"brand":"Oppo","count":45569087,"percentage":0.12976678999694713},{"brand":"Realme","count":28686022,"percentage":0.08168899659371726},{"brand":"Apple","count":9883075,"percentage":0.02814396781855819},{"brand":"OnePlus","count":7178086,"percentage":0.020440988395093944},{"brand":"Motorola","count":5648173,"percentage":0.016084265185243384},{"brand":"Huawei","count":4930699,"percentage":0.014041119183958135},{"brand":"Tecno","count":3799428,"percentage":0.01081960618136854},{"brand":"Others","count":25544819,"percentage":0.07274381342516309}]},"responseTimestamp":1643295732962}