{"success":true,"code":"SUCCESS","data":{"aggregated":{"registeredUsers":2136624,"appOpens":0},"usersByDevice":[{"brand":"Xiaomi","count":548894,"percentage":0.2568977976471293},{"brand":"Samsung","count":438229,"percentage":0.2051034716449876},{"brand":"Vivo","count":202577,"percentage":0.09481172166932507},{"brand":"Oppo","count":195876,"percentage":0.09167546559432076},{"brand":"Apple","count":141765,"percentage":0.06634999887673264},{"brand":"Huawei","count":121756,"percentage":0.05698522528999019},{"brand":"Realme","count":98968,"percentage":0.0463198017058687},{"brand":"OnePlus","count":72822,"percentage":0.03408273987374475},{"brand":"Motorola","count":63627,"percentage":0.029779221800372926},{"brand":"Lenovo","count":58335,"percentage":0.027302417271358927},{"brand":"Others","count":193775,"percentage":0.09069213862616914}]},"responseTimestamp":1630501496534}