{"success":true,"code":"SUCCESS","data":{"aggregated":{"registeredUsers":2550167,"appOpens":8673220},"usersByDevice":[{"brand":"Xiaomi","count":646056,"percentage":0.2533387029163188},{"brand":"Samsung","count":526625,"percentage":0.2065060837192231},{"brand":"Vivo","count":249735,"percentage":0.09792888073604591},{"brand":"Oppo","count":241558,"percentage":0.09472242406085563},{"brand":"Apple","count":164485,"percentage":0.0644996974707931},{"brand":"Huawei","count":150573,"percentage":0.05904436846684943},{"brand":"Realme","count":116766,"percentage":0.04578758959707345},{"brand":"OnePlus","count":79737,"percentage":0.03126736405890281},{"brand":"Motorola","count":74622,"percentage":0.029261613062987638},{"brand":"Lenovo","count":70249,"percentage":0.02754682340411432},{"brand":"Others","count":229761,"percentage":0.09009645250683583}]},"responseTimestamp":1630501497121}