{"success":true,"code":"SUCCESS","data":{"aggregated":{"registeredUsers":2990963,"appOpens":31471694},"usersByDevice":[{"brand":"Xiaomi","count":747507,"percentage":0.2499218479131972},{"brand":"Samsung","count":622999,"percentage":0.208293783640921},{"brand":"Vivo","count":304898,"percentage":0.10193974315295776},{"brand":"Oppo","count":292609,"percentage":0.09783103301511921},{"brand":"Apple","count":189074,"percentage":0.06321509159424574},{"brand":"Huawei","count":183186,"percentage":0.06124649485801061},{"brand":"Realme","count":138602,"percentage":0.04634025897344768},{"brand":"OnePlus","count":87906,"percentage":0.02939053408551025},{"brand":"Motorola","count":82456,"percentage":0.027568378478770885},{"brand":"Lenovo","count":75786,"percentage":0.02533832748850454},{"brand":"Others","count":265940,"percentage":0.08891450679931513}]},"responseTimestamp":1630501497603}