{"success":true,"code":"SUCCESS","data":{"aggregated":{"registeredUsers":3503938,"appOpens":40046033},"usersByDevice":[{"brand":"Xiaomi","count":865305,"percentage":0.24695214355961778},{"brand":"Samsung","count":732411,"percentage":0.20902510261311702},{"brand":"Vivo","count":370217,"percentage":0.10565740603857716},{"brand":"Oppo","count":354067,"percentage":0.10104830622003015},{"brand":"Huawei","count":219873,"percentage":0.06275025414262467},{"brand":"Apple","count":216607,"percentage":0.06181816002452098},{"brand":"Realme","count":169629,"percentage":0.048410959326335115},{"brand":"OnePlus","count":96332,"percentage":0.027492495586394508},{"brand":"Motorola","count":92194,"percentage":0.026311538617407045},{"brand":"Lenovo","count":84283,"percentage":0.024053793189263054},{"brand":"Others","count":303020,"percentage":0.08647984068211252}]},"responseTimestamp":1630501497951}