{"success":true,"code":"SUCCESS","data":{"aggregated":{"registeredUsers":29649,"appOpens":0},"usersByDevice":[{"brand":"Xiaomi","count":8452,"percentage":0.28506863637896723},{"brand":"Vivo","count":5967,"percentage":0.2012546797531114},{"brand":"Samsung","count":5464,"percentage":0.1842895207258255},{"brand":"Oppo","count":4167,"percentage":0.14054436911868864},{"brand":"Realme","count":1345,"percentage":0.045364093224054776},{"brand":"Apple","count":703,"percentage":0.023710749097777328},{"brand":"OnePlus","count":669,"percentage":0.022563998785793786},{"brand":"Motorola","count":564,"percentage":0.019022563998785793},{"brand":"Lenovo","count":380,"percentage":0.01281662113393369},{"brand":"Huawei","count":375,"percentage":0.012647981382171405},{"brand":"Others","count":1563,"percentage":0.05271678640089042}]},"responseTimestamp":1630501496536}