{"success":true,"code":"SUCCESS","data":{"aggregated":{"registeredUsers":35516,"appOpens":157317},"usersByDevice":[{"brand":"Xiaomi","count":10276,"percentage":0.28933438450275933},{"brand":"Vivo","count":7098,"percentage":0.19985358711566617},{"brand":"Samsung","count":6545,"percentage":0.18428313999324247},{"brand":"Oppo","count":5008,"percentage":0.14100687014303412},{"brand":"Realme","count":1573,"percentage":0.04428989751098097},{"brand":"Apple","count":862,"percentage":0.02427075121072193},{"brand":"OnePlus","count":777,"percentage":0.021877463678342157},{"brand":"Motorola","count":658,"percentage":0.018526861133010473},{"brand":"Lenovo","count":465,"percentage":0.013092690618312874},{"brand":"Huawei","count":458,"percentage":0.012895596350940421},{"brand":"Others","count":1796,"percentage":0.05056875774298907}]},"responseTimestamp":1630501497121}