{"success":true,"code":"SUCCESS","data":{"aggregated":{"registeredUsers":39173,"appOpens":503126},"usersByDevice":[{"brand":"Xiaomi","count":11485,"percentage":0.29318663365072883},{"brand":"Vivo","count":7940,"percentage":0.20269062874939373},{"brand":"Samsung","count":7048,"percentage":0.1799198427488321},{"brand":"Oppo","count":5503,"percentage":0.1404794118397876},{"brand":"Realme","count":1760,"percentage":0.044928905113215734},{"brand":"Apple","count":953,"percentage":0.024327981007326475},{"brand":"OnePlus","count":884,"percentage":0.022566563704592448},{"brand":"Motorola","count":683,"percentage":0.017435478518367242},{"brand":"Huawei","count":560,"percentage":0.01429556071784137},{"brand":"Lenovo","count":442,"percentage":0.011283281852296224},{"brand":"Others","count":1915,"percentage":0.04888571209761826}]},"responseTimestamp":1630501497603}