{"success":true,"code":"SUCCESS","data":{"aggregated":{"registeredUsers":43108,"appOpens":470440},"usersByDevice":[{"brand":"Xiaomi","count":12590,"percentage":0.29205715876403454},{"brand":"Vivo","count":8910,"percentage":0.20669017351767655},{"brand":"Samsung","count":7684,"percentage":0.17824997680244967},{"brand":"Oppo","count":6141,"percentage":0.1424561566298599},{"brand":"Realme","count":2003,"percentage":0.04646469332838452},{"brand":"Apple","count":1058,"percentage":0.02454300825832792},{"brand":"OnePlus","count":954,"percentage":0.02213046302310476},{"brand":"Motorola","count":752,"percentage":0.017444557854690543},{"brand":"Huawei","count":607,"percentage":0.01408091305558133},{"brand":"Lenovo","count":433,"percentage":0.010044539296650274},{"brand":"Others","count":1976,"percentage":0.045838359469240045}]},"responseTimestamp":1630501497953}