{"success":true,"code":"SUCCESS","data":{"from":1546281000000,"to":1553711400000,"transactionData":[{"name":"Peer-to-peer payments","paymentInstruments":[{"type":"TOTAL","count":27374206,"amount":4.4170923881744286E10}]},{"name":"Recharge & bill payments","paymentInstruments":[{"type":"TOTAL","count":11659948,"amount":3.0211077119021683E9}]},{"name":"Merchant payments","paymentInstruments":[{"type":"TOTAL","count":7636726,"amount":2.645438308338478E9}]},{"name":"Financial Services","paymentInstruments":[{"type":"TOTAL","count":525650,"amount":4.798644846936697E7}]},{"name":"Others","paymentInstruments":[{"type":"TOTAL","count":429858,"amount":2.7921627342549E8}]}]},"responseTimestamp":1630501490407}