{"success":true,"code":"SUCCESS","data":{"from":1554057000000,"to":1561660200000,"transactionData":[{"name":"Peer-to-peer payments","paymentInstruments":[{"type":"TOTAL","count":20285958,"amount":4.839497439837831E10}]},{"name":"Merchant payments","paymentInstruments":[{"type":"TOTAL","count":13646142,"amount":4.657258459145545E9}]},{"name":"Recharge & bill payments","paymentInstruments":[{"type":"TOTAL","count":12129638,"amount":3.6761232793800926E9}]},{"name":"Financial Services","paymentInstruments":[{"type":"TOTAL","count":421037,"amount":4.564604698846317E7}]},{"name":"Others","paymentInstruments":[{"type":"TOTAL","count":540760,"amount":3.3168893522631323E8}]}]},"responseTimestamp":1630501490816}