{"success":true,"code":"SUCCESS","data":{"from":1561919400000,"to":1569609000000,"transactionData":[{"name":"Merchant payments","paymentInstruments":[{"type":"TOTAL","count":30804036,"amount":8.2731871670788555E9}]},{"name":"Peer-to-peer payments","paymentInstruments":[{"type":"TOTAL","count":21522913,"amount":5.705840534148096E10}]},{"name":"Recharge & bill payments","paymentInstruments":[{"type":"TOTAL","count":13011501,"amount":4.832486821888576E9}]},{"name":"Financial Services","paymentInstruments":[{"type":"TOTAL","count":558653,"amount":5.705441483597401E7}]},{"name":"Others","paymentInstruments":[{"type":"TOTAL","count":547726,"amount":3.193988715461071E8}]}]},"responseTimestamp":1630501491137}