{"success":true,"code":"SUCCESS","data":{"from":1569868200000,"to":1577471400000,"transactionData":[{"name":"Peer-to-peer payments","paymentInstruments":[{"type":"TOTAL","count":67037576,"amount":7.65933333978665E10}]},{"name":"Recharge & bill payments","paymentInstruments":[{"type":"TOTAL","count":14511711,"amount":4.859794689902503E9}]},{"name":"Merchant payments","paymentInstruments":[{"type":"TOTAL","count":14187744,"amount":6.477138700812115E9}]},{"name":"Financial Services","paymentInstruments":[{"type":"TOTAL","count":653648,"amount":7.704724372974005E7}]},{"name":"Others","paymentInstruments":[{"type":"TOTAL","count":415159,"amount":1.9629622233587587E8}]}]},"responseTimestamp":1630501491517}