{"success":true,"code":"SUCCESS","data":{"aggregated":{"registeredUsers":86268,"appOpens":0},"usersByDevice":[{"brand":"Xiaomi","count":20555,"percentage":0.23826911485139332},{"brand":"Samsung","count":17266,"percentage":0.20014373811842165},{"brand":"Vivo","count":9360,"percentage":0.10849909584086799},{"brand":"Oppo","count":7948,"percentage":0.09213149719478833},{"brand":"Apple","count":7552,"percentage":0.08754115083229007},{"brand":"OnePlus","count":3638,"percentage":0.04217090925951685},{"brand":"Motorola","count":3105,"percentage":0.03599248852413409},{"brand":"Realme","count":2995,"percentage":0.03471739231232902},{"brand":"Lenovo","count":1965,"percentage":0.022777855056336067},{"brand":"Micromax","count":1558,"percentage":0.0180599990726573},{"brand":"Others","count":10326,"percentage":0.11969675893726527}]},"responseTimestamp":1630501494618}