{"success":true,"code":"SUCCESS","data":{"aggregated":{"registeredUsers":115219,"appOpens":0},"usersByDevice":[{"brand":"Xiaomi","count":27862,"percentage":0.2418177557520895},{"brand":"Samsung","count":23093,"percentage":0.20042701290585754},{"brand":"Vivo","count":13375,"percentage":0.11608328487489043},{"brand":"Oppo","count":11129,"percentage":0.09658997214001162},{"brand":"Apple","count":9962,"percentage":0.08646143431204922},{"brand":"OnePlus","count":4466,"percentage":0.038760968243084906},{"brand":"Motorola","count":3914,"percentage":0.033970091738341764},{"brand":"Realme","count":3861,"percentage":0.033510098160893606},{"brand":"Lenovo","count":2511,"percentage":0.021793280622119614},{"brand":"Micromax","count":2049,"percentage":0.017783525286628073},{"brand":"Others","count":12997,"percentage":0.11280257596403372}]},"responseTimestamp":1630501494943}