{"success":true,"code":"SUCCESS","data":{"aggregated":{"registeredUsers":143893,"appOpens":0},"usersByDevice":[{"brand":"Xiaomi","count":34852,"percentage":0.2422077515931977},{"brand":"Samsung","count":28614,"percentage":0.19885609445907723},{"brand":"Vivo","count":17910,"percentage":0.12446748625714942},{"brand":"Oppo","count":14437,"percentage":0.10033149632018236},{"brand":"Apple","count":12403,"percentage":0.08619599285580258},{"brand":"OnePlus","count":5178,"percentage":0.03598507224117921},{"brand":"Realme","count":4664,"percentage":0.032412973528941645},{"brand":"Motorola","count":4590,"percentage":0.03189870250811367},{"brand":"Lenovo","count":2926,"percentage":0.020334554147873767},{"brand":"Micromax","count":2395,"percentage":0.01664431209301356},{"brand":"Others","count":15924,"percentage":0.11066556399546885}]},"responseTimestamp":1630501495452}