{"success":true,"code":"SUCCESS","data":{"aggregated":{"registeredUsers":177747,"appOpens":0},"usersByDevice":[{"brand":"Xiaomi","count":43505,"percentage":0.24475799872852988},{"brand":"Samsung","count":35417,"percentage":0.19925512104283055},{"brand":"Vivo","count":23567,"percentage":0.1325873291813645},{"brand":"Oppo","count":18698,"percentage":0.1051944617911976},{"brand":"Apple","count":15191,"percentage":0.08546417098460171},{"brand":"OnePlus","count":6197,"percentage":0.03486416085784851},{"brand":"Realme","count":5731,"percentage":0.03224245697536386},{"brand":"Motorola","count":5354,"percentage":0.030121464778589794},{"brand":"Lenovo","count":3148,"percentage":0.017710566141763293},{"brand":"Huawei","count":2838,"percentage":0.015966514202771356},{"brand":"Others","count":18101,"percentage":0.10183575531513893}]},"responseTimestamp":1630501495873}