{"success":true,"code":"SUCCESS","data":{"aggregated":{"registeredUsers":735408,"appOpens":4476894},"usersByDevice":[{"brand":"Xiaomi","count":262773,"percentage":0.357315938907382},{"brand":"Samsung","count":157318,"percentage":0.21391934817135522},{"brand":"Vivo","count":99861,"percentage":0.1357899288558188},{"brand":"Oppo","count":71729,"percentage":0.09753633357265627},{"brand":"Realme","count":30778,"percentage":0.04185159802449796},{"brand":"Apple","count":22380,"percentage":0.030432086678415248},{"brand":"OnePlus","count":11146,"percentage":0.015156212605791615},{"brand":"Motorola","count":10674,"percentage":0.014514392010965342},{"brand":"Huawei","count":8727,"percentage":0.011866882057306963},{"brand":"Lenovo","count":7362,"percentage":0.010010769532014881},{"brand":"Others","count":52660,"percentage":0.07160650958379566}]},"responseTimestamp":1630501498304}