{"success":true,"code":"SUCCESS","data":{"aggregated":{"registeredUsers":845294,"appOpens":9856653},"usersByDevice":[{"brand":"Xiaomi","count":302140,"percentage":0.35743776721472054},{"brand":"Samsung","count":179346,"percentage":0.21216996689909073},{"brand":"Vivo","count":119239,"percentage":0.14106216298707905},{"brand":"Oppo","count":84526,"percentage":0.09999597773082501},{"brand":"Realme","count":36913,"percentage":0.04366883001653862},{"brand":"Apple","count":24262,"percentage":0.028702439624556663},{"brand":"OnePlus","count":11743,"percentage":0.013892207918191776},{"brand":"Motorola","count":11504,"percentage":0.013609466055597224},{"brand":"Huawei","count":9753,"percentage":0.01153799743047981},{"brand":"Lenovo","count":7829,"percentage":0.009261866285576379},{"brand":"Others","count":58039,"percentage":0.06866131783734417}]},"responseTimestamp":1630501498669}