{"success":true,"code":"SUCCESS","data":{"aggregated":{"registeredUsers":949819,"appOpens":11443454},"usersByDevice":[{"brand":"Xiaomi","count":337986,"percentage":0.3558425342091493},{"brand":"Samsung","count":202520,"percentage":0.21321957130779653},{"brand":"Vivo","count":138487,"percentage":0.14580356889049387},{"brand":"Oppo","count":95838,"percentage":0.10090132962174898},{"brand":"Realme","count":44231,"percentage":0.04656781976355495},{"brand":"Apple","count":26378,"percentage":0.027771607011441126},{"brand":"OnePlus","count":12578,"percentage":0.013242523049128308},{"brand":"Motorola","count":12094,"percentage":0.012732952278276177},{"brand":"Huawei","count":10606,"percentage":0.011166338007557229},{"brand":"Lenovo","count":8223,"percentage":0.008657438943630313},{"brand":"Others","count":60878,"percentage":0.06409431691722317}]},"responseTimestamp":1630501499118}