{"success":true,"code":"SUCCESS","data":{"aggregated":{"registeredUsers":1079022,"appOpens":16018751},"usersByDevice":[{"brand":"Xiaomi","count":383539,"percentage":0.3554505839547294},{"brand":"Samsung","count":231979,"percentage":0.21499005580979813},{"brand":"Vivo","count":158472,"percentage":0.14686632895344118},{"brand":"Oppo","count":109614,"percentage":0.10158643660648253},{"brand":"Realme","count":53415,"percentage":0.04950316119597191},{"brand":"Apple","count":29701,"percentage":0.027525852114229366},{"brand":"OnePlus","count":13667,"percentage":0.012666099486386747},{"brand":"Motorola","count":12734,"percentage":0.011801427589057499},{"brand":"Huawei","count":11566,"percentage":0.010718965878360218},{"brand":"Lenovo","count":8696,"percentage":0.00805914985978043},{"brand":"Others","count":65639,"percentage":0.06083193855176262}]},"responseTimestamp":1630501499457}