{"success":true,"code":"SUCCESS","data":{"aggregated":{"registeredUsers":209175,"appOpens":0},"usersByDevice":[{"brand":"Xiaomi","count":51075,"percentage":0.24417353890283255},{"brand":"Samsung","count":41609,"percentage":0.1989195649575714},{"brand":"Vivo","count":29056,"percentage":0.1389076132425003},{"brand":"Oppo","count":23095,"percentage":0.11040994382693917},{"brand":"Apple","count":17580,"percentage":0.08404446038006454},{"brand":"OnePlus","count":6880,"percentage":0.03289111987570216},{"brand":"Realme","count":6690,"percentage":0.031982789530297595},{"brand":"Motorola","count":6007,"percentage":0.028717580972869607},{"brand":"Lenovo","count":3406,"percentage":0.01628301661288395},{"brand":"Huawei","count":3364,"percentage":0.016082227799689257},{"brand":"Others","count":20413,"percentage":0.09758814389864946}]},"responseTimestamp":1630501496437}