{"success":true,"code":"SUCCESS","data":{"aggregated":{"registeredUsers":240439,"appOpens":1220176},"usersByDevice":[{"brand":"Xiaomi","count":58356,"percentage":0.24270605018320654},{"brand":"Samsung","count":48067,"percentage":0.19991349157166682},{"brand":"Vivo","count":34791,"percentage":0.14469782356439678},{"brand":"Oppo","count":27444,"percentage":0.11414121669113579},{"brand":"Apple","count":20041,"percentage":0.08335170251082395},{"brand":"OnePlus","count":7595,"percentage":0.03158805351877191},{"brand":"Realme","count":7590,"percentage":0.03156725822349952},{"brand":"Motorola","count":6475,"percentage":0.026929907377754858},{"brand":"Huawei","count":3816,"percentage":0.01587096935189383},{"brand":"Lenovo","count":3595,"percentage":0.014951817300853855},{"brand":"Others","count":22669,"percentage":0.09428170970599611}]},"responseTimestamp":1630501496808}