{"success":true,"code":"SUCCESS","data":{"aggregated":{"registeredUsers":267337,"appOpens":4625196},"usersByDevice":[{"brand":"Xiaomi","count":64422,"percentage":0.2409767447079903},{"brand":"Samsung","count":53606,"percentage":0.20051844675447095},{"brand":"Vivo","count":39957,"percentage":0.14946303729001223},{"brand":"Oppo","count":31459,"percentage":0.1176754433542682},{"brand":"Apple","count":22081,"percentage":0.08259612399331182},{"brand":"Realme","count":8500,"percentage":0.031795075129892235},{"brand":"OnePlus","count":8271,"percentage":0.030938478399922194},{"brand":"Motorola","count":6770,"percentage":0.025323842191690638},{"brand":"Huawei","count":4256,"percentage":0.015919981147390745},{"brand":"Lenovo","count":3716,"percentage":0.013900058727374064},{"brand":"Others","count":24299,"percentage":0.09089276830367664}]},"responseTimestamp":1630501497386}