{"success":true,"code":"SUCCESS","data":{"aggregated":{"registeredUsers":289590,"appOpens":4960441},"usersByDevice":[{"brand":"Xiaomi","count":69435,"percentage":0.2397700196830001},{"brand":"Samsung","count":57981,"percentage":0.2002175489485134},{"brand":"Vivo","count":44605,"percentage":0.1540281087054111},{"brand":"Oppo","count":34871,"percentage":0.12041506958113195},{"brand":"Apple","count":23651,"percentage":0.08167063779826651},{"brand":"Realme","count":9610,"percentage":0.03318484754307815},{"brand":"OnePlus","count":8750,"percentage":0.03021513173797438},{"brand":"Motorola","count":6953,"percentage":0.024009806968472668},{"brand":"Huawei","count":4559,"percentage":0.015742946924962878},{"brand":"Lenovo","count":3777,"percentage":0.013042577437066197},{"brand":"Others","count":25398,"percentage":0.08770330467212266}]},"responseTimestamp":1630501497907}