{"success":true,"code":"SUCCESS","data":{"aggregated":{"registeredUsers":6652536,"appOpens":0},"usersByDevice":[{"brand":"Xiaomi","count":1611706,"percentage":0.24226941425044524},{"brand":"Samsung","count":1419211,"percentage":0.21333383239113626},{"brand":"Vivo","count":1271697,"percentage":0.19115973216830393},{"brand":"Oppo","count":837507,"percentage":0.1258928925751022},{"brand":"Apple","count":266733,"percentage":0.040094935224702276},{"brand":"Realme","count":248960,"percentage":0.03742332247431656},{"brand":"OnePlus","count":164369,"percentage":0.024707720484338603},{"brand":"Lenovo","count":143180,"percentage":0.02152261934396146},{"brand":"Motorola","count":124721,"percentage":0.018747888023454513},{"brand":"Huawei","count":81525,"percentage":0.012254725115354505},{"brand":"Others","count":482927,"percentage":0.07259291794888445}]},"responseTimestamp":1630501496479}