{"success":true,"code":"SUCCESS","data":{"aggregated":{"registeredUsers":8429299,"appOpens":129441484},"usersByDevice":[{"brand":"Xiaomi","count":2007322,"percentage":0.23813629104863882},{"brand":"Samsung","count":1784247,"percentage":0.21167205007201667},{"brand":"Vivo","count":1706171,"percentage":0.2024095953886557},{"brand":"Oppo","count":1111618,"percentage":0.13187549759475847},{"brand":"Apple","count":330663,"percentage":0.039227817164867444},{"brand":"Realme","count":318122,"percentage":0.03774003033941494},{"brand":"OnePlus","count":194687,"percentage":0.02309646389337951},{"brand":"Lenovo","count":161748,"percentage":0.019188784263080478},{"brand":"Motorola","count":141326,"percentage":0.016766044246383952},{"brand":"Huawei","count":102241,"percentage":0.012129241114830545},{"brand":"Others","count":571154,"percentage":0.0677581848739735}]},"responseTimestamp":1630501497554}