{"success":true,"code":"SUCCESS","data":{"hoverDataList":[{"name":"tinsukia district","metric":[{"type":"TOTAL","count":41237,"amount":4.5886201028968215E7}]},{"name":"lakhimpur district","metric":[{"type":"TOTAL","count":24946,"amount":1.7798094851239465E7}]},{"name":"kamrup district","metric":[{"type":"TOTAL","count":47859,"amount":4.1868129255927615E7}]},{"name":"kokrajhar district","metric":[{"type":"TOTAL","count":16397,"amount":1.7935304652874034E7}]},{"name":"karbi anglong district","metric":[{"type":"TOTAL","count":15032,"amount":1.48751591867853E7}]},{"name":"sivasagar district","metric":[{"type":"TOTAL","count":16898,"amount":1.761186381889959E7}]},{"name":"dibrugarh district","metric":[{"type":"TOTAL","count":44792,"amount":5.325876586975427E7}]},{"name":"south salmara mancachar district","metric":[{"type":"TOTAL","count":8415,"amount":9404471.999163514}]},{"name":"nagaon district","metric":[{"type":"TOTAL","count":66695,"amount":5.6352631291476294E7}]},{"name":"dhubri district","metric":[{"type":"TOTAL","count":26072,"amount":2.443127776189988E7}]},{"name":"golaghat district","metric":[{"type":"TOTAL","count":22089,"amount":1.9058581948010616E7}]},{"name":"udalguri district","metric":[{"type":"TOTAL","count":18168,"amount":1.446575675866175E7}]},{"name":"majuli district","metric":[{"type":"TOTAL","count":2598,"amount":1326721.023225203}]},{"name":"sonitpur district","metric":[{"type":"TOTAL","count":51976,"amount":7.300556624909952E7}]},{"name":"hojai district","metric":[{"type":"TOTAL","count":16917,"amount":1.584961099109809E7}]},{"name":"marigaon district","metric":[{"type":"TOTAL","count":79832,"amount":1.0506729449868405E8}]},{"name":"chirang district","metric":[{"type":"TOTAL","count":8445,"amount":1.1665546586547565E7}]},{"name":"cachar district","metric":[{"type":"TOTAL","count":56481,"amount":5.725029053047233E7}]},{"name":"nalbari district","metric":[{"type":"TOTAL","count":16878,"amount":1.2393870992541898E7}]},{"name":"west karbi anglong district","metric":[{"type":"TOTAL","count":1445,"amount":570966.7219731117}]},{"name":"dhemaji district","metric":[{"type":"TOTAL","count":16037,"amount":1.700498697044885E7}]},{"name":"karimganj district","metric":[{"type":"TOTAL","count":17261,"amount":1.784235351962607E7}]},{"name":"bongaigaon district","metric":[{"type":"TOTAL","count":18899,"amount":2.1510944891263362E7}]},{"name":"dima hasao district","metric":[{"type":"TOTAL","count":4233,"amount":4781136.056644153}]},{"name":"baksa district","metric":[{"type":"TOTAL","count":20964,"amount":2.245784986668141E7}]},{"name":"charaideo district","metric":[{"type":"TOTAL","count":13094,"amount":1.0873516975702649E7}]},{"name":"darrang district","metric":[{"type":"TOTAL","count":28031,"amount":2.1593879067580055E7}]},{"name":"kamrup metropolitan district","metric":[{"type":"TOTAL","count":194617,"amount":2.8476621898487484E8}]},{"name":"hailakandi district","metric":[{"type":"TOTAL","count":15865,"amount":1.1065155715426873E7}]},{"name":"barpeta district","metric":[{"type":"TOTAL","count":67801,"amount":5.635230237753609E7}]},{"name":"goalpara district","metric":[{"type":"TOTAL","count":27132,"amount":2.533184051625772E7}]},{"name":"biswanath district","metric":[{"type":"TOTAL","count":16453,"amount":1.2983623197160937E7}]},{"name":"jorhat district","metric":[{"type":"TOTAL","count":33322,"amount":4.116454205596451E7}]}]},"responseTimestamp":1630502910687}