{"success":true,"code":"SUCCESS","data":{"hoverDataList":[{"name":"tinsukia district","metric":[{"type":"TOTAL","count":66715,"amount":1.0292146563822293E8}]},{"name":"lakhimpur district","metric":[{"type":"TOTAL","count":39374,"amount":4.3214923214693636E7}]},{"name":"kamrup district","metric":[{"type":"TOTAL","count":74537,"amount":8.333816366068907E7}]},{"name":"kokrajhar district","metric":[{"type":"TOTAL","count":25926,"amount":3.9803961022866696E7}]},{"name":"karbi anglong district","metric":[{"type":"TOTAL","count":21038,"amount":3.271571362045552E7}]},{"name":"sivasagar district","metric":[{"type":"TOTAL","count":32513,"amount":3.804538375274092E7}]},{"name":"dibrugarh district","metric":[{"type":"TOTAL","count":70642,"amount":1.1095495168517756E8}]},{"name":"south salmara mancachar district","metric":[{"type":"TOTAL","count":11905,"amount":1.7203000741125718E7}]},{"name":"nagaon district","metric":[{"type":"TOTAL","count":105834,"amount":1.2981864491478491E8}]},{"name":"dhubri district","metric":[{"type":"TOTAL","count":45661,"amount":4.7762317267708406E7}]},{"name":"golaghat district","metric":[{"type":"TOTAL","count":36437,"amount":4.325023258380605E7}]},{"name":"udalguri district","metric":[{"type":"TOTAL","count":27215,"amount":3.0375056040722743E7}]},{"name":"majuli district","metric":[{"type":"TOTAL","count":5058,"amount":3699473.567640461}]},{"name":"sonitpur district","metric":[{"type":"TOTAL","count":82799,"amount":1.5123071530607644E8}]},{"name":"hojai district","metric":[{"type":"TOTAL","count":27627,"amount":3.755528620435598E7}]},{"name":"marigaon district","metric":[{"type":"TOTAL","count":109223,"amount":2.040572842187584E8}]},{"name":"chirang district","metric":[{"type":"TOTAL","count":11893,"amount":2.0005276774361502E7}]},{"name":"cachar district","metric":[{"type":"TOTAL","count":83921,"amount":1.0514762261224496E8}]},{"name":"nalbari district","metric":[{"type":"TOTAL","count":28274,"amount":3.1476842338154256E7}]},{"name":"west karbi anglong district","metric":[{"type":"TOTAL","count":3059,"amount":2307157.4720137673}]},{"name":"dhemaji district","metric":[{"type":"TOTAL","count":28048,"amount":4.013619864929268E7}]},{"name":"karimganj district","metric":[{"type":"TOTAL","count":29742,"amount":3.1418376057903484E7}]},{"name":"bongaigaon district","metric":[{"type":"TOTAL","count":30556,"amount":4.112405719038026E7}]},{"name":"dima hasao district","metric":[{"type":"TOTAL","count":7909,"amount":1.5427592177508093E7}]},{"name":"baksa district","metric":[{"type":"TOTAL","count":34924,"amount":4.706255149763677E7}]},{"name":"charaideo district","metric":[{"type":"TOTAL","count":22888,"amount":2.2097271472520743E7}]},{"name":"darrang district","metric":[{"type":"TOTAL","count":39773,"amount":4.43606317271892E7}]},{"name":"kamrup metropolitan district","metric":[{"type":"TOTAL","count":320417,"amount":5.486193642308466E8}]},{"name":"hailakandi district","metric":[{"type":"TOTAL","count":20932,"amount":2.1484955789951526E7}]},{"name":"barpeta district","metric":[{"type":"TOTAL","count":102217,"amount":1.1754110874699074E8}]},{"name":"goalpara district","metric":[{"type":"TOTAL","count":38784,"amount":4.865432365172512E7}]},{"name":"biswanath district","metric":[{"type":"TOTAL","count":24691,"amount":2.7140715978855878E7}]},{"name":"jorhat district","metric":[{"type":"TOTAL","count":53341,"amount":7.063451573039348E7}]}]},"responseTimestamp":1630502910931}