{"success":true,"code":"SUCCESS","data":{"hoverDataList":[{"name":"tinsukia district","metric":[{"type":"TOTAL","count":90928,"amount":1.5512175576365337E8}]},{"name":"lakhimpur district","metric":[{"type":"TOTAL","count":51496,"amount":6.269559763194518E7}]},{"name":"kamrup district","metric":[{"type":"TOTAL","count":112726,"amount":1.4892958980060056E8}]},{"name":"kokrajhar district","metric":[{"type":"TOTAL","count":40412,"amount":7.307706497429448E7}]},{"name":"karbi anglong district","metric":[{"type":"TOTAL","count":34200,"amount":5.7257408755169146E7}]},{"name":"sivasagar district","metric":[{"type":"TOTAL","count":42699,"amount":5.9919419351953864E7}]},{"name":"dibrugarh district","metric":[{"type":"TOTAL","count":98822,"amount":1.730488415837646E8}]},{"name":"south salmara mancachar district","metric":[{"type":"TOTAL","count":19386,"amount":2.615942201650779E7}]},{"name":"nagaon district","metric":[{"type":"TOTAL","count":142195,"amount":2.085849679650631E8}]},{"name":"dhubri district","metric":[{"type":"TOTAL","count":67607,"amount":1.035486157832775E8}]},{"name":"golaghat district","metric":[{"type":"TOTAL","count":54792,"amount":7.210552730150673E7}]},{"name":"udalguri district","metric":[{"type":"TOTAL","count":37084,"amount":4.995116654462874E7}]},{"name":"majuli district","metric":[{"type":"TOTAL","count":10921,"amount":8055597.913024999}]},{"name":"sonitpur district","metric":[{"type":"TOTAL","count":116196,"amount":2.5213580071617544E8}]},{"name":"hojai district","metric":[{"type":"TOTAL","count":38583,"amount":6.181722894964518E7}]},{"name":"marigaon district","metric":[{"type":"TOTAL","count":102867,"amount":1.8913204091743046E8}]},{"name":"chirang district","metric":[{"type":"TOTAL","count":18743,"amount":3.3723485937145546E7}]},{"name":"cachar district","metric":[{"type":"TOTAL","count":123735,"amount":1.8961237833199263E8}]},{"name":"nalbari district","metric":[{"type":"TOTAL","count":41038,"amount":5.397219202012733E7}]},{"name":"west karbi anglong district","metric":[{"type":"TOTAL","count":4995,"amount":4925639.964915074}]},{"name":"dhemaji district","metric":[{"type":"TOTAL","count":40083,"amount":6.664731637566679E7}]},{"name":"karimganj district","metric":[{"type":"TOTAL","count":44660,"amount":6.156253883501206E7}]},{"name":"bongaigaon district","metric":[{"type":"TOTAL","count":50508,"amount":8.243770124197799E7}]},{"name":"dima hasao district","metric":[{"type":"TOTAL","count":12952,"amount":2.1820660620861933E7}]},{"name":"baksa district","metric":[{"type":"TOTAL","count":50043,"amount":7.808086090020068E7}]},{"name":"charaideo district","metric":[{"type":"TOTAL","count":28439,"amount":3.7987634601765156E7}]},{"name":"darrang district","metric":[{"type":"TOTAL","count":51560,"amount":6.605047303652644E7}]},{"name":"kamrup metropolitan district","metric":[{"type":"TOTAL","count":476050,"amount":8.841211188280818E8}]},{"name":"hailakandi district","metric":[{"type":"TOTAL","count":29372,"amount":4.1835687849734716E7}]},{"name":"barpeta district","metric":[{"type":"TOTAL","count":145945,"amount":2.3012528184070832E8}]},{"name":"goalpara district","metric":[{"type":"TOTAL","count":57019,"amount":8.877313769565679E7}]},{"name":"biswanath district","metric":[{"type":"TOTAL","count":36071,"amount":4.9910423578981526E7}]},{"name":"jorhat district","metric":[{"type":"TOTAL","count":79724,"amount":1.1800841228630178E8}]}]},"responseTimestamp":1630502910980}