{"success":true,"code":"SUCCESS","data":{"hoverDataList":[{"name":"tinsukia district","metric":[{"type":"TOTAL","count":127171,"amount":2.537189230695014E8}]},{"name":"lakhimpur district","metric":[{"type":"TOTAL","count":76772,"amount":1.046894339410339E8}]},{"name":"kamrup district","metric":[{"type":"TOTAL","count":162592,"amount":2.3608824149952984E8}]},{"name":"kokrajhar district","metric":[{"type":"TOTAL","count":54606,"amount":1.2304131832460138E8}]},{"name":"karbi anglong district","metric":[{"type":"TOTAL","count":53526,"amount":9.901911305197324E7}]},{"name":"sivasagar district","metric":[{"type":"TOTAL","count":64113,"amount":9.914206927717136E7}]},{"name":"dibrugarh district","metric":[{"type":"TOTAL","count":144931,"amount":2.643469414922037E8}]},{"name":"south salmara mancachar district","metric":[{"type":"TOTAL","count":26334,"amount":4.117023609800846E7}]},{"name":"nagaon district","metric":[{"type":"TOTAL","count":435103,"amount":3.179730294737475E8}]},{"name":"dhubri district","metric":[{"type":"TOTAL","count":120810,"amount":1.8165104489215764E8}]},{"name":"golaghat district","metric":[{"type":"TOTAL","count":79500,"amount":1.2671254858575013E8}]},{"name":"udalguri district","metric":[{"type":"TOTAL","count":51801,"amount":9.083615148172343E7}]},{"name":"majuli district","metric":[{"type":"TOTAL","count":16498,"amount":1.3348264371029017E7}]},{"name":"sonitpur district","metric":[{"type":"TOTAL","count":165399,"amount":3.585499315785284E8}]},{"name":"hojai district","metric":[{"type":"TOTAL","count":53523,"amount":8.539230138430479E7}]},{"name":"marigaon district","metric":[{"type":"TOTAL","count":193075,"amount":2.0785357509985885E8}]},{"name":"chirang district","metric":[{"type":"TOTAL","count":26846,"amount":5.164736860810732E7}]},{"name":"cachar district","metric":[{"type":"TOTAL","count":187360,"amount":2.723422531327299E8}]},{"name":"nalbari district","metric":[{"type":"TOTAL","count":61931,"amount":8.349158646719557E7}]},{"name":"west karbi anglong district","metric":[{"type":"TOTAL","count":8729,"amount":9985888.620912362}]},{"name":"dhemaji district","metric":[{"type":"TOTAL","count":62268,"amount":1.0990567461382627E8}]},{"name":"karimganj district","metric":[{"type":"TOTAL","count":62738,"amount":1.0620016550793815E8}]},{"name":"bongaigaon district","metric":[{"type":"TOTAL","count":84239,"amount":1.3036902768827806E8}]},{"name":"dima hasao district","metric":[{"type":"TOTAL","count":19051,"amount":4.143593787571849E7}]},{"name":"baksa district","metric":[{"type":"TOTAL","count":66602,"amount":1.1458356516335085E8}]},{"name":"charaideo district","metric":[{"type":"TOTAL","count":41777,"amount":6.397970009467216E7}]},{"name":"darrang district","metric":[{"type":"TOTAL","count":67909,"amount":1.0943536993100193E8}]},{"name":"kamrup metropolitan district","metric":[{"type":"TOTAL","count":686010,"amount":1.3454514924344451E9}]},{"name":"hailakandi district","metric":[{"type":"TOTAL","count":43026,"amount":6.694750390498407E7}]},{"name":"barpeta district","metric":[{"type":"TOTAL","count":225449,"amount":3.546754559326413E8}]},{"name":"goalpara district","metric":[{"type":"TOTAL","count":101776,"amount":1.7176462040410748E8}]},{"name":"biswanath district","metric":[{"type":"TOTAL","count":52514,"amount":7.775004591803803E7}]},{"name":"jorhat district","metric":[{"type":"TOTAL","count":110193,"amount":1.7452407909399235E8}]}]},"responseTimestamp":1630502911029}