{"success":true,"code":"SUCCESS","data":{"aggregated":{"registeredUsers":251240,"appOpens":4796708},"usersByDevice":[{"brand":"Vivo","count":58748,"percentage":0.23383219232606273},{"brand":"Xiaomi","count":57405,"percentage":0.2284867059385448},{"brand":"Samsung","count":48405,"percentage":0.19266438465212546},{"brand":"Oppo","count":39602,"percentage":0.1576261741760866},{"brand":"Realme","count":18658,"percentage":0.07426365228466805},{"brand":"Apple","count":4560,"percentage":0.018149976118452475},{"brand":"Gionee","count":2611,"percentage":0.010392453430982327},{"brand":"Huawei","count":2526,"percentage":0.0100541315077217},{"brand":"OnePlus","count":2342,"percentage":0.00932176405031046},{"brand":"Motorola","count":2224,"percentage":0.008852093615666296},{"brand":"Others","count":14159,"percentage":0.056356471899379076}]},"responseTimestamp":1630501499753}