{"success":true,"code":"SUCCESS","data":{"aggregated":{"registeredUsers":270572,"appOpens":13025849},"usersByDevice":[{"brand":"Vivo","count":63439,"percentage":0.2344625460136304},{"brand":"Xiaomi","count":61629,"percentage":0.22777301420693938},{"brand":"Samsung","count":51110,"percentage":0.18889611637567819},{"brand":"Oppo","count":42407,"percentage":0.15673092559466612},{"brand":"Realme","count":22481,"percentage":0.08308694173824342},{"brand":"Apple","count":5062,"percentage":0.018708513815176738},{"brand":"OnePlus","count":2622,"percentage":0.009690581434886093},{"brand":"Gionee","count":2510,"percentage":0.009276643555135047},{"brand":"Huawei","count":2408,"percentage":0.008899664414647488},{"brand":"Motorola","count":2229,"percentage":0.008238102981831084},{"brand":"Others","count":14675,"percentage":0.054236949869166065}]},"responseTimestamp":1630501500251}