{"success":true,"code":"SUCCESS","data":{"aggregated":{"registeredUsers":293073,"appOpens":17209654},"usersByDevice":[{"brand":"Vivo","count":69301,"percentage":0.23646327024324998},{"brand":"Xiaomi","count":66832,"percentage":0.22803874802523602},{"brand":"Samsung","count":52621,"percentage":0.17954912257355676},{"brand":"Oppo","count":46021,"percentage":0.15702913608554867},{"brand":"Realme","count":26567,"percentage":0.09064976985256233},{"brand":"Apple","count":5574,"percentage":0.019019152224872302},{"brand":"OnePlus","count":3208,"percentage":0.01094607828083788},{"brand":"Gionee","count":2629,"percentage":0.008970461284389896},{"brand":"Huawei","count":2593,"percentage":0.008847624994455306},{"brand":"Motorola","count":2253,"percentage":0.007687504478406404},{"brand":"Others","count":15474,"percentage":0.05279913195688446}]},"responseTimestamp":1634575169597}