{"success":true,"code":"SUCCESS","data":{"aggregated":{"registeredUsers":314944,"appOpens":11230295},"usersByDevice":[{"brand":"Vivo","count":74157,"percentage":0.23546090733590733},{"brand":"Xiaomi","count":72002,"percentage":0.22861842105263158},{"brand":"Samsung","count":54367,"percentage":0.17262433956512904},{"brand":"Oppo","count":48973,"percentage":0.1554974852672221},{"brand":"Realme","count":31777,"percentage":0.10089730237756553},{"brand":"Apple","count":6342,"percentage":0.02013691322901849},{"brand":"OnePlus","count":3900,"percentage":0.01238315383052225},{"brand":"Gionee","count":2500,"percentage":0.007937919122129648},{"brand":"Huawei","count":2496,"percentage":0.007925218451534242},{"brand":"Motorola","count":2316,"percentage":0.007353688274740906},{"brand":"Others","count":16114,"percentage":0.05116465149359886}]},"responseTimestamp":1643295784419}