{"success":true,"code":"SUCCESS","data":{"states":null,"districts":[{"entityName":"jaipur","metric":{"type":"TOTAL","count":19178441,"amount":2.5043540802372772E10}},{"entityName":"alwar","metric":{"type":"TOTAL","count":2791195,"amount":3.9491327145560074E9}},{"entityName":"kota","metric":{"type":"TOTAL","count":1748396,"amount":1.7129730620583377E9}},{"entityName":"bhilwara","metric":{"type":"TOTAL","count":1615975,"amount":2.1263296879390469E9}},{"entityName":"jodhpur","metric":{"type":"TOTAL","count":1535328,"amount":2.762592744334321E9}},{"entityName":"dausa","metric":{"type":"TOTAL","count":1370483,"amount":1.4162802247419736E9}},{"entityName":"sikar","metric":{"type":"TOTAL","count":1310064,"amount":2.16483568127155E9}},{"entityName":"ajmer","metric":{"type":"TOTAL","count":1030802,"amount":1.8106022852408452E9}},{"entityName":"udaipur","metric":{"type":"TOTAL","count":998792,"amount":1.5847514746534314E9}},{"entityName":"jhunjhunu","metric":{"type":"TOTAL","count":984628,"amount":1.6610376395409722E9}}],"pincodes":[{"entityName":"302001","metric":{"type":"TOTAL","count":4954219,"amount":7.600396570221162E9}},{"entityName":"302017","metric":{"type":"TOTAL","count":914628,"amount":9.272598852815127E8}},{"entityName":"302015","metric":{"type":"TOTAL","count":888065,"amount":9.393652302985821E8}},{"entityName":"302012","metric":{"type":"TOTAL","count":866730,"amount":1.2802616151363542E9}},{"entityName":"302022","metric":{"type":"TOTAL","count":829260,"amount":6.715699044687246E8}},{"entityName":"302029","metric":{"type":"TOTAL","count":817617,"amount":8.323990019662585E8}},{"entityName":"302020","metric":{"type":"TOTAL","count":687134,"amount":8.294126807056451E8}},{"entityName":"311001","metric":{"type":"TOTAL","count":523857,"amount":8.107652534648952E8}},{"entityName":"302018","metric":{"type":"TOTAL","count":505288,"amount":5.559695332439524E8}},{"entityName":"302013","metric":{"type":"TOTAL","count":494916,"amount":7.038389070034728E8}}]},"responseTimestamp":1630501490327}