{"success":true,"code":"SUCCESS","data":{"states":null,"districts":[{"entityName":"jaipur","metric":{"type":"TOTAL","count":36334520,"amount":5.840210336067964E10}},{"entityName":"alwar","metric":{"type":"TOTAL","count":3359867,"amount":5.501752093050633E9}},{"entityName":"jodhpur","metric":{"type":"TOTAL","count":2465513,"amount":4.931658536490533E9}},{"entityName":"kota","metric":{"type":"TOTAL","count":2435542,"amount":2.706744841936022E9}},{"entityName":"bhilwara","metric":{"type":"TOTAL","count":1993704,"amount":3.2778864765106406E9}},{"entityName":"sikar","metric":{"type":"TOTAL","count":1660524,"amount":3.2989480992387867E9}},{"entityName":"udaipur","metric":{"type":"TOTAL","count":1643482,"amount":2.3527630157354145E9}},{"entityName":"ajmer","metric":{"type":"TOTAL","count":1474810,"amount":2.7448122978287177E9}},{"entityName":"dausa","metric":{"type":"TOTAL","count":1428706,"amount":1.9766495249356747E9}},{"entityName":"jhunjhunu","metric":{"type":"TOTAL","count":1333354,"amount":2.830120895181952E9}}],"pincodes":[{"entityName":"302001","metric":{"type":"TOTAL","count":15037317,"amount":3.1903765546790283E10}},{"entityName":"302012","metric":{"type":"TOTAL","count":1550134,"amount":2.1675057045312195E9}},{"entityName":"302015","metric":{"type":"TOTAL","count":1480257,"amount":1.488138012246193E9}},{"entityName":"302017","metric":{"type":"TOTAL","count":1443448,"amount":1.3936540369477575E9}},{"entityName":"302020","metric":{"type":"TOTAL","count":1210064,"amount":1.401914422370545E9}},{"entityName":"302029","metric":{"type":"TOTAL","count":1191769,"amount":1.3443892517075403E9}},{"entityName":"311001","metric":{"type":"TOTAL","count":928820,"amount":1.4434396419725292E9}},{"entityName":"302018","metric":{"type":"TOTAL","count":891386,"amount":9.054272378405185E8}},{"entityName":"302022","metric":{"type":"TOTAL","count":863740,"amount":9.103625054010675E8}},{"entityName":"302033","metric":{"type":"TOTAL","count":754156,"amount":7.190524809149649E8}}]},"responseTimestamp":1630501491056}