{"success":true,"code":"SUCCESS","data":{"aggregated":{"registeredUsers":29482075,"appOpens":639718324},"usersByDevice":[{"brand":"Xiaomi","count":7599834,"percentage":0.25777812450446586},{"brand":"Samsung","count":5451884,"percentage":0.18492199073504834},{"brand":"Vivo","count":5294031,"percentage":0.17956778822386144},{"brand":"Oppo","count":3737603,"percentage":0.12677543897435983},{"brand":"Realme","count":2177149,"percentage":0.073846532172515},{"brand":"Apple","count":536023,"percentage":0.01818131864870434},{"brand":"Huawei","count":533694,"percentage":0.018102321495349294},{"brand":"Motorola","count":498264,"percentage":0.016900574332030564},{"brand":"Lenovo","count":351633,"percentage":0.01192700988651579},{"brand":"Tecno","count":329255,"percentage":0.011167972403570644},{"brand":"Others","count":2972705,"percentage":0.1008309286235789}]},"responseTimestamp":1630501500082}