{"success":true,"code":"SUCCESS","data":{"aggregated":{"registeredUsers":31651894,"appOpens":673598864},"usersByDevice":[{"brand":"Xiaomi","count":8037309,"percentage":0.2539282167443124},{"brand":"Vivo","count":5805913,"percentage":0.1834301922027162},{"brand":"Samsung","count":5762770,"percentage":0.1820671458080834},{"brand":"Oppo","count":4047089,"percentage":0.12786245903641658},{"brand":"Realme","count":2533804,"percentage":0.08005220793422346},{"brand":"Apple","count":578403,"percentage":0.018273882757221416},{"brand":"Huawei","count":526688,"percentage":0.016640015286289028},{"brand":"Motorola","count":501525,"percentage":0.015845023365742346},{"brand":"Tecno","count":419917,"percentage":0.013266725839534279},{"brand":"Infinix","count":384335,"percentage":0.012142559304665939},{"brand":"Others","count":3054141,"percentage":0.09649157172079496}]},"responseTimestamp":1630501500485}