{"success":true,"code":"SUCCESS","data":{"aggregated":{"registeredUsers":34151882,"appOpens":803890116},"usersByDevice":[{"brand":"Xiaomi","count":8522940,"percentage":0.24955989248264562},{"brand":"Vivo","count":6444391,"percentage":0.1886979757074588},{"brand":"Samsung","count":6016111,"percentage":0.17615752478882424},{"brand":"Oppo","count":4436027,"percentage":0.12989114333435564},{"brand":"Realme","count":2937420,"percentage":0.0860104869184076},{"brand":"Apple","count":619775,"percentage":0.01814760896632285},{"brand":"Huawei","count":541464,"percentage":0.015854587457288592},{"brand":"Tecno","count":528922,"percentage":0.015487345616853561},{"brand":"Infinix","count":513712,"percentage":0.01504198216660505},{"brand":"Motorola","count":501403,"percentage":0.01468156279059526},{"brand":"Others","count":3089717,"percentage":0.0904698897706428}]},"responseTimestamp":1634575121668}