{"success":true,"code":"SUCCESS","data":{"aggregated":{"registeredUsers":36617655,"appOpens":1175923794},"usersByDevice":[{"brand":"Xiaomi","count":8926080,"percentage":0.24376438087037522},{"brand":"Vivo","count":7025228,"percentage":0.19185357445745774},{"brand":"Samsung","count":6308300,"percentage":0.17227482207694622},{"brand":"Oppo","count":4798699,"percentage":0.13104877961191125},{"brand":"Realme","count":3440284,"percentage":0.09395151054866839},{"brand":"Apple","count":710181,"percentage":0.019394496998783782},{"brand":"Infinix","count":635941,"percentage":0.017367059687464968},{"brand":"Tecno","count":627147,"percentage":0.017126902309828416},{"brand":"Huawei","count":526724,"percentage":0.014384427402573978},{"brand":"Motorola","count":511474,"percentage":0.01396796162943804},{"brand":"Others","count":3107597,"percentage":0.08486608440655198}]},"responseTimestamp":1643295736185}