{"success":true,"code":"SUCCESS","data":{"aggregated":{"registeredUsers":419998,"appOpens":7919533},"usersByDevice":[{"brand":"Xiaomi","count":96137,"percentage":0.22889870904147164},{"brand":"Samsung","count":83453,"percentage":0.198698565231263},{"brand":"Vivo","count":74844,"percentage":0.17820084857546942},{"brand":"Oppo","count":56200,"percentage":0.13381016100076668},{"brand":"Apple","count":32907,"percentage":0.07835037309701474},{"brand":"Realme","count":16641,"percentage":0.03962161724579641},{"brand":"OnePlus","count":10995,"percentage":0.026178696089028994},{"brand":"Motorola","count":7989,"percentage":0.01902151915009119},{"brand":"Huawei","count":5854,"percentage":0.013938161610293383},{"brand":"HMD Global","count":4591,"percentage":0.010931004433354444},{"brand":"Others","count":30387,"percentage":0.07235034452545012}]},"responseTimestamp":1630501499817}