{"success":true,"code":"SUCCESS","data":{"aggregated":{"registeredUsers":448572,"appOpens":4733924},"usersByDevice":[{"brand":"Xiaomi","count":101761,"percentage":0.22685544349625034},{"brand":"Samsung","count":88362,"percentage":0.196985099382039},{"brand":"Vivo","count":81826,"percentage":0.18241441730647476},{"brand":"Oppo","count":60671,"percentage":0.13525364935840847},{"brand":"Apple","count":35361,"percentage":0.07883015435649127},{"brand":"Realme","count":19398,"percentage":0.04324389395682299},{"brand":"OnePlus","count":11907,"percentage":0.02654423370161312},{"brand":"Motorola","count":8043,"percentage":0.017930231936010274},{"brand":"Huawei","count":5918,"percentage":0.013192976824233345},{"brand":"HMD Global","count":4599,"percentage":0.010252534710146866},{"brand":"Others","count":30726,"percentage":0.06849736497150959}]},"responseTimestamp":1630501500254}