{"success":true,"code":"SUCCESS","data":{"aggregated":{"registeredUsers":480463,"appOpens":6378807},"usersByDevice":[{"brand":"Xiaomi","count":107815,"percentage":0.2243981326345629},{"brand":"Samsung","count":92724,"percentage":0.19298884617545992},{"brand":"Vivo","count":89865,"percentage":0.18703833593845937},{"brand":"Oppo","count":66039,"percentage":0.13744866930440014},{"brand":"Apple","count":37880,"percentage":0.07884061832024526},{"brand":"Realme","count":22934,"percentage":0.04773312409072083},{"brand":"OnePlus","count":13193,"percentage":0.027458930240205803},{"brand":"Motorola","count":8166,"percentage":0.016996105839575577},{"brand":"Huawei","count":5900,"percentage":0.012279821755265234},{"brand":"HMD Global","count":4496,"percentage":0.009357640442656355},{"brand":"Others","count":31451,"percentage":0.06545977525844862}]},"responseTimestamp":1634575153297}