{"success":true,"code":"SUCCESS","data":{"aggregated":{"registeredUsers":6936943,"appOpens":108918733},"usersByDevice":[{"brand":"Xiaomi","count":1589645,"percentage":0.22915641659445665},{"brand":"Samsung","count":1517006,"percentage":0.21868508938303227},{"brand":"Vivo","count":906705,"percentage":0.13070671043426477},{"brand":"Oppo","count":775012,"percentage":0.11172241144261962},{"brand":"Huawei","count":426164,"percentage":0.061433977473939166},{"brand":"Apple","count":398950,"percentage":0.05751092375993287},{"brand":"Realme","count":378100,"percentage":0.054505277036296824},{"brand":"Lenovo","count":140787,"percentage":0.020295251092592226},{"brand":"Motorola","count":138567,"percentage":0.01997522539827702},{"brand":"OnePlus","count":135957,"percentage":0.019598978973879418},{"brand":"Others","count":530050,"percentage":0.07640973841070915}]},"responseTimestamp":1630501499862}