{"success":true,"code":"SUCCESS","data":{"aggregated":{"registeredUsers":7416083,"appOpens":87814415},"usersByDevice":[{"brand":"Xiaomi","count":1714598,"percentage":0.23119994746552863},{"brand":"Samsung","count":1605779,"percentage":0.21652656800092449},{"brand":"Vivo","count":999633,"percentage":0.13479258525019205},{"brand":"Oppo","count":831538,"percentage":0.11212630710848301},{"brand":"Realme","count":444654,"percentage":0.05995806681235903},{"brand":"Huawei","count":427830,"percentage":0.057689483788139914},{"brand":"Apple","count":427612,"percentage":0.05766008821638054},{"brand":"OnePlus","count":146086,"percentage":0.01969853897266252},{"brand":"Lenovo","count":138448,"percentage":0.018668615224505983},{"brand":"Motorola","count":138108,"percentage":0.018622768919927136},{"brand":"Others","count":541797,"percentage":0.07305703024089671}]},"responseTimestamp":1630501500350}