{"success":true,"code":"SUCCESS","data":{"aggregated":{"registeredUsers":7949425,"appOpens":116282717},"usersByDevice":[{"brand":"Xiaomi","count":1859763,"percentage":0.2339493736968397},{"brand":"Samsung","count":1678905,"percentage":0.21119829421624833},{"brand":"Vivo","count":1115818,"percentage":0.14036461756667934},{"brand":"Oppo","count":896805,"percentage":0.11281381986747469},{"brand":"Realme","count":528624,"percentage":0.06649839453796973},{"brand":"Apple","count":461244,"percentage":0.05802230978970177},{"brand":"Huawei","count":422903,"percentage":0.053199193652371086},{"brand":"OnePlus","count":167667,"percentage":0.021091714180585388},{"brand":"Motorola","count":135436,"percentage":0.017037207093594818},{"brand":"Lenovo","count":132669,"percentage":0.01668913160385814},{"brand":"Others","count":549591,"percentage":0.06913594379467697}]},"responseTimestamp":1634575152106}