{"success":true,"code":"SUCCESS","data":{"aggregated":{"registeredUsers":8473810,"appOpens":213542857},"usersByDevice":[{"brand":"Xiaomi","count":1989367,"percentage":0.2347665335899672},{"brand":"Samsung","count":1752657,"percentage":0.20683222777003496},{"brand":"Vivo","count":1227761,"percentage":0.1448888988542344},{"brand":"Oppo","count":961805,"percentage":0.11350325296413302},{"brand":"Realme","count":622033,"percentage":0.07340653141857087},{"brand":"Apple","count":507548,"percentage":0.05989607980353583},{"brand":"Huawei","count":412197,"percentage":0.04864364435832288},{"brand":"OnePlus","count":185990,"percentage":0.02194880461091292},{"brand":"Motorola","count":137360,"percentage":0.01620994570329049},{"brand":"Lenovo","count":125313,"percentage":0.014788271155477878},{"brand":"Others","count":551779,"percentage":0.06511580977151954}]},"responseTimestamp":1643295767211}