{"success":true,"code":"SUCCESS","data":{"states":null,"districts":[{"entityName":"chandigarh","metric":{"type":"TOTAL","count":3970237,"amount":7.596420859545994E9}}],"pincodes":[{"entityName":"160008","metric":{"type":"TOTAL","count":1566609,"amount":3.447517923578706E9}},{"entityName":"160101","metric":{"type":"TOTAL","count":306785,"amount":5.2103246821204627E8}},{"entityName":"160036","metric":{"type":"TOTAL","count":304235,"amount":5.0209561705888885E8}},{"entityName":"160002","metric":{"type":"TOTAL","count":264846,"amount":4.9532752629472417E8}},{"entityName":"160022","metric":{"type":"TOTAL","count":242366,"amount":3.9525670604772204E8}},{"entityName":"160047","metric":{"type":"TOTAL","count":206193,"amount":3.726160883789878E8}},{"entityName":"160015","metric":{"type":"TOTAL","count":150002,"amount":1.8609323677310604E8}},{"entityName":"160014","metric":{"type":"TOTAL","count":130369,"amount":2.1068035466795424E8}},{"entityName":"160019","metric":{"type":"TOTAL","count":105609,"amount":2.0003020973112416E8}},{"entityName":"160030","metric":{"type":"TOTAL","count":87034,"amount":1.7185272569681272E8}}]},"responseTimestamp":1630501493767}