{"success":true,"code":"SUCCESS","data":{"states":null,"districts":[{"entityName":"chandigarh","metric":{"type":"TOTAL","count":4417547,"amount":8.4176739399361E9}}],"pincodes":[{"entityName":"160008","metric":{"type":"TOTAL","count":2071075,"amount":4.38440068030583E9}},{"entityName":"160101","metric":{"type":"TOTAL","count":304282,"amount":5.152886664421857E8}},{"entityName":"160036","metric":{"type":"TOTAL","count":293961,"amount":4.8538199296044195E8}},{"entityName":"160002","metric":{"type":"TOTAL","count":255931,"amount":4.6933105087533224E8}},{"entityName":"160047","metric":{"type":"TOTAL","count":210130,"amount":3.9270456548509884E8}},{"entityName":"160022","metric":{"type":"TOTAL","count":202917,"amount":3.357163934241364E8}},{"entityName":"160014","metric":{"type":"TOTAL","count":147887,"amount":2.290787542386906E8}},{"entityName":"160015","metric":{"type":"TOTAL","count":140297,"amount":1.745264411901785E8}},{"entityName":"160019","metric":{"type":"TOTAL","count":89814,"amount":1.7032137056571722E8}},{"entityName":"160030","metric":{"type":"TOTAL","count":87476,"amount":1.7401202295219654E8}}]},"responseTimestamp":1630501494262}