{"success":true,"code":"SUCCESS","data":{"states":null,"districts":[{"entityName":"chandigarh","metric":{"type":"TOTAL","count":6649378,"amount":1.1815883004693304E10}}],"pincodes":[{"entityName":"160008","metric":{"type":"TOTAL","count":3188488,"amount":6.33962846733528E9}},{"entityName":"160036","metric":{"type":"TOTAL","count":462106,"amount":7.016481302500606E8}},{"entityName":"160101","metric":{"type":"TOTAL","count":438375,"amount":6.790009478644495E8}},{"entityName":"160002","metric":{"type":"TOTAL","count":379894,"amount":6.433679431675801E8}},{"entityName":"160022","metric":{"type":"TOTAL","count":351526,"amount":5.3185354781426966E8}},{"entityName":"160047","metric":{"type":"TOTAL","count":295135,"amount":5.002233405530771E8}},{"entityName":"160015","metric":{"type":"TOTAL","count":201833,"amount":2.3884734198277846E8}},{"entityName":"160014","metric":{"type":"TOTAL","count":186675,"amount":2.778996489641395E8}},{"entityName":"160019","metric":{"type":"TOTAL","count":148872,"amount":2.445081883937479E8}},{"entityName":"160030","metric":{"type":"TOTAL","count":128550,"amount":2.4037376905717558E8}}]},"responseTimestamp":1634575093162}