{"success":true,"code":"SUCCESS","data":{"states":null,"districts":[{"entityName":"chandigarh","metric":{"type":"TOTAL","count":7898903,"amount":1.437358351061845E10}}],"pincodes":[{"entityName":"160008","metric":{"type":"TOTAL","count":3712842,"amount":7.784850283688998E9}},{"entityName":"160101","metric":{"type":"TOTAL","count":538507,"amount":8.525449709676752E8}},{"entityName":"160036","metric":{"type":"TOTAL","count":523279,"amount":7.799187993369815E8}},{"entityName":"160022","metric":{"type":"TOTAL","count":451911,"amount":6.659921351956601E8}},{"entityName":"160002","metric":{"type":"TOTAL","count":444435,"amount":7.62476926847439E8}},{"entityName":"160047","metric":{"type":"TOTAL","count":346951,"amount":6.042678597276576E8}},{"entityName":"160015","metric":{"type":"TOTAL","count":263413,"amount":2.94935485409002E8}},{"entityName":"160014","metric":{"type":"TOTAL","count":213596,"amount":3.1461664185791296E8}},{"entityName":"160019","metric":{"type":"TOTAL","count":200453,"amount":3.2142551880463934E8}},{"entityName":"160030","metric":{"type":"TOTAL","count":154229,"amount":2.8798567018057156E8}}]},"responseTimestamp":1643295708148}