{"success":true,"code":"SUCCESS","data":{"states":null,"districts":[{"entityName":"west tripura","metric":{"type":"TOTAL","count":1340631,"amount":2.620170134665219E9}},{"entityName":"north tripura","metric":{"type":"TOTAL","count":310764,"amount":6.997780441822658E8}},{"entityName":"sepahijala","metric":{"type":"TOTAL","count":257586,"amount":6.363883262869308E8}},{"entityName":"south tripura","metric":{"type":"TOTAL","count":242720,"amount":6.32737978788888E8}},{"entityName":"gomati","metric":{"type":"TOTAL","count":230019,"amount":5.1736849015875137E8}},{"entityName":"dhalai","metric":{"type":"TOTAL","count":216216,"amount":5.017586211580514E8}},{"entityName":"unakoti","metric":{"type":"TOTAL","count":148265,"amount":3.4947555053661186E8}},{"entityName":"khowai","metric":{"type":"TOTAL","count":124989,"amount":2.89652618573128E8}}],"pincodes":[{"entityName":"799001","metric":{"type":"TOTAL","count":331041,"amount":6.465197242691705E8}},{"entityName":"799003","metric":{"type":"TOTAL","count":146078,"amount":2.738202220061229E8}},{"entityName":"799006","metric":{"type":"TOTAL","count":110660,"amount":1.9818773414251772E8}},{"entityName":"799002","metric":{"type":"TOTAL","count":99326,"amount":1.8439164829607794E8}},{"entityName":"799007","metric":{"type":"TOTAL","count":81097,"amount":1.568345096687275E8}},{"entityName":"799102","metric":{"type":"TOTAL","count":75836,"amount":1.7659020986560526E8}},{"entityName":"799114","metric":{"type":"TOTAL","count":73949,"amount":1.669788730450884E8}},{"entityName":"799250","metric":{"type":"TOTAL","count":71594,"amount":1.6310564528297308E8}},{"entityName":"799004","metric":{"type":"TOTAL","count":65225,"amount":1.313481410895373E8}},{"entityName":"799005","metric":{"type":"TOTAL","count":63965,"amount":1.0009014461204371E8}}]},"responseTimestamp":1651127581770}