{"success":true,"code":"SUCCESS","data":{"aggregated":{"registeredUsers":2772,"appOpens":21982},"usersByDevice":[{"brand":"Xiaomi","count":560,"percentage":0.20202020202020202},{"brand":"Vivo","count":548,"percentage":0.1976911976911977},{"brand":"Samsung","count":431,"percentage":0.15548340548340547},{"brand":"Oppo","count":426,"percentage":0.15367965367965367},{"brand":"Huawei","count":237,"percentage":0.0854978354978355},{"brand":"Realme","count":152,"percentage":0.05483405483405483},{"brand":"Apple","count":81,"percentage":0.02922077922077922},{"brand":"OnePlus","count":77,"percentage":0.027777777777777776},{"brand":"Lenovo","count":47,"percentage":0.016955266955266956},{"brand":"Motorola","count":38,"percentage":0.013708513708513708},{"brand":"Others","count":175,"percentage":0.06313131313131314}]},"responseTimestamp":1630501498353}