{"success":true,"code":"SUCCESS","data":{"aggregated":{"registeredUsers":3187,"appOpens":29202},"usersByDevice":[{"brand":"Vivo","count":654,"percentage":0.20520866018198933},{"brand":"Xiaomi","count":654,"percentage":0.20520866018198933},{"brand":"Samsung","count":495,"percentage":0.15531848133040477},{"brand":"Oppo","count":489,"percentage":0.1534358330718544},{"brand":"Huawei","count":266,"percentage":0.08346407279573266},{"brand":"Realme","count":195,"percentage":0.06118606840288673},{"brand":"Apple","count":85,"percentage":0.026670850329463446},{"brand":"OnePlus","count":81,"percentage":0.02541575149042987},{"brand":"Lenovo","count":44,"percentage":0.013806087229369313},{"brand":"Motorola","count":41,"percentage":0.012864763100094132},{"brand":"Others","count":183,"percentage":0.057420771885786}]},"responseTimestamp":1630501498674}