{"success":true,"code":"SUCCESS","data":{"aggregated":{"registeredUsers":3644,"appOpens":32128},"usersByDevice":[{"brand":"Vivo","count":784,"percentage":0.21514818880351264},{"brand":"Xiaomi","count":736,"percentage":0.20197585071350166},{"brand":"Oppo","count":567,"percentage":0.15559824368825467},{"brand":"Samsung","count":550,"percentage":0.1509330406147091},{"brand":"Huawei","count":302,"percentage":0.08287596048298573},{"brand":"Realme","count":222,"percentage":0.06092206366630077},{"brand":"Apple","count":91,"percentage":0.024972557628979142},{"brand":"OnePlus","count":87,"percentage":0.023874862788144897},{"brand":"Lenovo","count":50,"percentage":0.013721185510428101},{"brand":"Motorola","count":44,"percentage":0.012074643249176729},{"brand":"Others","count":211,"percentage":0.05790340285400659}]},"responseTimestamp":1630501499172}