{"success":true,"code":"SUCCESS","data":{"aggregated":{"registeredUsers":4179,"appOpens":41144},"usersByDevice":[{"brand":"Vivo","count":934,"percentage":0.22349844460397225},{"brand":"Xiaomi","count":838,"percentage":0.2005264417324719},{"brand":"Oppo","count":639,"percentage":0.15290739411342427},{"brand":"Samsung","count":635,"percentage":0.15195022732711175},{"brand":"Huawei","count":346,"percentage":0.08279492701603254},{"brand":"Realme","count":272,"percentage":0.06508734146925102},{"brand":"Apple","count":101,"percentage":0.024168461354391},{"brand":"OnePlus","count":97,"percentage":0.023211294568078487},{"brand":"Lenovo","count":52,"percentage":0.012443168222062694},{"brand":"Motorola","count":47,"percentage":0.01124670973917205},{"brand":"Others","count":218,"percentage":0.052165589854032066}]},"responseTimestamp":1630501499506}