{"success":true,"code":"SUCCESS","data":{"hoverDataList":[{"name":"tinsukia district","metric":[{"type":"TOTAL","count":1110108,"amount":2.4719914597376165E9}]},{"name":"lakhimpur district","metric":[{"type":"TOTAL","count":725851,"amount":1.6538719307532177E9}]},{"name":"kamrup district","metric":[{"type":"TOTAL","count":1708845,"amount":3.838019247423967E9}]},{"name":"kokrajhar district","metric":[{"type":"TOTAL","count":703834,"amount":1.7949155854684856E9}]},{"name":"karbi anglong district","metric":[{"type":"TOTAL","count":576671,"amount":1.4805336265264075E9}]},{"name":"sivasagar district","metric":[{"type":"TOTAL","count":570136,"amount":1.201010320385499E9}]},{"name":"dibrugarh district","metric":[{"type":"TOTAL","count":1830668,"amount":3.7214248149586687E9}]},{"name":"south salmara mancachar district","metric":[{"type":"TOTAL","count":424292,"amount":1.3576606155399206E9}]},{"name":"nagaon district","metric":[{"type":"TOTAL","count":2049272,"amount":5.405490459948576E9}]},{"name":"dhubri district","metric":[{"type":"TOTAL","count":1247298,"amount":3.380205337130154E9}]},{"name":"golaghat district","metric":[{"type":"TOTAL","count":753488,"amount":1.681747448411046E9}]},{"name":"udalguri district","metric":[{"type":"TOTAL","count":547716,"amount":1.1683006254282162E9}]},{"name":"majuli district","metric":[{"type":"TOTAL","count":89346,"amount":1.7283739419285655E8}]},{"name":"sonitpur district","metric":[{"type":"TOTAL","count":1805856,"amount":3.6519414822987127E9}]},{"name":"hojai district","metric":[{"type":"TOTAL","count":665166,"amount":1.5950560891451948E9}]},{"name":"marigaon district","metric":[{"type":"TOTAL","count":1027786,"amount":2.790138101722805E9}]},{"name":"chirang district","metric":[{"type":"TOTAL","count":363645,"amount":9.513030103050023E8}]},{"name":"cachar district","metric":[{"type":"TOTAL","count":1869862,"amount":4.225305321285734E9}]},{"name":"nalbari district","metric":[{"type":"TOTAL","count":571467,"amount":1.3692851791665456E9}]},{"name":"west karbi anglong district","metric":[{"type":"TOTAL","count":88219,"amount":1.8690151661209765E8}]},{"name":"dhemaji district","metric":[{"type":"TOTAL","count":562489,"amount":1.3692390488460484E9}]},{"name":"karimganj district","metric":[{"type":"TOTAL","count":962907,"amount":2.7596776050696893E9}]},{"name":"bongaigaon district","metric":[{"type":"TOTAL","count":1014501,"amount":2.661981437245404E9}]},{"name":"dima hasao district","metric":[{"type":"TOTAL","count":216314,"amount":5.0994407709921765E8}]},{"name":"baksa district","metric":[{"type":"TOTAL","count":731895,"amount":1.944006764845173E9}]},{"name":"charaideo district","metric":[{"type":"TOTAL","count":311136,"amount":7.420585163146229E8}]},{"name":"darrang district","metric":[{"type":"TOTAL","count":1205741,"amount":2.732173374689469E9}]},{"name":"kamrup metropolitan district","metric":[{"type":"TOTAL","count":28908435,"amount":6.009374699289226E10}]},{"name":"hailakandi district","metric":[{"type":"TOTAL","count":652625,"amount":1.4767701320294952E9}]},{"name":"barpeta district","metric":[{"type":"TOTAL","count":2846523,"amount":7.413611760549712E9}]},{"name":"goalpara district","metric":[{"type":"TOTAL","count":1299073,"amount":3.7203803197322354E9}]},{"name":"biswanath district","metric":[{"type":"TOTAL","count":470228,"amount":9.907857697113907E8}]},{"name":"jorhat district","metric":[{"type":"TOTAL","count":978493,"amount":1.7681225272374763E9}]}]},"responseTimestamp":1651127598147}