{"success":true,"code":"SUCCESS","data":{"aggregated":{"registeredUsers":8972299,"appOpens":94047893},"usersByDevice":[{"brand":"Xiaomi","count":2098370,"percentage":0.233872054419943},{"brand":"Samsung","count":1826034,"percentage":0.20351907576865194},{"brand":"Vivo","count":1330622,"percentage":0.14830335012241566},{"brand":"Oppo","count":1032233,"percentage":0.11504665638093425},{"brand":"Realme","count":705424,"percentage":0.07862243556528822},{"brand":"Apple","count":550489,"percentage":0.06135428611997884},{"brand":"Huawei","count":408553,"percentage":0.045534929230512715},{"brand":"OnePlus","count":199414,"percentage":0.02222551878843984},{"brand":"Motorola","count":137230,"percentage":0.015294853637846889},{"brand":"Lenovo","count":124999,"percentage":0.01393165787274811},{"brand":"Others","count":558931,"percentage":0.06229518209324054}]},"responseTimestamp":1651127667570}