{"success":true,"code":"SUCCESS","data":{"hoverDataList":[{"name":"puducherry","metric":[{"type":"TOTAL","count":190271,"amount":4.176580754942067E8}]},{"name":"tamil nadu","metric":[{"type":"TOTAL","count":15774078,"amount":2.933009224118405E10}]},{"name":"uttar pradesh","metric":[{"type":"TOTAL","count":26515356,"amount":3.701211436923937E10}]},{"name":"madhya pradesh","metric":[{"type":"TOTAL","count":17126985,"amount":2.414974220467322E10}]},{"name":"andhra pradesh","metric":[{"type":"TOTAL","count":25626061,"amount":3.571804459921416E10}]},{"name":"tripura","metric":[{"type":"TOTAL","count":377703,"amount":4.5386338804059243E8}]},{"name":"lakshadweep","metric":[{"type":"TOTAL","count":1703,"amount":4339032.3119858485}]},{"name":"manipur","metric":[{"type":"TOTAL","count":189258,"amount":3.8333124479412293E8}]},{"name":"maharashtra","metric":[{"type":"TOTAL","count":31538538,"amount":5.226081773324835E10}]},{"name":"dadra & nagar haveli & daman & diu","metric":[{"type":"TOTAL","count":289575,"amount":4.4763959567817545E8}]},{"name":"meghalaya","metric":[{"type":"TOTAL","count":110290,"amount":2.0985366153439403E8}]},{"name":"andaman & nicobar islands","metric":[{"type":"TOTAL","count":16265,"amount":5.555747113431113E7}]},{"name":"haryana","metric":[{"type":"TOTAL","count":8262024,"amount":1.6375139007627964E10}]},{"name":"rajasthan","metric":[{"type":"TOTAL","count":14257098,"amount":2.4040768671212967E10}]},{"name":"ladakh","metric":[{"type":"TOTAL","count":24864,"amount":8.409097714484604E7}]},{"name":"punjab","metric":[{"type":"TOTAL","count":3462108,"amount":7.065687043821184E9}]},{"name":"assam","metric":[{"type":"TOTAL","count":2351851,"amount":3.8111349899142647E9}]},{"name":"jharkhand","metric":[{"type":"TOTAL","count":8122621,"amount":8.661571417704563E9}]},{"name":"odisha","metric":[{"type":"TOTAL","count":30052155,"amount":2.3094515775585766E10}]},{"name":"bihar","metric":[{"type":"TOTAL","count":14367804,"amount":2.013580437890174E10}]},{"name":"kerala","metric":[{"type":"TOTAL","count":3134348,"amount":5.323025223875498E9}]},{"name":"karnataka","metric":[{"type":"TOTAL","count":25980261,"amount":4.822509175580772E10}]},{"name":"chandigarh","metric":[{"type":"TOTAL","count":616936,"amount":1.3693544475343118E9}]},{"name":"telangana","metric":[{"type":"TOTAL","count":19332703,"amount":3.203009320972354E10}]},{"name":"himachal pradesh","metric":[{"type":"TOTAL","count":886754,"amount":1.754041432858025E9}]},{"name":"west bengal","metric":[{"type":"TOTAL","count":53705416,"amount":4.1843934183177635E10}]},{"name":"gujarat","metric":[{"type":"TOTAL","count":11334149,"amount":1.786640442627552E10}]},{"name":"sikkim","metric":[{"type":"TOTAL","count":108500,"amount":2.3508022695331776E8}]},{"name":"nagaland","metric":[{"type":"TOTAL","count":94371,"amount":2.417927429366532E8}]},{"name":"mizoram","metric":[{"type":"TOTAL","count":39316,"amount":1.1660073812539022E8}]},{"name":"chhattisgarh","metric":[{"type":"TOTAL","count":3859604,"amount":6.302307073446348E9}]},{"name":"jammu & kashmir","metric":[{"type":"TOTAL","count":2303961,"amount":3.934700999457677E9}]},{"name":"goa","metric":[{"type":"TOTAL","count":339511,"amount":7.131669692382338E8}]},{"name":"arunachal pradesh","metric":[{"type":"TOTAL","count":131146,"amount":3.317264067413912E8}]},{"name":"delhi","metric":[{"type":"TOTAL","count":18547048,"amount":2.7375846860618515E10}]},{"name":"uttarakhand","metric":[{"type":"TOTAL","count":2229132,"amount":3.7265730398585143E9}]}]},"responseTimestamp":1630502909426}