{"success":true,"code":"SUCCESS","data":{"aggregated":{"registeredUsers":107143,"appOpens":1684520},"usersByDevice":[{"brand":"Xiaomi","count":32305,"percentage":0.3015129313160916},{"brand":"Vivo","count":17452,"percentage":0.16288511615317847},{"brand":"Samsung","count":15066,"percentage":0.14061581251224997},{"brand":"Oppo","count":12210,"percentage":0.11395984805353593},{"brand":"Realme","count":5659,"percentage":0.05281726291031612},{"brand":"Apple","count":2480,"percentage":0.023146635804485595},{"brand":"Huawei","count":2443,"percentage":0.02280130293159609},{"brand":"Gionee","count":2380,"percentage":0.022213303715595045},{"brand":"Asus","count":2036,"percentage":0.01900264132981156},{"brand":"Lenovo","count":1753,"percentage":0.01636131151825131},{"brand":"Others","count":13359,"percentage":0.12468383375488833}]},"responseTimestamp":1630501498435}