{"success":true,"code":"SUCCESS","data":{"aggregated":{"registeredUsers":130205,"appOpens":2119279},"usersByDevice":[{"brand":"Xiaomi","count":39533,"percentage":0.3036212127030452},{"brand":"Vivo","count":21565,"percentage":0.16562343996006298},{"brand":"Samsung","count":17859,"percentage":0.13716063131216158},{"brand":"Oppo","count":15078,"percentage":0.115802004531316},{"brand":"Realme","count":7202,"percentage":0.05531277600706578},{"brand":"Huawei","count":2861,"percentage":0.021973042509888255},{"brand":"Gionee","count":2853,"percentage":0.021911600936983987},{"brand":"Apple","count":2738,"percentage":0.02102837832648516},{"brand":"Asus","count":2406,"percentage":0.018478553050958104},{"brand":"Micromax","count":2075,"percentage":0.015936407972044084},{"brand":"Others","count":16035,"percentage":0.12315195268998887}]},"responseTimestamp":1630501498739}