{"success":true,"code":"SUCCESS","data":{"aggregated":{"registeredUsers":173106,"appOpens":2868642},"usersByDevice":[{"brand":"Xiaomi","count":54400,"percentage":0.31425831571407115},{"brand":"Vivo","count":28624,"percentage":0.16535533141543332},{"brand":"Samsung","count":22931,"percentage":0.1324679676036648},{"brand":"Oppo","count":19865,"percentage":0.11475627650110337},{"brand":"Realme","count":10225,"percentage":0.05906785437824223},{"brand":"Huawei","count":3789,"percentage":0.021888322761776022},{"brand":"Gionee","count":3469,"percentage":0.020039744434046193},{"brand":"Apple","count":3401,"percentage":0.019646921539403603},{"brand":"Asus","count":3088,"percentage":0.017838780862592864},{"brand":"Micromax","count":2778,"percentage":0.01604797060760459},{"brand":"Others","count":20536,"percentage":0.11863251418206186}]},"responseTimestamp":1630501499250}