{"success":true,"code":"SUCCESS","data":{"aggregated":{"registeredUsers":192188,"appOpens":2922121},"usersByDevice":[{"brand":"Xiaomi","count":60222,"percentage":0.3133494286844132},{"brand":"Vivo","count":32251,"percentage":0.16780964472287552},{"brand":"Samsung","count":25567,"percentage":0.13303119861801985},{"brand":"Oppo","count":22237,"percentage":0.1157044144275397},{"brand":"Realme","count":11862,"percentage":0.06172081503527796},{"brand":"Huawei","count":4083,"percentage":0.021244822777696837},{"brand":"Apple","count":3816,"percentage":0.019855558099361043},{"brand":"Gionee","count":3711,"percentage":0.019309218057318875},{"brand":"Asus","count":3257,"percentage":0.016946947780298458},{"brand":"Micromax","count":2988,"percentage":0.015547276624971382},{"brand":"Others","count":22194,"percentage":0.1154806751722272}]},"responseTimestamp":1630501499594}