{"success":true,"code":"SUCCESS","data":{"aggregated":{"registeredUsers":1594015,"appOpens":0},"usersByDevice":[{"brand":"Xiaomi","count":432254,"percentage":0.27117310690300905},{"brand":"Samsung","count":291313,"percentage":0.1827542400792966},{"brand":"Vivo","count":191382,"percentage":0.12006286013619696},{"brand":"Oppo","count":173390,"percentage":0.10877563887416367},{"brand":"Realme","count":103671,"percentage":0.06503765648378465},{"brand":"Lenovo","count":53212,"percentage":0.03338237093126476},{"brand":"Motorola","count":52999,"percentage":0.03324874609084607},{"brand":"Micromax","count":38784,"percentage":0.024331013196237174},{"brand":"OnePlus","count":31934,"percentage":0.02003368851610556},{"brand":"Apple","count":24617,"percentage":0.01544339294172263},{"brand":"Others","count":200459,"percentage":0.12575728584737283}]},"responseTimestamp":1630501494793}