{"success":true,"code":"SUCCESS","data":{"aggregated":{"registeredUsers":2185781,"appOpens":0},"usersByDevice":[{"brand":"Xiaomi","count":607315,"percentage":0.27784805522602674},{"brand":"Samsung","count":392919,"percentage":0.1797613759109444},{"brand":"Vivo","count":268230,"percentage":0.12271586220211449},{"brand":"Oppo","count":239251,"percentage":0.10945790086015021},{"brand":"Realme","count":138640,"percentage":0.06342812935056165},{"brand":"Motorola","count":71433,"percentage":0.03268076719488366},{"brand":"Lenovo","count":70247,"percentage":0.032138169377444493},{"brand":"Micromax","count":59093,"percentage":0.027035187880213068},{"brand":"OnePlus","count":38891,"percentage":0.017792724888723986},{"brand":"Huawei","count":32639,"percentage":0.01493242003659104},{"brand":"Others","count":267123,"percentage":0.12220940707234622}]},"responseTimestamp":1630501495231}