{"success":true,"code":"SUCCESS","data":{"aggregated":{"registeredUsers":2795718,"appOpens":0},"usersByDevice":[{"brand":"Xiaomi","count":790969,"percentage":0.2829215965272606},{"brand":"Samsung","count":503965,"percentage":0.18026317389665195},{"brand":"Vivo","count":358344,"percentage":0.1281760177528635},{"brand":"Oppo","count":313700,"percentage":0.11220731132396043},{"brand":"Realme","count":177166,"percentage":0.0633704830029352},{"brand":"Motorola","count":88475,"percentage":0.03164661099581574},{"brand":"Lenovo","count":80055,"percentage":0.02863486231443944},{"brand":"Micromax","count":70830,"percentage":0.025335173290009935},{"brand":"OnePlus","count":45811,"percentage":0.016386130503863408},{"brand":"Huawei","count":44291,"percentage":0.01584244190580023},{"brand":"Others","count":322112,"percentage":0.11521619848639955}]},"responseTimestamp":1630501495625}