{"success":true,"code":"SUCCESS","data":{"aggregated":{"registeredUsers":3623911,"appOpens":0},"usersByDevice":[{"brand":"Xiaomi","count":1029813,"percentage":0.28417171393006063},{"brand":"Samsung","count":654448,"percentage":0.1805916315273747},{"brand":"Vivo","count":483043,"percentage":0.13329328452050837},{"brand":"Oppo","count":420246,"percentage":0.11596476845043932},{"brand":"Realme","count":224527,"percentage":0.061957095524696935},{"brand":"Motorola","count":110238,"percentage":0.03041962123241989},{"brand":"Lenovo","count":100977,"percentage":0.027864094896370248},{"brand":"Micromax","count":90586,"percentage":0.02499675074801782},{"brand":"Huawei","count":58827,"percentage":0.016233014552509705},{"brand":"OnePlus","count":53143,"percentage":0.01466454336213003},{"brand":"Others","count":398063,"percentage":0.10984348125547233}]},"responseTimestamp":1630501496303}