{"success":true,"code":"SUCCESS","data":{"states":null,"districts":[{"name":"gurugram","registeredUsers":1809777},{"name":"faridabad","registeredUsers":1010271},{"name":"hisar","registeredUsers":417164},{"name":"sonipat","registeredUsers":362890},{"name":"rewari","registeredUsers":354024},{"name":"panipat","registeredUsers":324833},{"name":"karnal","registeredUsers":313828},{"name":"palwal","registeredUsers":259528},{"name":"jhajjar","registeredUsers":256581},{"name":"rohtak","registeredUsers":254647}],"pincodes":[{"name":"122001","registeredUsers":293479},{"name":"121004","registeredUsers":239658},{"name":"121003","registeredUsers":198248},{"name":"121001","registeredUsers":190142},{"name":"122006","registeredUsers":157703},{"name":"122002","registeredUsers":154797},{"name":"121102","registeredUsers":142490},{"name":"124001","registeredUsers":136592},{"name":"123401","registeredUsers":135535},{"name":"122004","registeredUsers":127957}]},"responseTimestamp":1630501498620}