{"success":true,"code":"SUCCESS","data":{"states":null,"districts":[{"name":"imphal west","registeredUsers":57485},{"name":"imphal east","registeredUsers":36105},{"name":"thoubal","registeredUsers":16244},{"name":"bishnupur","registeredUsers":15333},{"name":"churachandpur","registeredUsers":12420},{"name":"kangpokpi","registeredUsers":10241},{"name":"kakching","registeredUsers":7075},{"name":"ukhrul","registeredUsers":4892},{"name":"tamenglong","registeredUsers":4169},{"name":"chandel","registeredUsers":3471}],"pincodes":[{"name":"795004","registeredUsers":28400},{"name":"795001","registeredUsers":11267},{"name":"795138","registeredUsers":8206},{"name":"795133","registeredUsers":7649},{"name":"795103","registeredUsers":6635},{"name":"795002","registeredUsers":6376},{"name":"795008","registeredUsers":6066},{"name":"795148","registeredUsers":5614},{"name":"795010","registeredUsers":5397},{"name":"795149","registeredUsers":5197}]},"responseTimestamp":1630501498435}