{"success":true,"code":"SUCCESS","data":{"states":null,"districts":[{"name":"imphal west","registeredUsers":67897},{"name":"imphal east","registeredUsers":43144},{"name":"thoubal","registeredUsers":20186},{"name":"bishnupur","registeredUsers":19027},{"name":"churachandpur","registeredUsers":15469},{"name":"kangpokpi","registeredUsers":12965},{"name":"kakching","registeredUsers":9028},{"name":"ukhrul","registeredUsers":6223},{"name":"tamenglong","registeredUsers":5158},{"name":"chandel","registeredUsers":4278}],"pincodes":[{"name":"795004","registeredUsers":32442},{"name":"795001","registeredUsers":13115},{"name":"795138","registeredUsers":10076},{"name":"795133","registeredUsers":9675},{"name":"795103","registeredUsers":8426},{"name":"795002","registeredUsers":7522},{"name":"795008","registeredUsers":7283},{"name":"795148","registeredUsers":6862},{"name":"795149","registeredUsers":6744},{"name":"795010","registeredUsers":6572}]},"responseTimestamp":1630501498736}