{"success":true,"code":"SUCCESS","data":{"states":null,"districts":[{"name":"imphal west","registeredUsers":79723},{"name":"imphal east","registeredUsers":51383},{"name":"thoubal","registeredUsers":24183},{"name":"bishnupur","registeredUsers":22965},{"name":"churachandpur","registeredUsers":19501},{"name":"kangpokpi","registeredUsers":15966},{"name":"kakching","registeredUsers":10752},{"name":"ukhrul","registeredUsers":7657},{"name":"tamenglong","registeredUsers":6475},{"name":"chandel","registeredUsers":5252}],"pincodes":[{"name":"795004","registeredUsers":37728},{"name":"795001","registeredUsers":15470},{"name":"795138","registeredUsers":12056},{"name":"795133","registeredUsers":11530},{"name":"795103","registeredUsers":10017},{"name":"795002","registeredUsers":8812},{"name":"795008","registeredUsers":8766},{"name":"795148","registeredUsers":8207},{"name":"795149","registeredUsers":8206},{"name":"795010","registeredUsers":8105}]},"responseTimestamp":1630501499175}