{"success":true,"code":"SUCCESS","data":{"states":null,"districts":[{"name":"imphal west","registeredUsers":88777},{"name":"imphal east","registeredUsers":57282},{"name":"thoubal","registeredUsers":26858},{"name":"bishnupur","registeredUsers":25629},{"name":"churachandpur","registeredUsers":21960},{"name":"kangpokpi","registeredUsers":17814},{"name":"kakching","registeredUsers":11913},{"name":"ukhrul","registeredUsers":8651},{"name":"tamenglong","registeredUsers":7322},{"name":"chandel","registeredUsers":5987}],"pincodes":[{"name":"795004","registeredUsers":41917},{"name":"795001","registeredUsers":17273},{"name":"795138","registeredUsers":13264},{"name":"795133","registeredUsers":12893},{"name":"795103","registeredUsers":11106},{"name":"795008","registeredUsers":9845},{"name":"795002","registeredUsers":9803},{"name":"795148","registeredUsers":9237},{"name":"795149","registeredUsers":9058},{"name":"795010","registeredUsers":9055}]},"responseTimestamp":1630501499594}