{"success":true,"code":"SUCCESS","data":{"aggregated":{"registeredUsers":24095832,"appOpens":1084917385},"usersByDevice":[{"brand":"Xiaomi","count":6173033,"percentage":0.2561867546221272},{"brand":"Samsung","count":4808995,"percentage":0.1995778772029951},{"brand":"Vivo","count":4760972,"percentage":0.1975848769197926},{"brand":"Oppo","count":2840533,"percentage":0.11788482755025849},{"brand":"Realme","count":932695,"percentage":0.038707731694012475},{"brand":"Apple","count":874661,"percentage":0.036299265366724},{"brand":"OnePlus","count":736433,"percentage":0.030562671585691665},{"brand":"Motorola","count":644344,"percentage":0.02674089029173178},{"brand":"Huawei","count":430094,"percentage":0.01784931103437308},{"brand":"Lenovo","count":358120,"percentage":0.014862321417247597},{"brand":"Others","count":1535952,"percentage":0.06374347231504603}]},"responseTimestamp":1630501499861}