{"success":true,"code":"SUCCESS","data":{"aggregated":{"registeredUsers":25751023,"appOpens":1051089714},"usersByDevice":[{"brand":"Xiaomi","count":6567268,"percentage":0.2550294021328784},{"brand":"Vivo","count":5226819,"percentage":0.20297519830571392},{"brand":"Samsung","count":5073030,"percentage":0.19700304721874545},{"brand":"Oppo","count":3067347,"percentage":0.11911553960399943},{"brand":"Realme","count":1108812,"percentage":0.043058949541538605},{"brand":"Apple","count":931735,"percentage":0.03618244603330904},{"brand":"OnePlus","count":794419,"percentage":0.03084999768747051},{"brand":"Motorola","count":635937,"percentage":0.024695601413582676},{"brand":"Huawei","count":423934,"percentage":0.016462802273913547},{"brand":"Lenovo","count":343779,"percentage":0.013350110401439198},{"brand":"Others","count":1577943,"percentage":0.06127690538740927}]},"responseTimestamp":1630501500346}