{"success":true,"code":"SUCCESS","data":{"aggregated":{"registeredUsers":27614221,"appOpens":1366781087},"usersByDevice":[{"brand":"Xiaomi","count":6973776,"percentage":0.25254291982381105},{"brand":"Vivo","count":5824764,"percentage":0.21093348966824013},{"brand":"Samsung","count":5266120,"percentage":0.19070318876639686},{"brand":"Oppo","count":3352923,"percentage":0.121420155216401},{"brand":"Realme","count":1315961,"percentage":0.04765519186653862},{"brand":"Apple","count":999896,"percentage":0.03620945888714369},{"brand":"OnePlus","count":906742,"percentage":0.03283605211966689},{"brand":"Motorola","count":618317,"percentage":0.02239125268100085},{"brand":"Huawei","count":423894,"percentage":0.015350568824664654},{"brand":"Lenovo","count":322124,"percentage":0.01166514891004892},{"brand":"Others","count":1609704,"percentage":0.0582925732360873}]},"responseTimestamp":1634575152847}