{"success":true,"code":"SUCCESS","data":{"aggregated":{"registeredUsers":29459646,"appOpens":1941558513},"usersByDevice":[{"brand":"Xiaomi","count":7306532,"percentage":0.248018323098655},{"brand":"Vivo","count":6391484,"percentage":0.21695725739542152},{"brand":"Samsung","count":5458878,"percentage":0.18530018996154943},{"brand":"Oppo","count":3645496,"percentage":0.12374541092584751},{"brand":"Realme","count":1586292,"percentage":0.05384626821381357},{"brand":"Apple","count":1120969,"percentage":0.03805100034128041},{"brand":"OnePlus","count":1018047,"percentage":0.03455733989471564},{"brand":"Motorola","count":606099,"percentage":0.020573872476268046},{"brand":"Huawei","count":403084,"percentage":0.01368258125029744},{"brand":"Lenovo","count":295548,"percentage":0.010032299777125631},{"brand":"Others","count":1627217,"percentage":0.05523545666502578}]},"responseTimestamp":1643295767979}