{"success":true,"code":"SUCCESS","data":{"states":[{"name":"maharashtra","registeredUsers":28765086},{"name":"uttar pradesh","registeredUsers":22498519},{"name":"karnataka","registeredUsers":18655366},{"name":"andhra pradesh","registeredUsers":14319675},{"name":"rajasthan","registeredUsers":13563201},{"name":"telangana","registeredUsers":13378191},{"name":"west bengal","registeredUsers":13222022},{"name":"tamil nadu","registeredUsers":12150786},{"name":"gujarat","registeredUsers":11392657},{"name":"madhya pradesh","registeredUsers":11374423}],"districts":[{"name":"bengaluru urban","registeredUsers":8028070},{"name":"pune","registeredUsers":5144688},{"name":"jaipur","registeredUsers":3182014},{"name":"thane","registeredUsers":3135101},{"name":"mumbai suburban","registeredUsers":3060916},{"name":"hyderabad","registeredUsers":2653534},{"name":"ahmadabad","registeredUsers":2384154},{"name":"rangareddy","registeredUsers":2313748},{"name":"north twenty four parganas","registeredUsers":1966125},{"name":"medchal malkajgiri","registeredUsers":1963353}],"pincodes":[{"name":"201301","registeredUsers":445271},{"name":"110059","registeredUsers":365614},{"name":"560068","registeredUsers":351484},{"name":"500072","registeredUsers":309469},{"name":"421302","registeredUsers":298762},{"name":"110092","registeredUsers":295000},{"name":"122001","registeredUsers":293479},{"name":"560078","registeredUsers":247869},{"name":"110086","registeredUsers":246312},{"name":"395006","registeredUsers":245129}]},"responseTimestamp":1630501482819}