{"success":true,"code":"SUCCESS","data":{"states":[{"name":"maharashtra","registeredUsers":31409513},{"name":"uttar pradesh","registeredUsers":24838116},{"name":"karnataka","registeredUsers":20487550},{"name":"andhra pradesh","registeredUsers":15692405},{"name":"rajasthan","registeredUsers":14969412},{"name":"telangana","registeredUsers":14590882},{"name":"west bengal","registeredUsers":14448366},{"name":"tamil nadu","registeredUsers":13643451},{"name":"madhya pradesh","registeredUsers":12564224},{"name":"gujarat","registeredUsers":12467847}],"districts":[{"name":"bengaluru urban","registeredUsers":8611452},{"name":"pune","registeredUsers":5546002},{"name":"jaipur","registeredUsers":3433167},{"name":"thane","registeredUsers":3401853},{"name":"mumbai suburban","registeredUsers":3304696},{"name":"hyderabad","registeredUsers":2875965},{"name":"ahmadabad","registeredUsers":2580178},{"name":"rangareddy","registeredUsers":2495699},{"name":"north twenty four parganas","registeredUsers":2143943},{"name":"medchal malkajgiri","registeredUsers":2111567}],"pincodes":[{"name":"201301","registeredUsers":472490},{"name":"110059","registeredUsers":393571},{"name":"560068","registeredUsers":373446},{"name":"421302","registeredUsers":328833},{"name":"500072","registeredUsers":328018},{"name":"110092","registeredUsers":314384},{"name":"122001","registeredUsers":314031},{"name":"110086","registeredUsers":267186},{"name":"560078","registeredUsers":265627},{"name":"121004","registeredUsers":261230}]},"responseTimestamp":1630501483101}