{"success":true,"code":"SUCCESS","data":{"aggregated":{"registeredUsers":2133804,"appOpens":0},"usersByDevice":[{"brand":"Xiaomi","count":596264,"percentage":0.2794370991899912},{"brand":"Samsung","count":450851,"percentage":0.21128979043998417},{"brand":"Vivo","count":233197,"percentage":0.10928698230952796},{"brand":"Oppo","count":220040,"percentage":0.10312099892961116},{"brand":"Realme","count":155139,"percentage":0.07270536562870816},{"brand":"Motorola","count":57712,"percentage":0.027046532858688053},{"brand":"Lenovo","count":51012,"percentage":0.023906600606241248},{"brand":"Micromax","count":37949,"percentage":0.017784670007179666},{"brand":"Apple","count":31149,"percentage":0.014597873094248582},{"brand":"Huawei","count":30652,"percentage":0.014364955731641706},{"brand":"Others","count":269839,"percentage":0.12645913120417807}]},"responseTimestamp":1630501494617}