{"success":true,"code":"SUCCESS","data":{"aggregated":{"registeredUsers":3005872,"appOpens":0},"usersByDevice":[{"brand":"Xiaomi","count":856356,"percentage":0.28489436675946284},{"brand":"Samsung","count":632694,"percentage":0.21048600871893414},{"brand":"Vivo","count":340287,"percentage":0.11320741535235034},{"brand":"Oppo","count":315880,"percentage":0.10508764178913806},{"brand":"Realme","count":215953,"percentage":0.07184371124252796},{"brand":"Motorola","count":77813,"percentage":0.025886997184178168},{"brand":"Lenovo","count":68280,"percentage":0.022715538120053017},{"brand":"Micromax","count":51961,"percentage":0.01728649789478727},{"brand":"Huawei","count":43343,"percentage":0.014419443010214673},{"brand":"Apple","count":39300,"percentage":0.013074409023404855},{"brand":"Others","count":364005,"percentage":0.12109797090494871}]},"responseTimestamp":1630501494940}