{"success":true,"code":"SUCCESS","data":{"aggregated":{"registeredUsers":3784535,"appOpens":0},"usersByDevice":[{"brand":"Xiaomi","count":1098938,"percentage":0.2903759642862333},{"brand":"Samsung","count":799534,"percentage":0.2112634709416084},{"brand":"Vivo","count":448602,"percentage":0.11853556645664527},{"brand":"Oppo","count":407853,"percentage":0.10776832556707759},{"brand":"Realme","count":274517,"percentage":0.07253652033869419},{"brand":"Motorola","count":93118,"percentage":0.024604872196980605},{"brand":"Lenovo","count":75263,"percentage":0.019886987437029914},{"brand":"Huawei","count":57713,"percentage":0.015249693819716293},{"brand":"Micromax","count":54364,"percentage":0.014364776650235762},{"brand":"Apple","count":45016,"percentage":0.011894724186723072},{"brand":"Others","count":429617,"percentage":0.11351909811905558}]},"responseTimestamp":1630501495452}