{"success":true,"code":"SUCCESS","data":{"aggregated":{"registeredUsers":4776665,"appOpens":0},"usersByDevice":[{"brand":"Xiaomi","count":1399341,"percentage":0.2929535565085682},{"brand":"Samsung","count":1008369,"percentage":0.21110314413926873},{"brand":"Vivo","count":590399,"percentage":0.12360067117957822},{"brand":"Oppo","count":528034,"percentage":0.11054449076918729},{"brand":"Realme","count":346806,"percentage":0.07260421235317947},{"brand":"Motorola","count":111948,"percentage":0.023436435253466593},{"brand":"Lenovo","count":92104,"percentage":0.019282072324519305},{"brand":"Huawei","count":75369,"percentage":0.015778581918556148},{"brand":"Micromax","count":61472,"percentage":0.012869229891566606},{"brand":"Apple","count":52872,"percentage":0.01106881056134353},{"brand":"Others","count":509951,"percentage":0.10675879510076591}]},"responseTimestamp":1630501495873}