{"success":true,"code":"SUCCESS","data":{"aggregated":{"registeredUsers":76957,"appOpens":0},"usersByDevice":[{"brand":"Xiaomi","count":18809,"percentage":0.24440921553594866},{"brand":"Samsung","count":15537,"percentage":0.20189196564315137},{"brand":"Vivo","count":14892,"percentage":0.19351066179814702},{"brand":"Oppo","count":10738,"percentage":0.13953246618241355},{"brand":"Realme","count":4413,"percentage":0.05734371142326234},{"brand":"Apple","count":1870,"percentage":0.024299284015749056},{"brand":"Gionee","count":1310,"percentage":0.01702249308055148},{"brand":"Motorola","count":1137,"percentage":0.01477448445235651},{"brand":"OnePlus","count":1114,"percentage":0.014475616253232324},{"brand":"Huawei","count":972,"percentage":0.012630429980378654},{"brand":"Others","count":6165,"percentage":0.08010967163480905}]},"responseTimestamp":1630501496432}