{"success":true,"code":"SUCCESS","data":{"aggregated":{"registeredUsers":95885,"appOpens":502873},"usersByDevice":[{"brand":"Xiaomi","count":23326,"percentage":0.24327058455441414},{"brand":"Samsung","count":19719,"percentage":0.2056526046826928},{"brand":"Vivo","count":18958,"percentage":0.1977160139750743},{"brand":"Oppo","count":13678,"percentage":0.14265004953850968},{"brand":"Realme","count":5425,"percentage":0.05657819262658393},{"brand":"Apple","count":2169,"percentage":0.022620847890702404},{"brand":"Gionee","count":1608,"percentage":0.016770089169317413},{"brand":"Motorola","count":1404,"percentage":0.014642540543359232},{"brand":"OnePlus","count":1251,"percentage":0.013046879073890598},{"brand":"Huawei","count":1175,"percentage":0.012254262919121866},{"brand":"Others","count":7172,"percentage":0.07479793502633363}]},"responseTimestamp":1630501496746}