{"success":true,"code":"SUCCESS","data":{"aggregated":{"registeredUsers":112149,"appOpens":1811700},"usersByDevice":[{"brand":"Xiaomi","count":27394,"percentage":0.24426432692221955},{"brand":"Vivo","count":22731,"percentage":0.2026857127571356},{"brand":"Samsung","count":22720,"percentage":0.20258762895790422},{"brand":"Oppo","count":16262,"percentage":0.14500352210006331},{"brand":"Realme","count":6477,"percentage":0.057753524329240566},{"brand":"Apple","count":2509,"percentage":0.022372022933775604},{"brand":"Gionee","count":1800,"percentage":0.01605007623786213},{"brand":"Motorola","count":1561,"percentage":0.01391898278183488},{"brand":"OnePlus","count":1390,"percentage":0.012394225539237977},{"brand":"Huawei","count":1377,"percentage":0.01227830832196453},{"brand":"Others","count":7928,"percentage":0.07069166911876165}]},"responseTimestamp":1630501497384}