{"success":true,"code":"SUCCESS","data":{"aggregated":{"registeredUsers":129321,"appOpens":2140340},"usersByDevice":[{"brand":"Xiaomi","count":31369,"percentage":0.242566945816998},{"brand":"Vivo","count":26787,"percentage":0.20713573201568192},{"brand":"Samsung","count":26087,"percentage":0.20172284470426305},{"brand":"Oppo","count":19208,"percentage":0.14852962782533385},{"brand":"Realme","count":7743,"percentage":0.0598742663604519},{"brand":"Apple","count":2811,"percentage":0.02173660890342636},{"brand":"Gionee","count":1983,"percentage":0.015333936483633749},{"brand":"Motorola","count":1637,"percentage":0.012658423612560992},{"brand":"Huawei","count":1581,"percentage":0.012225392627647482},{"brand":"OnePlus","count":1535,"percentage":0.011869688604325671},{"brand":"Others","count":8580,"percentage":0.06634653304567703}]},"responseTimestamp":1630501497843}