{"success":true,"code":"SUCCESS","data":{"aggregated":{"registeredUsers":218996326,"appOpens":4357634272},"usersByDevice":[{"brand":"Xiaomi","count":56202867,"percentage":0.25663840132185595},{"brand":"Samsung","count":43708551,"percentage":0.19958577295949706},{"brand":"Vivo","count":38093292,"percentage":0.17394489074670594},{"brand":"Oppo","count":26438928,"percentage":0.12072772398930565},{"brand":"Realme","count":12034857,"percentage":0.05495460686404392},{"brand":"Apple","count":6099798,"percentage":0.02785342618030953},{"brand":"Motorola","count":5066664,"percentage":0.02313584018756552},{"brand":"Huawei","count":4210805,"percentage":0.01922774266085176},{"brand":"OnePlus","count":4176941,"percentage":0.019073109929707222},{"brand":"Lenovo","count":3472895,"percentage":0.01585823407831965},{"brand":"Others","count":19490728,"percentage":0.08900025108183779}]},"responseTimestamp":1630501482811}