{"success":true,"code":"SUCCESS","data":{"aggregated":{"registeredUsers":264271293,"appOpens":7461623162},"usersByDevice":[{"brand":"Xiaomi","count":66711711,"percentage":0.2524364649776773},{"brand":"Samsung","count":52578970,"percentage":0.19895831061756677},{"brand":"Vivo","count":48210115,"percentage":0.18242660582888207},{"brand":"Oppo","count":32684041,"percentage":0.12367609296103152},{"brand":"Realme","count":15590747,"percentage":0.05899523487025131},{"brand":"Apple","count":7052763,"percentage":0.026687586532525877},{"brand":"Motorola","count":5650618,"percentage":0.02138188350257173},{"brand":"Huawei","count":4915828,"percentage":0.01860144529583847},{"brand":"OnePlus","count":4621214,"percentage":0.017486628787940276},{"brand":"Lenovo","count":3880170,"percentage":0.01468252550609044},{"brand":"Others","count":22375116,"percentage":0.08466722111962421}]},"responseTimestamp":1630501483101}