{"success":true,"code":"SUCCESS","data":{"states":[{"entityName":"west bengal","metric":{"type":"TOTAL","count":53705416,"amount":4.1843934183177635E10}},{"entityName":"maharashtra","metric":{"type":"TOTAL","count":31538538,"amount":5.226081773324835E10}},{"entityName":"odisha","metric":{"type":"TOTAL","count":30052155,"amount":2.3094515775585762E10}},{"entityName":"uttar pradesh","metric":{"type":"TOTAL","count":26515356,"amount":3.701211436923937E10}},{"entityName":"karnataka","metric":{"type":"TOTAL","count":25980261,"amount":4.822509175580772E10}},{"entityName":"andhra pradesh","metric":{"type":"TOTAL","count":25626061,"amount":3.571804459921416E10}},{"entityName":"telangana","metric":{"type":"TOTAL","count":19332703,"amount":3.203009320972354E10}},{"entityName":"delhi","metric":{"type":"TOTAL","count":18547048,"amount":2.7375846860618515E10}},{"entityName":"madhya pradesh","metric":{"type":"TOTAL","count":17126985,"amount":2.4149742204673225E10}},{"entityName":"tamil nadu","metric":{"type":"TOTAL","count":15774078,"amount":2.933009224118405E10}}],"districts":[{"entityName":"bengaluru urban","metric":{"type":"TOTAL","count":18405424,"amount":3.381283528227632E10}},{"entityName":"central delhi","metric":{"type":"TOTAL","count":8165361,"amount":1.0515884583426525E10}},{"entityName":"pune","metric":{"type":"TOTAL","count":7890491,"amount":1.2601613622467594E10}},{"entityName":"birbhum","metric":{"type":"TOTAL","count":6066238,"amount":6.130627463516832E9}},{"entityName":"chennai","metric":{"type":"TOTAL","count":5887343,"amount":1.0122319547137985E10}},{"entityName":"hyderabad","metric":{"type":"TOTAL","count":5786941,"amount":9.503554478108147E9}},{"entityName":"khordha","metric":{"type":"TOTAL","count":5333443,"amount":4.389717266977921E9}},{"entityName":"bankura","metric":{"type":"TOTAL","count":5179457,"amount":2.464193070534754E9}},{"entityName":"jaipur","metric":{"type":"TOTAL","count":4954443,"amount":7.88214949455468E9}},{"entityName":"north twenty four parganas","metric":{"type":"TOTAL","count":4856114,"amount":4.545902671152222E9}}],"pincodes":[{"entityName":"110006","metric":{"type":"TOTAL","count":7198882,"amount":9.029499185157822E9}},{"entityName":"560001","metric":{"type":"TOTAL","count":5764203,"amount":1.0161197002295376E10}},{"entityName":"600003","metric":{"type":"TOTAL","count":4430587,"amount":7.070098756153783E9}},{"entityName":"400008","metric":{"type":"TOTAL","count":3111609,"amount":5.43600556519679E9}},{"entityName":"731101","metric":{"type":"TOTAL","count":2644866,"amount":4.429377129783087E9}},{"entityName":"700009","metric":{"type":"TOTAL","count":2531420,"amount":3.5555533125767612E9}},{"entityName":"500012","metric":{"type":"TOTAL","count":1726388,"amount":3.077635699337487E9}},{"entityName":"411001","metric":{"type":"TOTAL","count":1689517,"amount":2.8296396834067717E9}},{"entityName":"221001","metric":{"type":"TOTAL","count":1439623,"amount":6.717798765266988E8}},{"entityName":"201301","metric":{"type":"TOTAL","count":1438458,"amount":2.1816268664046803E9}}]},"responseTimestamp":1630501481911}