{"success":true,"code":"SUCCESS","data":{"aggregated":{"registeredUsers":9233009,"appOpens":301315474},"usersByDevice":[{"brand":"Xiaomi","count":2614110,"percentage":0.28312655170161755},{"brand":"Samsung","count":1605021,"percentage":0.17383509536273603},{"brand":"Vivo","count":1523937,"percentage":0.16505312623436194},{"brand":"Oppo","count":1237047,"percentage":0.1339809156473258},{"brand":"Realme","count":742037,"percentage":0.08036784107976067},{"brand":"Motorola","count":197806,"percentage":0.02142378503042724},{"brand":"Lenovo","count":160152,"percentage":0.017345591236832977},{"brand":"Huawei","count":145607,"percentage":0.015770265143248533},{"brand":"Micromax","count":126538,"percentage":0.013704957939497298},{"brand":"OnePlus","count":89904,"percentage":0.009737237340502972},{"brand":"Others","count":790850,"percentage":0.085654633283689}]},"responseTimestamp":1630501499997}