{"success":true,"code":"SUCCESS","data":{"aggregated":{"registeredUsers":9891029,"appOpens":367576494},"usersByDevice":[{"brand":"Xiaomi","count":2776465,"percentage":0.28070537453686567},{"brand":"Samsung","count":1688178,"percentage":0.1706776918761435},{"brand":"Vivo","count":1666083,"percentage":0.16844384947208224},{"brand":"Oppo","count":1331944,"percentage":0.13466182335528487},{"brand":"Realme","count":877531,"percentage":0.08871988950795716},{"brand":"Motorola","count":196873,"percentage":0.019904198036422703},{"brand":"Lenovo","count":154993,"percentage":0.015670058191114392},{"brand":"Huawei","count":141842,"percentage":0.01434046953052104},{"brand":"Micromax","count":122934,"percentage":0.012428838293771052},{"brand":"OnePlus","count":100281,"percentage":0.010138581132458514},{"brand":"Others","count":833905,"percentage":0.08430922606737884}]},"responseTimestamp":1630501500431}