{"success":true,"code":"SUCCESS","data":{"aggregated":{"registeredUsers":10652490,"appOpens":492879704},"usersByDevice":[{"brand":"Xiaomi","count":2958185,"percentage":0.27769892297481624},{"brand":"Vivo","count":1849105,"percentage":0.17358429813123505},{"brand":"Samsung","count":1745741,"percentage":0.1638810268772841},{"brand":"Oppo","count":1456997,"percentage":0.13677525160784004},{"brand":"Realme","count":1038215,"percentage":0.09746218959135376},{"brand":"Motorola","count":193489,"percentage":0.018163734488368447},{"brand":"Lenovo","count":148332,"percentage":0.013924631705826526},{"brand":"Huawei","count":146495,"percentage":0.013752183761730825},{"brand":"Micromax","count":120590,"percentage":0.01132035796325554},{"brand":"OnePlus","count":120517,"percentage":0.011313505105379118},{"brand":"Others","count":874824,"percentage":0.08212389779291039}]},"responseTimestamp":1634575145977}