{"success":true,"code":"SUCCESS","data":{"aggregated":{"registeredUsers":11399235,"appOpens":567351446},"usersByDevice":[{"brand":"Xiaomi","count":3105043,"percentage":0.2723904718167491},{"brand":"Vivo","count":2017533,"percentage":0.17698845580427108},{"brand":"Samsung","count":1803261,"percentage":0.15819140494954267},{"brand":"Oppo","count":1574160,"percentage":0.1380934773254521},{"brand":"Realme","count":1250982,"percentage":0.10974262746579047},{"brand":"Motorola","count":194973,"percentage":0.017104042508115678},{"brand":"OnePlus","count":144365,"percentage":0.012664446342232615},{"brand":"Huawei","count":140106,"percentage":0.012290824779031224},{"brand":"Lenovo","count":138057,"percentage":0.012111075874828443},{"brand":"Micromax","count":116563,"percentage":0.01022551074699311},{"brand":"Others","count":914192,"percentage":0.08019766238699351}]},"responseTimestamp":1643295761066}