{"success":true,"code":"SUCCESS","data":{"states":null,"districts":[{"name":"khordha","registeredUsers":1415897},{"name":"cuttack","registeredUsers":784846},{"name":"ganjam","registeredUsers":721311},{"name":"baleshwar","registeredUsers":557273},{"name":"jajapur","registeredUsers":484003},{"name":"sundargarh","registeredUsers":450776},{"name":"puri","registeredUsers":431553},{"name":"bhadrak","registeredUsers":366825},{"name":"kendujhar","registeredUsers":352967},{"name":"mayurbhanj","registeredUsers":318465}],"pincodes":[{"name":"751002","registeredUsers":92941},{"name":"751024","registeredUsers":87271},{"name":"751006","registeredUsers":82195},{"name":"753001","registeredUsers":77095},{"name":"760001","registeredUsers":76245},{"name":"751012","registeredUsers":70547},{"name":"756001","registeredUsers":70160},{"name":"751003","registeredUsers":66879},{"name":"752001","registeredUsers":66244},{"name":"751019","registeredUsers":65393}]},"responseTimestamp":1630501499997}