{"success":true,"code":"SUCCESS","data":{"states":null,"districts":[{"name":"khordha","registeredUsers":1511068},{"name":"cuttack","registeredUsers":838924},{"name":"ganjam","registeredUsers":772409},{"name":"baleshwar","registeredUsers":596366},{"name":"jajapur","registeredUsers":518570},{"name":"sundargarh","registeredUsers":482937},{"name":"puri","registeredUsers":462146},{"name":"bhadrak","registeredUsers":392928},{"name":"kendujhar","registeredUsers":379263},{"name":"mayurbhanj","registeredUsers":342898}],"pincodes":[{"name":"751002","registeredUsers":99150},{"name":"751024","registeredUsers":93000},{"name":"751006","registeredUsers":87528},{"name":"753001","registeredUsers":82375},{"name":"760001","registeredUsers":81360},{"name":"751012","registeredUsers":75248},{"name":"756001","registeredUsers":74777},{"name":"751003","registeredUsers":71314},{"name":"752001","registeredUsers":70847},{"name":"751019","registeredUsers":69825}]},"responseTimestamp":1630501500434}