{"success":true,"code":"SUCCESS","data":{"states":null,"districts":[{"name":"khordha","registeredUsers":1618171},{"name":"cuttack","registeredUsers":900706},{"name":"ganjam","registeredUsers":831869},{"name":"baleshwar","registeredUsers":641826},{"name":"jajapur","registeredUsers":558822},{"name":"sundargarh","registeredUsers":520155},{"name":"puri","registeredUsers":497069},{"name":"bhadrak","registeredUsers":423068},{"name":"kendujhar","registeredUsers":410049},{"name":"mayurbhanj","registeredUsers":371425}],"pincodes":[{"name":"751002","registeredUsers":106076},{"name":"751024","registeredUsers":99369},{"name":"751006","registeredUsers":93529},{"name":"753001","registeredUsers":88199},{"name":"760001","registeredUsers":86980},{"name":"751012","registeredUsers":80366},{"name":"756001","registeredUsers":80060},{"name":"751003","registeredUsers":76274},{"name":"752001","registeredUsers":75916},{"name":"751019","registeredUsers":74760}]},"responseTimestamp":1634575146255}