{"success":true,"code":"SUCCESS","data":{"states":null,"districts":[{"name":"khordha","registeredUsers":1725313},{"name":"cuttack","registeredUsers":962341},{"name":"ganjam","registeredUsers":889686},{"name":"baleshwar","registeredUsers":685881},{"name":"jajapur","registeredUsers":598043},{"name":"sundargarh","registeredUsers":556973},{"name":"puri","registeredUsers":531127},{"name":"bhadrak","registeredUsers":452384},{"name":"kendujhar","registeredUsers":440078},{"name":"mayurbhanj","registeredUsers":399076}],"pincodes":[{"name":"751002","registeredUsers":113032},{"name":"751024","registeredUsers":105857},{"name":"751006","registeredUsers":99613},{"name":"753001","registeredUsers":94137},{"name":"760001","registeredUsers":92651},{"name":"751012","registeredUsers":85593},{"name":"756001","registeredUsers":85311},{"name":"751003","registeredUsers":81290},{"name":"752001","registeredUsers":80864},{"name":"751019","registeredUsers":79669}]},"responseTimestamp":1643295761298}