{"success":true,"code":"SUCCESS","data":{"hoverDataList":[{"name":"madhepura district","metric":[{"type":"TOTAL","count":79822,"amount":8.507394580231695E7}]},{"name":"purnia district","metric":[{"type":"TOTAL","count":132262,"amount":1.399472090171691E8}]},{"name":"nalanda district","metric":[{"type":"TOTAL","count":208901,"amount":1.906134859647957E8}]},{"name":"buxar district","metric":[{"type":"TOTAL","count":61490,"amount":5.6987162135050416E7}]},{"name":"darbhanga district","metric":[{"type":"TOTAL","count":217364,"amount":2.2462830162800157E8}]},{"name":"nawada district","metric":[{"type":"TOTAL","count":78480,"amount":8.116159244495997E7}]},{"name":"jamui district","metric":[{"type":"TOTAL","count":48226,"amount":4.45656326441077E7}]},{"name":"sheikhpura district","metric":[{"type":"TOTAL","count":20728,"amount":2.363013207561916E7}]},{"name":"siwan district","metric":[{"type":"TOTAL","count":129094,"amount":1.69228975706601E8}]},{"name":"muzaffarpur district","metric":[{"type":"TOTAL","count":388401,"amount":3.947171125966706E8}]},{"name":"patna district","metric":[{"type":"TOTAL","count":1197281,"amount":1.2824920506392517E9}]},{"name":"jehanabad district","metric":[{"type":"TOTAL","count":52401,"amount":4.7274894952514395E7}]},{"name":"rohtas district","metric":[{"type":"TOTAL","count":201231,"amount":1.813789949786085E8}]},{"name":"begusarai district","metric":[{"type":"TOTAL","count":134911,"amount":1.3026572966231602E8}]},{"name":"supaul district","metric":[{"type":"TOTAL","count":85807,"amount":7.131309135844366E7}]},{"name":"sitamarhi district","metric":[{"type":"TOTAL","count":145625,"amount":1.6228168013643384E8}]},{"name":"saran district","metric":[{"type":"TOTAL","count":149786,"amount":1.71839806769135E8}]},{"name":"arwal district","metric":[{"type":"TOTAL","count":31620,"amount":2.7549102079531405E7}]},{"name":"vaishali district","metric":[{"type":"TOTAL","count":201678,"amount":2.1179462632466358E8}]},{"name":"pashchim champaran district","metric":[{"type":"TOTAL","count":215866,"amount":2.3619049664302668E8}]},{"name":"gopalganj district","metric":[{"type":"TOTAL","count":107134,"amount":1.4107059051185086E8}]},{"name":"lakhisarai district","metric":[{"type":"TOTAL","count":42937,"amount":4.361167507515131E7}]},{"name":"aurangabad district","metric":[{"type":"TOTAL","count":114354,"amount":1.1473753786150897E8}]},{"name":"kaimur bhabua district","metric":[{"type":"TOTAL","count":64493,"amount":7.011015870484145E7}]},{"name":"araria district","metric":[{"type":"TOTAL","count":81597,"amount":9.518406764819424E7}]},{"name":"munger district","metric":[{"type":"TOTAL","count":64639,"amount":6.4455596263603695E7}]},{"name":"katihar district","metric":[{"type":"TOTAL","count":138075,"amount":1.2970164552738735E8}]},{"name":"khagaria district","metric":[{"type":"TOTAL","count":65892,"amount":7.195589482466315E7}]},{"name":"saharsa district","metric":[{"type":"TOTAL","count":88087,"amount":8.203881977477607E7}]},{"name":"bhagalpur district","metric":[{"type":"TOTAL","count":174456,"amount":1.7290579612309915E8}]},{"name":"madhubani district","metric":[{"type":"TOTAL","count":173946,"amount":2.03080851021446E8}]},{"name":"kishanganj district","metric":[{"type":"TOTAL","count":38179,"amount":4.588079035124814E7}]},{"name":"gaya district","metric":[{"type":"TOTAL","count":231873,"amount":2.2747016614682063E8}]},{"name":"samastipur district","metric":[{"type":"TOTAL","count":222241,"amount":2.1363412482589722E8}]},{"name":"banka district","metric":[{"type":"TOTAL","count":39192,"amount":3.262379599344401E7}]},{"name":"purbi champaran district","metric":[{"type":"TOTAL","count":254643,"amount":2.6419291845434484E8}]},{"name":"sheohar district","metric":[{"type":"TOTAL","count":25700,"amount":2.2183882577362113E7}]},{"name":"bhojpur district","metric":[{"type":"TOTAL","count":115890,"amount":1.1798583677226338E8}]}]},"responseTimestamp":1630502910687}