{"success":true,"code":"SUCCESS","data":{"hoverDataList":[{"name":"madhepura district","metric":[{"type":"TOTAL","count":128793,"amount":2.576663535333141E8}]},{"name":"purnia district","metric":[{"type":"TOTAL","count":200492,"amount":3.4128820635140955E8}]},{"name":"nalanda district","metric":[{"type":"TOTAL","count":306468,"amount":3.6815603443526965E8}]},{"name":"buxar district","metric":[{"type":"TOTAL","count":95499,"amount":1.2137012435207516E8}]},{"name":"darbhanga district","metric":[{"type":"TOTAL","count":322140,"amount":5.695733096554229E8}]},{"name":"nawada district","metric":[{"type":"TOTAL","count":117582,"amount":1.7187732067431092E8}]},{"name":"jamui district","metric":[{"type":"TOTAL","count":73817,"amount":1.0550769566701967E8}]},{"name":"sheikhpura district","metric":[{"type":"TOTAL","count":30292,"amount":4.3496026134309486E7}]},{"name":"siwan district","metric":[{"type":"TOTAL","count":216997,"amount":4.4988807739217174E8}]},{"name":"muzaffarpur district","metric":[{"type":"TOTAL","count":554675,"amount":8.412763177006266E8}]},{"name":"patna district","metric":[{"type":"TOTAL","count":1650942,"amount":2.3288391556378717E9}]},{"name":"jehanabad district","metric":[{"type":"TOTAL","count":76302,"amount":9.403082414988841E7}]},{"name":"rohtas district","metric":[{"type":"TOTAL","count":281535,"amount":3.6488975110899305E8}]},{"name":"begusarai district","metric":[{"type":"TOTAL","count":200949,"amount":2.764624209598826E8}]},{"name":"supaul district","metric":[{"type":"TOTAL","count":120248,"amount":2.075877183219347E8}]},{"name":"sitamarhi district","metric":[{"type":"TOTAL","count":207834,"amount":3.275561106386512E8}]},{"name":"saran district","metric":[{"type":"TOTAL","count":261588,"amount":4.74215326876581E8}]},{"name":"arwal district","metric":[{"type":"TOTAL","count":41799,"amount":5.192402992783449E7}]},{"name":"vaishali district","metric":[{"type":"TOTAL","count":316405,"amount":4.710711294019304E8}]},{"name":"pashchim champaran district","metric":[{"type":"TOTAL","count":305553,"amount":5.423799889027045E8}]},{"name":"gopalganj district","metric":[{"type":"TOTAL","count":176783,"amount":3.611559642833132E8}]},{"name":"lakhisarai district","metric":[{"type":"TOTAL","count":63428,"amount":7.981156697732757E7}]},{"name":"aurangabad district","metric":[{"type":"TOTAL","count":166360,"amount":2.4269482373033327E8}]},{"name":"kaimur bhabua district","metric":[{"type":"TOTAL","count":95278,"amount":1.3315580811253244E8}]},{"name":"araria district","metric":[{"type":"TOTAL","count":144230,"amount":3.403998773329379E8}]},{"name":"munger district","metric":[{"type":"TOTAL","count":104641,"amount":1.3565446906000394E8}]},{"name":"katihar district","metric":[{"type":"TOTAL","count":218980,"amount":3.639892127444124E8}]},{"name":"khagaria district","metric":[{"type":"TOTAL","count":107663,"amount":1.718332737425387E8}]},{"name":"saharsa district","metric":[{"type":"TOTAL","count":137218,"amount":2.28422183974468E8}]},{"name":"bhagalpur district","metric":[{"type":"TOTAL","count":265147,"amount":3.7391220078000844E8}]},{"name":"madhubani district","metric":[{"type":"TOTAL","count":286112,"amount":5.548294696286854E8}]},{"name":"kishanganj district","metric":[{"type":"TOTAL","count":68492,"amount":1.3786703027901366E8}]},{"name":"gaya district","metric":[{"type":"TOTAL","count":324390,"amount":4.380420557809131E8}]},{"name":"samastipur district","metric":[{"type":"TOTAL","count":316985,"amount":5.02582636032881E8}]},{"name":"banka district","metric":[{"type":"TOTAL","count":62184,"amount":7.157969162372304E7}]},{"name":"purbi champaran district","metric":[{"type":"TOTAL","count":373033,"amount":6.504525505678003E8}]},{"name":"sheohar district","metric":[{"type":"TOTAL","count":31877,"amount":4.977070640070893E7}]},{"name":"bhojpur district","metric":[{"type":"TOTAL","count":179667,"amount":2.6092166679854035E8}]}]},"responseTimestamp":1630502910931}