{"success":true,"code":"SUCCESS","data":{"hoverDataList":[{"name":"madhepura district","metric":[{"type":"TOTAL","count":149943,"amount":3.36637863733843E8}]},{"name":"purnia district","metric":[{"type":"TOTAL","count":254555,"amount":4.8947856163340366E8}]},{"name":"nalanda district","metric":[{"type":"TOTAL","count":896006,"amount":7.682038898354421E8}]},{"name":"buxar district","metric":[{"type":"TOTAL","count":141186,"amount":1.8813699380738562E8}]},{"name":"darbhanga district","metric":[{"type":"TOTAL","count":413648,"amount":7.644667077610799E8}]},{"name":"nawada district","metric":[{"type":"TOTAL","count":209878,"amount":2.898020224357294E8}]},{"name":"jamui district","metric":[{"type":"TOTAL","count":104140,"amount":1.5265236536698443E8}]},{"name":"sheikhpura district","metric":[{"type":"TOTAL","count":37393,"amount":5.637378691673915E7}]},{"name":"siwan district","metric":[{"type":"TOTAL","count":272311,"amount":5.381774460290899E8}]},{"name":"muzaffarpur district","metric":[{"type":"TOTAL","count":959708,"amount":1.2654578420721817E9}]},{"name":"patna district","metric":[{"type":"TOTAL","count":3360157,"amount":3.873142430776816E9}]},{"name":"jehanabad district","metric":[{"type":"TOTAL","count":158009,"amount":1.5426378276355198E8}]},{"name":"rohtas district","metric":[{"type":"TOTAL","count":701262,"amount":6.688067193479261E8}]},{"name":"begusarai district","metric":[{"type":"TOTAL","count":226986,"amount":3.6852216554476273E8}]},{"name":"supaul district","metric":[{"type":"TOTAL","count":165526,"amount":2.726594762168338E8}]},{"name":"sitamarhi district","metric":[{"type":"TOTAL","count":266426,"amount":4.798569606130353E8}]},{"name":"saran district","metric":[{"type":"TOTAL","count":366520,"amount":6.369338654864707E8}]},{"name":"arwal district","metric":[{"type":"TOTAL","count":78393,"amount":9.293826776066552E7}]},{"name":"vaishali district","metric":[{"type":"TOTAL","count":427385,"amount":6.60314110761917E8}]},{"name":"pashchim champaran district","metric":[{"type":"TOTAL","count":427544,"amount":7.788440529981706E8}]},{"name":"gopalganj district","metric":[{"type":"TOTAL","count":218210,"amount":4.2249914420198405E8}]},{"name":"lakhisarai district","metric":[{"type":"TOTAL","count":129690,"amount":1.3611593797138983E8}]},{"name":"aurangabad district","metric":[{"type":"TOTAL","count":269704,"amount":3.5405566918676025E8}]},{"name":"kaimur bhabua district","metric":[{"type":"TOTAL","count":128090,"amount":1.8025131844516638E8}]},{"name":"araria district","metric":[{"type":"TOTAL","count":167608,"amount":4.2845094972570324E8}]},{"name":"munger district","metric":[{"type":"TOTAL","count":136515,"amount":1.8669140916526166E8}]},{"name":"katihar district","metric":[{"type":"TOTAL","count":252857,"amount":5.1313228779855496E8}]},{"name":"khagaria district","metric":[{"type":"TOTAL","count":145602,"amount":2.452676217634195E8}]},{"name":"saharsa district","metric":[{"type":"TOTAL","count":185665,"amount":3.3444515113590336E8}]},{"name":"bhagalpur district","metric":[{"type":"TOTAL","count":422204,"amount":5.796152978454922E8}]},{"name":"madhubani district","metric":[{"type":"TOTAL","count":353968,"amount":6.818835368483069E8}]},{"name":"kishanganj district","metric":[{"type":"TOTAL","count":94729,"amount":2.3200845655016178E8}]},{"name":"gaya district","metric":[{"type":"TOTAL","count":919453,"amount":8.939290040264461E8}]},{"name":"samastipur district","metric":[{"type":"TOTAL","count":400049,"amount":6.600927856814661E8}]},{"name":"banka district","metric":[{"type":"TOTAL","count":86362,"amount":1.0199324898606177E8}]},{"name":"purbi champaran district","metric":[{"type":"TOTAL","count":544285,"amount":9.214474175581727E8}]},{"name":"sheohar district","metric":[{"type":"TOTAL","count":43723,"amount":7.957954920914777E7}]},{"name":"bhojpur district","metric":[{"type":"TOTAL","count":252114,"amount":3.486762809394509E8}]}]},"responseTimestamp":1630502910980}