{"success":true,"code":"SUCCESS","data":{"hoverDataList":[{"name":"madhepura district","metric":[{"type":"TOTAL","count":206209,"amount":4.8264943649606454E8}]},{"name":"purnia district","metric":[{"type":"TOTAL","count":323276,"amount":7.312815928687838E8}]},{"name":"nalanda district","metric":[{"type":"TOTAL","count":666931,"amount":8.461447727533281E8}]},{"name":"buxar district","metric":[{"type":"TOTAL","count":166308,"amount":2.817228278503226E8}]},{"name":"darbhanga district","metric":[{"type":"TOTAL","count":515957,"amount":1.142706537988927E9}]},{"name":"nawada district","metric":[{"type":"TOTAL","count":225093,"amount":4.176218991957779E8}]},{"name":"jamui district","metric":[{"type":"TOTAL","count":156998,"amount":2.6731779128074193E8}]},{"name":"sheikhpura district","metric":[{"type":"TOTAL","count":52160,"amount":9.435417672548714E7}]},{"name":"siwan district","metric":[{"type":"TOTAL","count":366863,"amount":8.13062416723522E8}]},{"name":"muzaffarpur district","metric":[{"type":"TOTAL","count":886640,"amount":1.6825719351825838E9}]},{"name":"patna district","metric":[{"type":"TOTAL","count":3256138,"amount":4.907266831021729E9}]},{"name":"jehanabad district","metric":[{"type":"TOTAL","count":176508,"amount":2.16771088343031E8}]},{"name":"rohtas district","metric":[{"type":"TOTAL","count":534230,"amount":8.18426211762433E8}]},{"name":"begusarai district","metric":[{"type":"TOTAL","count":326254,"amount":5.700393311250697E8}]},{"name":"supaul district","metric":[{"type":"TOTAL","count":207479,"amount":3.935101774705521E8}]},{"name":"sitamarhi district","metric":[{"type":"TOTAL","count":338316,"amount":6.644567385784366E8}]},{"name":"saran district","metric":[{"type":"TOTAL","count":495166,"amount":9.76827835416697E8}]},{"name":"arwal district","metric":[{"type":"TOTAL","count":94144,"amount":1.2845176647901765E8}]},{"name":"vaishali district","metric":[{"type":"TOTAL","count":522642,"amount":9.647608315562135E8}]},{"name":"pashchim champaran district","metric":[{"type":"TOTAL","count":582470,"amount":1.2152563326509814E9}]},{"name":"gopalganj district","metric":[{"type":"TOTAL","count":288486,"amount":6.653550682331328E8}]},{"name":"lakhisarai district","metric":[{"type":"TOTAL","count":115486,"amount":1.8173495346668482E8}]},{"name":"aurangabad district","metric":[{"type":"TOTAL","count":345707,"amount":5.352174383518773E8}]},{"name":"kaimur bhabua district","metric":[{"type":"TOTAL","count":175587,"amount":2.9181468284454566E8}]},{"name":"araria district","metric":[{"type":"TOTAL","count":224141,"amount":6.434580802643342E8}]},{"name":"munger district","metric":[{"type":"TOTAL","count":173044,"amount":2.833854085237344E8}]},{"name":"katihar district","metric":[{"type":"TOTAL","count":364308,"amount":7.5556703496501E8}]},{"name":"khagaria district","metric":[{"type":"TOTAL","count":175089,"amount":3.3691955449972945E8}]},{"name":"saharsa district","metric":[{"type":"TOTAL","count":226972,"amount":5.0394208639202034E8}]},{"name":"bhagalpur district","metric":[{"type":"TOTAL","count":460720,"amount":7.704620012139144E8}]},{"name":"madhubani district","metric":[{"type":"TOTAL","count":480479,"amount":1.0550719170285338E9}]},{"name":"kishanganj district","metric":[{"type":"TOTAL","count":130169,"amount":3.758832484677948E8}]},{"name":"gaya district","metric":[{"type":"TOTAL","count":724866,"amount":1.079658570770959E9}]},{"name":"samastipur district","metric":[{"type":"TOTAL","count":529944,"amount":1.0200026813963063E9}]},{"name":"banka district","metric":[{"type":"TOTAL","count":120661,"amount":1.5383781469884193E8}]},{"name":"purbi champaran district","metric":[{"type":"TOTAL","count":732175,"amount":1.458571863511211E9}]},{"name":"sheohar district","metric":[{"type":"TOTAL","count":57310,"amount":1.1150576766156708E8}]},{"name":"bhojpur district","metric":[{"type":"TOTAL","count":307475,"amount":5.604084648180625E8}]}]},"responseTimestamp":1630502911029}