{"success":true,"code":"SUCCESS","data":{"from":1514745000000,"to":1522175400000,"transactionData":[{"name":"Recharge & bill payments","paymentInstruments":[{"type":"TOTAL","count":5773831,"amount":9.643094859592385E8}]},{"name":"Peer-to-peer payments","paymentInstruments":[{"type":"TOTAL","count":4383075,"amount":8.874266825985771E9}]},{"name":"Financial Services","paymentInstruments":[{"type":"TOTAL","count":665171,"amount":1.1950227166944443E8}]},{"name":"Merchant payments","paymentInstruments":[{"type":"TOTAL","count":443378,"amount":3.6678869965713125E8}]},{"name":"Others","paymentInstruments":[{"type":"TOTAL","count":444770,"amount":3.0111126886863834E8}]}]},"responseTimestamp":1630501487541}