{"success":true,"code":"SUCCESS","data":{"from":1522521000000,"to":1530124200000,"transactionData":[{"name":"Peer-to-peer payments","paymentInstruments":[{"type":"TOTAL","count":8284944,"amount":1.5889890046862814E10}]},{"name":"Recharge & bill payments","paymentInstruments":[{"type":"TOTAL","count":7360522,"amount":1.563841173839662E9}]},{"name":"Financial Services","paymentInstruments":[{"type":"TOTAL","count":1121570,"amount":1.6080968593886387E8}]},{"name":"Merchant payments","paymentInstruments":[{"type":"TOTAL","count":937608,"amount":7.15914360819237E8}]},{"name":"Others","paymentInstruments":[{"type":"TOTAL","count":377802,"amount":2.987282027433254E8}]}]},"responseTimestamp":1630501487883}