{"success":true,"code":"SUCCESS","data":{"from":1530383400000,"to":1538073000000,"transactionData":[{"name":"Peer-to-peer payments","paymentInstruments":[{"type":"TOTAL","count":41882429,"amount":3.843979881523789E10}]},{"name":"Recharge & bill payments","paymentInstruments":[{"type":"TOTAL","count":7596315,"amount":1.9924733412750623E9}]},{"name":"Merchant payments","paymentInstruments":[{"type":"TOTAL","count":2252265,"amount":9.796035551397107E8}]},{"name":"Financial Services","paymentInstruments":[{"type":"TOTAL","count":1619524,"amount":1.851870328965006E8}]},{"name":"Others","paymentInstruments":[{"type":"TOTAL","count":354883,"amount":2.468714386293067E8}]}]},"responseTimestamp":1630501489339}