{"success":true,"code":"SUCCESS","data":{"from":1538332200000,"to":1545935400000,"transactionData":[{"name":"Peer-to-peer payments","paymentInstruments":[{"type":"TOTAL","count":17154995,"amount":3.530318004706148E10}]},{"name":"Recharge & bill payments","paymentInstruments":[{"type":"TOTAL","count":9425082,"amount":2.4677411432258015E9}]},{"name":"Merchant payments","paymentInstruments":[{"type":"TOTAL","count":8633569,"amount":2.2942034966575317E9}]},{"name":"Financial Services","paymentInstruments":[{"type":"TOTAL","count":734796,"amount":9.375561652283625E7}]},{"name":"Others","paymentInstruments":[{"type":"TOTAL","count":565106,"amount":3.3073890823670936E8}]}]},"responseTimestamp":1630501490081}