{"success":true,"code":"SUCCESS","data":{"hoverDataList":[{"name":"south twenty four parganas district","metric":[{"type":"TOTAL","count":11243229,"amount":2.696535687385303E10}]},{"name":"purba bardhaman district","metric":[{"type":"TOTAL","count":6777604,"amount":1.5081107758687084E10}]},{"name":"uttar dinajpur district","metric":[{"type":"TOTAL","count":4441594,"amount":1.1523296688425028E10}]},{"name":"kalimpong district","metric":[{"type":"TOTAL","count":273057,"amount":6.824801146705194E8}]},{"name":"murshidabad district","metric":[{"type":"TOTAL","count":15588410,"amount":4.114089234113234E10}]},{"name":"paschim medinipur district","metric":[{"type":"TOTAL","count":9156926,"amount":2.0055779613652466E10}]},{"name":"dakshin dinajpur district","metric":[{"type":"TOTAL","count":1823888,"amount":4.255877779082657E9}]},{"name":"jalpaiguri district","metric":[{"type":"TOTAL","count":2650569,"amount":6.055463671687082E9}]},{"name":"purulia district","metric":[{"type":"TOTAL","count":3655572,"amount":5.836006366520155E9}]},{"name":"north twenty four parganas district","metric":[{"type":"TOTAL","count":31930105,"amount":5.966150058475365E10}]},{"name":"bankura district","metric":[{"type":"TOTAL","count":4874077,"amount":8.812235253790693E9}]},{"name":"jhargram district","metric":[{"type":"TOTAL","count":1121268,"amount":2.198171070038257E9}]},{"name":"howrah district","metric":[{"type":"TOTAL","count":23702322,"amount":4.41109029695602E10}]},{"name":"hooghly district","metric":[{"type":"TOTAL","count":10497390,"amount":2.1694250432038437E10}]},{"name":"kolkata district","metric":[{"type":"TOTAL","count":76392752,"amount":1.554177837926444E11}]},{"name":"koch bihar district","metric":[{"type":"TOTAL","count":3802460,"amount":8.085185091073849E9}]},{"name":"alipurduar district","metric":[{"type":"TOTAL","count":1888984,"amount":4.323258066140034E9}]},{"name":"paschim bardhaman district","metric":[{"type":"TOTAL","count":9783656,"amount":1.7440405834011703E10}]},{"name":"nadia district","metric":[{"type":"TOTAL","count":9791890,"amount":2.2740547217901745E10}]},{"name":"birbhum district","metric":[{"type":"TOTAL","count":5000218,"amount":1.1385995733932861E10}]},{"name":"purba medinipur district","metric":[{"type":"TOTAL","count":11506248,"amount":2.8979875250478428E10}]},{"name":"maldah district","metric":[{"type":"TOTAL","count":7832385,"amount":1.961949274851209E10}]},{"name":"darjiling district","metric":[{"type":"TOTAL","count":6770488,"amount":1.5360797956977024E10}]}]},"responseTimestamp":1651127613798}