{"success":true,"code":"SUCCESS","data":{"aggregated":{"registeredUsers":207808,"appOpens":2980581},"usersByDevice":[{"brand":"Xiaomi","count":65272,"percentage":0.3140976285802279},{"brand":"Vivo","count":35635,"percentage":0.17148040498922082},{"brand":"Samsung","count":27338,"percentage":0.13155412688635665},{"brand":"Oppo","count":24014,"percentage":0.11555859254696643},{"brand":"Realme","count":13266,"percentage":0.06383777332922698},{"brand":"Huawei","count":4306,"percentage":0.020721050200184787},{"brand":"Apple","count":4121,"percentage":0.01983080535879273},{"brand":"Gionee","count":3806,"percentage":0.018314983061287343},{"brand":"Asus","count":3633,"percentage":0.017482483831228825},{"brand":"Micromax","count":3039,"percentage":0.014624076070218664},{"brand":"Others","count":23378,"percentage":0.11249807514628889}]},"responseTimestamp":1630501499997}