{"success":true,"code":"SUCCESS","data":{"aggregated":{"registeredUsers":259990,"appOpens":6383337},"usersByDevice":[{"brand":"Xiaomi","count":81701,"percentage":0.31424670179622294},{"brand":"Vivo","count":45835,"percentage":0.1762952421246971},{"brand":"Samsung","count":32050,"percentage":0.12327397207584907},{"brand":"Oppo","count":30262,"percentage":0.11639678449171122},{"brand":"Realme","count":21734,"percentage":0.0835955229047271},{"brand":"Apple","count":5329,"percentage":0.020496942190084234},{"brand":"Huawei","count":4595,"percentage":0.017673756682949345},{"brand":"Gionee","count":3855,"percentage":0.014827493365129427},{"brand":"Asus","count":3465,"percentage":0.013327435670602716},{"brand":"Infinix","count":3191,"percentage":0.01227354898265318},{"brand":"Others","count":27973,"percentage":0.10759259971537367}]},"responseTimestamp":1643295776948}