{"success":true,"code":"SUCCESS","data":{"from":1546281000000,"to":1553711400000,"transactionData":[{"name":"Peer-to-peer payments","paymentInstruments":[{"type":"TOTAL","count":24117274,"amount":3.3342321630613514E10}]},{"name":"Recharge & bill payments","paymentInstruments":[{"type":"TOTAL","count":6713747,"amount":1.1207302733482153E9}]},{"name":"Merchant payments","paymentInstruments":[{"type":"TOTAL","count":2690762,"amount":8.21493664580642E8}]},{"name":"Financial Services","paymentInstruments":[{"type":"TOTAL","count":375910,"amount":3.4542738889085874E7}]},{"name":"Others","paymentInstruments":[{"type":"TOTAL","count":134249,"amount":1.0803962326819064E8}]}]},"responseTimestamp":1630501490326}