{"success":true,"code":"SUCCESS","data":{"from":1554057000000,"to":1561660200000,"transactionData":[{"name":"Peer-to-peer payments","paymentInstruments":[{"type":"TOTAL","count":16455353,"amount":4.1423292021956635E10}]},{"name":"Recharge & bill payments","paymentInstruments":[{"type":"TOTAL","count":7845252,"amount":1.5066200726624596E9}]},{"name":"Merchant payments","paymentInstruments":[{"type":"TOTAL","count":4827067,"amount":1.6646212612600245E9}]},{"name":"Financial Services","paymentInstruments":[{"type":"TOTAL","count":202705,"amount":2.042421230787918E7}]},{"name":"Others","paymentInstruments":[{"type":"TOTAL","count":181647,"amount":1.398973034868461E8}]}]},"responseTimestamp":1630501490660}