{"success":true,"code":"SUCCESS","data":{"from":1561919400000,"to":1569609000000,"transactionData":[{"name":"Peer-to-peer payments","paymentInstruments":[{"type":"TOTAL","count":18490877,"amount":5.144758688548035E10}]},{"name":"Merchant payments","paymentInstruments":[{"type":"TOTAL","count":13984738,"amount":3.895753253334454E9}]},{"name":"Recharge & bill payments","paymentInstruments":[{"type":"TOTAL","count":8565917,"amount":1.8061236984609375E9}]},{"name":"Financial Services","paymentInstruments":[{"type":"TOTAL","count":195034,"amount":3.1079934758642014E7}]},{"name":"Others","paymentInstruments":[{"type":"TOTAL","count":185706,"amount":1.2403358718883926E8}]}]},"responseTimestamp":1630501491056}