{"success":true,"code":"SUCCESS","data":{"from":1569868200000,"to":1577471400000,"transactionData":[{"name":"Peer-to-peer payments","paymentInstruments":[{"type":"TOTAL","count":43284477,"amount":7.296605093729504E10}]},{"name":"Recharge & bill payments","paymentInstruments":[{"type":"TOTAL","count":10629461,"amount":2.290841668304525E9}]},{"name":"Merchant payments","paymentInstruments":[{"type":"TOTAL","count":10601703,"amount":4.395710870154251E9}]},{"name":"Financial Services","paymentInstruments":[{"type":"TOTAL","count":323887,"amount":3.878254204589868E7}]},{"name":"Others","paymentInstruments":[{"type":"TOTAL","count":156105,"amount":7.79876142508337E7}]}]},"responseTimestamp":1630501491387}