{"success":true,"code":"SUCCESS","data":{"states":[{"entityName":"karnataka","metric":{"type":"TOTAL","count":86587609,"amount":1.1797638214574966E11}},{"entityName":"maharashtra","metric":{"type":"TOTAL","count":75079069,"amount":1.1142069092033997E11}},{"entityName":"telangana","metric":{"type":"TOTAL","count":65290702,"amount":9.552326203566321E10}},{"entityName":"uttar pradesh","metric":{"type":"TOTAL","count":57324504,"amount":7.65241801340167E10}},{"entityName":"andhra pradesh","metric":{"type":"TOTAL","count":57264522,"amount":8.37605959170792E10}},{"entityName":"west bengal","metric":{"type":"TOTAL","count":47626388,"amount":5.01646726238785E10}},{"entityName":"delhi","metric":{"type":"TOTAL","count":47007327,"amount":5.846913178949733E10}},{"entityName":"rajasthan","metric":{"type":"TOTAL","count":43956040,"amount":6.114115857555252E10}},{"entityName":"madhya pradesh","metric":{"type":"TOTAL","count":37301049,"amount":4.8070279522042015E10}},{"entityName":"odisha","metric":{"type":"TOTAL","count":34031942,"amount":3.5427127930698456E10}}],"districts":[{"entityName":"bengaluru urban","metric":{"type":"TOTAL","count":65174133,"amount":8.211116157276288E10}},{"entityName":"hyderabad","metric":{"type":"TOTAL","count":24838664,"amount":3.489215602940753E10}},{"entityName":"pune","metric":{"type":"TOTAL","count":23360634,"amount":3.2233517413825317E10}},{"entityName":"jaipur","metric":{"type":"TOTAL","count":19178441,"amount":2.5043540802372772E10}},{"entityName":"rangareddy","metric":{"type":"TOTAL","count":12952050,"amount":1.767704855763253E10}},{"entityName":"central delhi","metric":{"type":"TOTAL","count":12885975,"amount":1.625817580083931E10}},{"entityName":"chennai","metric":{"type":"TOTAL","count":11642449,"amount":1.881097171451368E10}},{"entityName":"gautam buddha nagar","metric":{"type":"TOTAL","count":10750094,"amount":1.02864348965461E10}},{"entityName":"medchal malkajgiri","metric":{"type":"TOTAL","count":10127087,"amount":1.3392043971075241E10}},{"entityName":"new delhi","metric":{"type":"TOTAL","count":10000765,"amount":1.393947223496883E10}}],"pincodes":[{"entityName":"560001","metric":{"type":"TOTAL","count":16241340,"amount":2.3597361226512825E10}},{"entityName":"110006","metric":{"type":"TOTAL","count":10251048,"amount":1.320195976605106E10}},{"entityName":"500012","metric":{"type":"TOTAL","count":9957548,"amount":1.5399177052931395E10}},{"entityName":"600003","metric":{"type":"TOTAL","count":8217185,"amount":1.279915232427052E10}},{"entityName":"110011","metric":{"type":"TOTAL","count":6689740,"amount":9.632804730117004E9}},{"entityName":"400008","metric":{"type":"TOTAL","count":6494529,"amount":1.0238553958763014E10}},{"entityName":"700009","metric":{"type":"TOTAL","count":6353573,"amount":7.885002278529919E9}},{"entityName":"411006","metric":{"type":"TOTAL","count":5641935,"amount":9.202990658018358E9}},{"entityName":"302001","metric":{"type":"TOTAL","count":4954219,"amount":7.600396570221162E9}},{"entityName":"201301","metric":{"type":"TOTAL","count":4596696,"amount":4.223121104413077E9}}]},"responseTimestamp":1630501482108}