{"success":true,"code":"SUCCESS","data":{"states":null,"districts":[{"name":"khordha","registeredUsers":1083466},{"name":"cuttack","registeredUsers":578471},{"name":"ganjam","registeredUsers":512643},{"name":"baleshwar","registeredUsers":410789},{"name":"jajapur","registeredUsers":359087},{"name":"sundargarh","registeredUsers":313040},{"name":"puri","registeredUsers":311477},{"name":"bhadrak","registeredUsers":265259},{"name":"kendujhar","registeredUsers":253988},{"name":"anugul","registeredUsers":228339}],"pincodes":[{"name":"751002","registeredUsers":69941},{"name":"751024","registeredUsers":68963},{"name":"751006","registeredUsers":64369},{"name":"760001","registeredUsers":58342},{"name":"753001","registeredUsers":56586},{"name":"751012","registeredUsers":56216},{"name":"756001","registeredUsers":55534},{"name":"751003","registeredUsers":51901},{"name":"751019","registeredUsers":49836},{"name":"752001","registeredUsers":47907}]},"responseTimestamp":1630501498435}