{"success":true,"code":"SUCCESS","data":{"states":null,"districts":[{"name":"khordha","registeredUsers":1152010},{"name":"cuttack","registeredUsers":624922},{"name":"ganjam","registeredUsers":560047},{"name":"baleshwar","registeredUsers":445299},{"name":"jajapur","registeredUsers":387797},{"name":"sundargarh","registeredUsers":346937},{"name":"puri","registeredUsers":338770},{"name":"bhadrak","registeredUsers":289015},{"name":"kendujhar","registeredUsers":277734},{"name":"anugul","registeredUsers":248700}],"pincodes":[{"name":"751002","registeredUsers":74717},{"name":"751024","registeredUsers":72471},{"name":"751006","registeredUsers":68053},{"name":"760001","registeredUsers":61814},{"name":"753001","registeredUsers":61214},{"name":"751012","registeredUsers":58940},{"name":"756001","registeredUsers":58410},{"name":"751003","registeredUsers":54791},{"name":"751019","registeredUsers":52960},{"name":"752001","registeredUsers":51897}]},"responseTimestamp":1630501498817}