{"success":true,"code":"SUCCESS","data":{"states":null,"districts":[{"name":"khordha","registeredUsers":1232760},{"name":"cuttack","registeredUsers":676102},{"name":"ganjam","registeredUsers":611699},{"name":"baleshwar","registeredUsers":481741},{"name":"jajapur","registeredUsers":417525},{"name":"sundargarh","registeredUsers":381666},{"name":"puri","registeredUsers":369877},{"name":"bhadrak","registeredUsers":314312},{"name":"kendujhar","registeredUsers":302384},{"name":"mayurbhanj","registeredUsers":270844}],"pincodes":[{"name":"751002","registeredUsers":80656},{"name":"751024","registeredUsers":76546},{"name":"751006","registeredUsers":72267},{"name":"753001","registeredUsers":66361},{"name":"760001","registeredUsers":66144},{"name":"751012","registeredUsers":62197},{"name":"756001","registeredUsers":61760},{"name":"751003","registeredUsers":58414},{"name":"752001","registeredUsers":56690},{"name":"751019","registeredUsers":56655}]},"responseTimestamp":1630501499250}