{"success":true,"code":"SUCCESS","data":{"states":null,"districts":[{"name":"khordha","registeredUsers":1323794},{"name":"cuttack","registeredUsers":732786},{"name":"ganjam","registeredUsers":669973},{"name":"baleshwar","registeredUsers":520429},{"name":"jajapur","registeredUsers":451339},{"name":"sundargarh","registeredUsers":418311},{"name":"puri","registeredUsers":402457},{"name":"bhadrak","registeredUsers":342034},{"name":"kendujhar","registeredUsers":328498},{"name":"mayurbhanj","registeredUsers":295929}],"pincodes":[{"name":"751002","registeredUsers":86879},{"name":"751024","registeredUsers":81692},{"name":"751006","registeredUsers":76968},{"name":"753001","registeredUsers":71912},{"name":"760001","registeredUsers":71216},{"name":"751012","registeredUsers":66220},{"name":"756001","registeredUsers":65695},{"name":"751003","registeredUsers":62543},{"name":"752001","registeredUsers":61596},{"name":"751019","registeredUsers":61109}]},"responseTimestamp":1630501499595}