{"success":true,"code":"SUCCESS","data":{"hoverDataList":[{"name":"lower dibang valley district","metric":[{"type":"TOTAL","count":32427,"amount":9.070910852350861E7}]},{"name":"lower subansiri district","metric":[{"type":"TOTAL","count":29916,"amount":1.0659116296103427E8}]},{"name":"longding district","metric":[{"type":"TOTAL","count":23962,"amount":7.557342097022958E7}]},{"name":"west siang district","metric":[{"type":"TOTAL","count":42575,"amount":1.3870063729161483E8}]},{"name":"kamle district","metric":[{"type":"TOTAL","count":3092,"amount":1.1023767702559106E7}]},{"name":"upper siang district","metric":[{"type":"TOTAL","count":21312,"amount":7.302628655263102E7}]},{"name":"tirap district","metric":[{"type":"TOTAL","count":32043,"amount":1.105935171462319E8}]},{"name":"papum pare district","metric":[{"type":"TOTAL","count":419891,"amount":1.3887234267156572E9}]},{"name":"kurung kumey district","metric":[{"type":"TOTAL","count":4962,"amount":2.248375480073421E7}]},{"name":"anjaw district","metric":[{"type":"TOTAL","count":12823,"amount":3.884486555268997E7}]},{"name":"siang district","metric":[{"type":"TOTAL","count":13679,"amount":4.264418441156319E7}]},{"name":"lower siang district","metric":[{"type":"TOTAL","count":13231,"amount":3.792939280129131E7}]},{"name":"kra daadi district","metric":[{"type":"TOTAL","count":6393,"amount":2.4326518988243874E7}]},{"name":"changlang district","metric":[{"type":"TOTAL","count":78849,"amount":2.2016776551868472E8}]},{"name":"pakke kessang district","metric":[{"type":"TOTAL","count":3563,"amount":8146941.7919960935}]},{"name":"dibang valley district","metric":[{"type":"TOTAL","count":1930,"amount":7949867.973505622}]},{"name":"west kameng district","metric":[{"type":"TOTAL","count":120906,"amount":3.847352728434415E8}]},{"name":"shi yomi district","metric":[{"type":"TOTAL","count":1251,"amount":6905518.17317189}]},{"name":"east siang district","metric":[{"type":"TOTAL","count":82357,"amount":2.5398836079783517E8}]},{"name":"upper subansiri district","metric":[{"type":"TOTAL","count":28053,"amount":1.1697301448753676E8}]},{"name":"east kameng district","metric":[{"type":"TOTAL","count":16281,"amount":7.791577421328105E7}]},{"name":"lohit district","metric":[{"type":"TOTAL","count":72380,"amount":1.98534806934188E8}]},{"name":"lepa rada district","metric":[{"type":"TOTAL","count":15690,"amount":5.279499277695303E7}]},{"name":"tawang district","metric":[{"type":"TOTAL","count":54137,"amount":2.0785908841115895E8}]},{"name":"namsai district","metric":[{"type":"TOTAL","count":45753,"amount":1.1663763067690115E8}]}]},"responseTimestamp":1630502911429}