{"success":true,"code":"SUCCESS","data":{"hoverDataList":[{"name":"lower dibang valley district","metric":[{"type":"TOTAL","count":42091,"amount":1.0555235812192997E8}]},{"name":"lower subansiri district","metric":[{"type":"TOTAL","count":40081,"amount":1.2071747289200453E8}]},{"name":"longding district","metric":[{"type":"TOTAL","count":31640,"amount":9.65666405347223E7}]},{"name":"west siang district","metric":[{"type":"TOTAL","count":59341,"amount":1.8070013879997098E8}]},{"name":"kamle district","metric":[{"type":"TOTAL","count":5476,"amount":1.734542703524171E7}]},{"name":"upper siang district","metric":[{"type":"TOTAL","count":25971,"amount":8.94551800696969E7}]},{"name":"tirap district","metric":[{"type":"TOTAL","count":46320,"amount":1.445486833225929E8}]},{"name":"papum pare district","metric":[{"type":"TOTAL","count":552953,"amount":1.501062555477559E9}]},{"name":"kurung kumey district","metric":[{"type":"TOTAL","count":6623,"amount":2.7396796623303153E7}]},{"name":"anjaw district","metric":[{"type":"TOTAL","count":15311,"amount":4.347574423676274E7}]},{"name":"siang district","metric":[{"type":"TOTAL","count":17032,"amount":5.268722142695154E7}]},{"name":"lower siang district","metric":[{"type":"TOTAL","count":17401,"amount":4.549927856988002E7}]},{"name":"kra daadi district","metric":[{"type":"TOTAL","count":8758,"amount":3.599822760012327E7}]},{"name":"changlang district","metric":[{"type":"TOTAL","count":105461,"amount":2.6403191034894213E8}]},{"name":"pakke kessang district","metric":[{"type":"TOTAL","count":4424,"amount":1.3097426072373278E7}]},{"name":"dibang valley district","metric":[{"type":"TOTAL","count":1995,"amount":9465919.622553768}]},{"name":"west kameng district","metric":[{"type":"TOTAL","count":164866,"amount":4.8262661786575466E8}]},{"name":"shi yomi district","metric":[{"type":"TOTAL","count":2135,"amount":1.216677718507706E7}]},{"name":"east siang district","metric":[{"type":"TOTAL","count":106787,"amount":2.868391064541313E8}]},{"name":"upper subansiri district","metric":[{"type":"TOTAL","count":35856,"amount":1.319129387628825E8}]},{"name":"east kameng district","metric":[{"type":"TOTAL","count":22015,"amount":9.535200756231916E7}]},{"name":"lohit district","metric":[{"type":"TOTAL","count":99686,"amount":2.304955042475701E8}]},{"name":"lepa rada district","metric":[{"type":"TOTAL","count":21273,"amount":7.133674385611859E7}]},{"name":"tawang district","metric":[{"type":"TOTAL","count":70061,"amount":2.5102503795363936E8}]},{"name":"namsai district","metric":[{"type":"TOTAL","count":64781,"amount":1.470699023522784E8}]}]},"responseTimestamp":1630502911473}