{"success":true,"code":"SUCCESS","data":{"hoverDataList":[{"name":"lower dibang valley district","metric":[{"type":"TOTAL","count":50270,"amount":1.3378874695473914E8}]},{"name":"lower subansiri district","metric":[{"type":"TOTAL","count":46105,"amount":1.4267445219705147E8}]},{"name":"longding district","metric":[{"type":"TOTAL","count":32638,"amount":1.0069852096035638E8}]},{"name":"west siang district","metric":[{"type":"TOTAL","count":65763,"amount":2.170656113332364E8}]},{"name":"kamle district","metric":[{"type":"TOTAL","count":6064,"amount":1.914071947908092E7}]},{"name":"upper siang district","metric":[{"type":"TOTAL","count":27960,"amount":1.1428585714806488E8}]},{"name":"tirap district","metric":[{"type":"TOTAL","count":47118,"amount":1.4362052585725695E8}]},{"name":"papum pare district","metric":[{"type":"TOTAL","count":710098,"amount":1.9959997563372893E9}]},{"name":"kurung kumey district","metric":[{"type":"TOTAL","count":7417,"amount":3.0935383383134913E7}]},{"name":"anjaw district","metric":[{"type":"TOTAL","count":22621,"amount":6.987673014897071E7}]},{"name":"siang district","metric":[{"type":"TOTAL","count":17241,"amount":5.845320145572044E7}]},{"name":"lower siang district","metric":[{"type":"TOTAL","count":19324,"amount":4.6101622757140934E7}]},{"name":"kra daadi district","metric":[{"type":"TOTAL","count":8974,"amount":3.216793960284054E7}]},{"name":"changlang district","metric":[{"type":"TOTAL","count":120126,"amount":3.1970550242197955E8}]},{"name":"pakke kessang district","metric":[{"type":"TOTAL","count":5061,"amount":1.2416386841288097E7}]},{"name":"dibang valley district","metric":[{"type":"TOTAL","count":2354,"amount":1.3284361635290643E7}]},{"name":"west kameng district","metric":[{"type":"TOTAL","count":209165,"amount":6.582323857409549E8}]},{"name":"shi yomi district","metric":[{"type":"TOTAL","count":2559,"amount":1.749502172242897E7}]},{"name":"east siang district","metric":[{"type":"TOTAL","count":128957,"amount":3.680617062429154E8}]},{"name":"upper subansiri district","metric":[{"type":"TOTAL","count":46434,"amount":1.9135341242695975E8}]},{"name":"east kameng district","metric":[{"type":"TOTAL","count":23739,"amount":1.0244224026594694E8}]},{"name":"lohit district","metric":[{"type":"TOTAL","count":117879,"amount":2.751607514034922E8}]},{"name":"lepa rada district","metric":[{"type":"TOTAL","count":20756,"amount":7.237862844705966E7}]},{"name":"tawang district","metric":[{"type":"TOTAL","count":89052,"amount":3.654040783528414E8}]},{"name":"namsai district","metric":[{"type":"TOTAL","count":79292,"amount":1.7738063218278244E8}]}]},"responseTimestamp":1634575108417}