{"success":true,"code":"SUCCESS","data":{"hoverDataList":[{"name":"lower dibang valley district","metric":[{"type":"TOTAL","count":65302,"amount":1.7498009983925235E8}]},{"name":"lower subansiri district","metric":[{"type":"TOTAL","count":60146,"amount":1.9936611913556093E8}]},{"name":"longding district","metric":[{"type":"TOTAL","count":37096,"amount":1.2575464294209707E8}]},{"name":"west siang district","metric":[{"type":"TOTAL","count":79050,"amount":2.679783469418527E8}]},{"name":"kamle district","metric":[{"type":"TOTAL","count":8517,"amount":3.186294348592616E7}]},{"name":"upper siang district","metric":[{"type":"TOTAL","count":41167,"amount":1.5526631784142125E8}]},{"name":"tirap district","metric":[{"type":"TOTAL","count":52675,"amount":1.7283589268512428E8}]},{"name":"papum pare district","metric":[{"type":"TOTAL","count":919925,"amount":2.4357965971781564E9}]},{"name":"kurung kumey district","metric":[{"type":"TOTAL","count":8467,"amount":3.602864315543166E7}]},{"name":"anjaw district","metric":[{"type":"TOTAL","count":24083,"amount":7.731302711673045E7}]},{"name":"siang district","metric":[{"type":"TOTAL","count":22785,"amount":7.206571616878249E7}]},{"name":"lower siang district","metric":[{"type":"TOTAL","count":25424,"amount":6.999515690875632E7}]},{"name":"kra daadi district","metric":[{"type":"TOTAL","count":10986,"amount":4.2553945301929176E7}]},{"name":"changlang district","metric":[{"type":"TOTAL","count":147432,"amount":4.032552464023236E8}]},{"name":"pakke kessang district","metric":[{"type":"TOTAL","count":6343,"amount":1.584850820917535E7}]},{"name":"dibang valley district","metric":[{"type":"TOTAL","count":2711,"amount":1.4284034399703257E7}]},{"name":"west kameng district","metric":[{"type":"TOTAL","count":247346,"amount":7.658592692953706E8}]},{"name":"shi yomi district","metric":[{"type":"TOTAL","count":3066,"amount":1.9610548431270048E7}]},{"name":"east siang district","metric":[{"type":"TOTAL","count":169617,"amount":4.50185173037876E8}]},{"name":"upper subansiri district","metric":[{"type":"TOTAL","count":54298,"amount":2.266528353581027E8}]},{"name":"east kameng district","metric":[{"type":"TOTAL","count":27988,"amount":1.2236646365672666E8}]},{"name":"lohit district","metric":[{"type":"TOTAL","count":142772,"amount":3.289429052553121E8}]},{"name":"lepa rada district","metric":[{"type":"TOTAL","count":28633,"amount":1.0179854988186258E8}]},{"name":"tawang district","metric":[{"type":"TOTAL","count":99575,"amount":4.123960023197621E8}]},{"name":"namsai district","metric":[{"type":"TOTAL","count":105194,"amount":2.2051336766283622E8}]}]},"responseTimestamp":1643295723772}