{"success":true,"code":"SUCCESS","data":{"aggregated":{"registeredUsers":18363733,"appOpens":957709447},"usersByDevice":[{"brand":"Xiaomi","count":4644641,"percentage":0.2529246640647629},{"brand":"Samsung","count":3635596,"percentage":0.19797695817075972},{"brand":"Vivo","count":3245151,"percentage":0.17671521362241543},{"brand":"Oppo","count":2010506,"percentage":0.10948242386229423},{"brand":"Realme","count":1531645,"percentage":0.0834059719774841},{"brand":"Motorola","count":518115,"percentage":0.028214034695451085},{"brand":"Huawei","count":455604,"percentage":0.024809988252388553},{"brand":"Apple","count":421002,"percentage":0.022925730841327305},{"brand":"OnePlus","count":355922,"percentage":0.019381789094842537},{"brand":"Lenovo","count":277980,"percentage":0.015137445093543889},{"brand":"Others","count":1267571,"percentage":0.06902578032473027}]},"responseTimestamp":1630501499752}