{"success":true,"code":"SUCCESS","data":{"aggregated":{"registeredUsers":19620905,"appOpens":1044705436},"usersByDevice":[{"brand":"Xiaomi","count":4937684,"percentage":0.25165424326757607},{"brand":"Samsung","count":3798250,"percentage":0.19358179451967175},{"brand":"Vivo","count":3572140,"percentage":0.18205786124544204},{"brand":"Oppo","count":2173037,"percentage":0.11075110959458802},{"brand":"Realme","count":1817804,"percentage":0.09264628721254192},{"brand":"Motorola","count":503072,"percentage":0.0256395920575529},{"brand":"Apple","count":450689,"percentage":0.022969837527881613},{"brand":"Huawei","count":440324,"percentage":0.022441574432983596},{"brand":"OnePlus","count":394851,"percentage":0.020123995299910987},{"brand":"Lenovo","count":261201,"percentage":0.013312382889576195},{"brand":"Others","count":1271853,"percentage":0.06482132195227489}]},"responseTimestamp":1630501500086}