{"success":true,"code":"SUCCESS","data":{"aggregated":{"registeredUsers":21059898,"appOpens":1258536879},"usersByDevice":[{"brand":"Xiaomi","count":5256707,"percentage":0.249607429247758},{"brand":"Vivo","count":3981492,"percentage":0.18905561650868394},{"brand":"Samsung","count":3911188,"percentage":0.18571732873540034},{"brand":"Oppo","count":2382363,"percentage":0.11312319746277974},{"brand":"Realme","count":2134616,"percentage":0.10135927533932025},{"brand":"Motorola","count":486971,"percentage":0.023123141432118997},{"brand":"Apple","count":480993,"percentage":0.022839284406790575},{"brand":"OnePlus","count":459011,"percentage":0.021795499674309913},{"brand":"Huawei","count":435214,"percentage":0.020665532188237568},{"brand":"Lenovo","count":245241,"percentage":0.011644928194808921},{"brand":"Others","count":1286102,"percentage":0.061068766809791765}]},"responseTimestamp":1634575128373}