{"success":true,"code":"SUCCESS","data":{"aggregated":{"registeredUsers":22489029,"appOpens":1447717601},"usersByDevice":[{"brand":"Xiaomi","count":5518238,"percentage":0.24537466690980744},{"brand":"Vivo","count":4381023,"percentage":0.19480712128567224},{"brand":"Samsung","count":4017419,"percentage":0.17863905996119264},{"brand":"Oppo","count":2580845,"percentage":0.1147601792856419},{"brand":"Realme","count":2528884,"percentage":0.11244967490592858},{"brand":"Apple","count":544986,"percentage":0.024233416213745824},{"brand":"OnePlus","count":525373,"percentage":0.023361302082006298},{"brand":"Motorola","count":474422,"percentage":0.02109570848968179},{"brand":"Huawei","count":409934,"percentage":0.01822817694796872},{"brand":"Lenovo","count":224391,"percentage":0.009977798507885778},{"brand":"Others","count":1283514,"percentage":0.05707289541046881}]},"responseTimestamp":1643295742984}