{"success":true,"code":"SUCCESS","data":{"aggregated":{"registeredUsers":63648311,"appOpens":0},"usersByDevice":[{"brand":"Xiaomi","count":16416511,"percentage":0.25792532028069054},{"brand":"Samsung","count":12943051,"percentage":0.2033526231355927},{"brand":"Vivo","count":8365074,"percentage":0.13142648828497586},{"brand":"Oppo","count":6246581,"percentage":0.09814213294678001},{"brand":"Realme","count":3165738,"percentage":0.04973797340828102},{"brand":"Apple","count":2326897,"percentage":0.03655866060609212},{"brand":"Motorola","count":2099718,"percentage":0.03298937500478214},{"brand":"OnePlus","count":1890141,"percentage":0.029696640339757014},{"brand":"Lenovo","count":1627153,"percentage":0.025564747507596863},{"brand":"Huawei","count":1104740,"percentage":0.017356941333447166},{"brand":"Others","count":7462707,"percentage":0.11724909715200456}]},"responseTimestamp":1630501482414}