{"success":true,"code":"SUCCESS","data":{"aggregated":{"registeredUsers":10266174,"appOpens":0},"usersByDevice":[{"brand":"Xiaomi","count":2696059,"percentage":0.262615751496127},{"brand":"Samsung","count":2083753,"percentage":0.20297269459878628},{"brand":"Vivo","count":1632251,"percentage":0.158993116617739},{"brand":"Oppo","count":1014741,"percentage":0.09884315227854115},{"brand":"Apple","count":483281,"percentage":0.04707508366797602},{"brand":"OnePlus","count":462205,"percentage":0.04502212800990905},{"brand":"Motorola","count":380185,"percentage":0.03703278358617339},{"brand":"Realme","count":326719,"percentage":0.03182480639817716},{"brand":"Lenovo","count":222143,"percentage":0.02163834355427835},{"brand":"Huawei","count":207401,"percentage":0.020202365555074365},{"brand":"Others","count":757436,"percentage":0.07377977423721827}]},"responseTimestamp":1630501496534}