{"success":true,"code":"SUCCESS","data":{"aggregated":{"registeredUsers":11968087,"appOpens":113024811},"usersByDevice":[{"brand":"Xiaomi","count":3131468,"percentage":0.26165150704536155},{"brand":"Samsung","count":2435855,"percentage":0.20352918557493774},{"brand":"Vivo","count":1973047,"percentage":0.16485901213786297},{"brand":"Oppo","count":1222575,"percentage":0.10215291717047177},{"brand":"Apple","count":543779,"percentage":0.04543574925549923},{"brand":"OnePlus","count":509568,"percentage":0.04257723059666929},{"brand":"Motorola","count":425807,"percentage":0.035578534815129605},{"brand":"Realme","count":377624,"percentage":0.031552578118792085},{"brand":"Lenovo","count":248166,"percentage":0.020735644719160215},{"brand":"Huawei","count":239690,"percentage":0.020027427942326956},{"brand":"Others","count":860508,"percentage":0.07190021262378858}]},"responseTimestamp":1630501496897}