{"success":true,"code":"SUCCESS","data":{"aggregated":{"registeredUsers":13635075,"appOpens":445683660},"usersByDevice":[{"brand":"Xiaomi","count":3553970,"percentage":0.26064909800642827},{"brand":"Samsung","count":2769407,"percentage":0.20310904047099118},{"brand":"Vivo","count":2325265,"percentage":0.17053554894270842},{"brand":"Oppo","count":1434039,"percentage":0.10517279882948939},{"brand":"Apple","count":599161,"percentage":0.043942625911481965},{"brand":"OnePlus","count":553290,"percentage":0.040578434662075565},{"brand":"Motorola","count":461794,"percentage":0.03386809386820388},{"brand":"Realme","count":435781,"percentage":0.03196029358107674},{"brand":"Huawei","count":273180,"percentage":0.020035093316318392},{"brand":"Lenovo","count":260999,"percentage":0.01914173556067715},{"brand":"Others","count":968189,"percentage":0.07100723685054905}]},"responseTimestamp":1630501497603}