{"success":true,"code":"SUCCESS","data":{"aggregated":{"registeredUsers":15385416,"appOpens":569674870},"usersByDevice":[{"brand":"Xiaomi","count":3999086,"percentage":0.2599270633956209},{"brand":"Samsung","count":3116527,"percentage":0.20256371358434508},{"brand":"Vivo","count":2711261,"percentage":0.1762227943657812},{"brand":"Oppo","count":1667783,"percentage":0.10840025385078961},{"brand":"Apple","count":645777,"percentage":0.041973320708390334},{"brand":"OnePlus","count":588307,"percentage":0.038237965096296386},{"brand":"Realme","count":506808,"percentage":0.03294080576046823},{"brand":"Motorola","count":498395,"percentage":0.03239398921680116},{"brand":"Huawei","count":304839,"percentage":0.019813503905256772},{"brand":"Lenovo","count":279895,"percentage":0.018192228276440493},{"brand":"Others","count":1066738,"percentage":0.06933436183980986}]},"responseTimestamp":1630501497949}