{"success":true,"code":"SUCCESS","data":{"aggregated":{"registeredUsers":7018770,"appOpens":157793468},"usersByDevice":[{"brand":"Xiaomi","count":1753322,"percentage":0.24980473786717616},{"brand":"Samsung","count":1400065,"percentage":0.19947440933382915},{"brand":"Vivo","count":1250165,"percentage":0.17811739093886822},{"brand":"Oppo","count":881733,"percentage":0.12562500267140825},{"brand":"Realme","count":364011,"percentage":0.05186250582366996},{"brand":"Apple","count":308315,"percentage":0.043927212317827764},{"brand":"Motorola","count":143514,"percentage":0.020447172367808034},{"brand":"OnePlus","count":137007,"percentage":0.01952008685282464},{"brand":"Huawei","count":123916,"percentage":0.017654945239692996},{"brand":"Lenovo","count":80705,"percentage":0.011498453432723967},{"brand":"Others","count":576017,"percentage":0.08206808315417088}]},"responseTimestamp":1630501498304}