{"success":true,"code":"SUCCESS","data":{"aggregated":{"registeredUsers":7682878,"appOpens":143650123},"usersByDevice":[{"brand":"Xiaomi","count":1914791,"percentage":0.24922834906398358},{"brand":"Samsung","count":1520490,"percentage":0.19790630542356652},{"brand":"Vivo","count":1398622,"percentage":0.18204402048294924},{"brand":"Oppo","count":984512,"percentage":0.12814364617009408},{"brand":"Realme","count":407778,"percentage":0.05307620399542984},{"brand":"Apple","count":326534,"percentage":0.04250152091442816},{"brand":"Motorola","count":151138,"percentage":0.019672055185569783},{"brand":"OnePlus","count":142338,"percentage":0.018526651080493534},{"brand":"Huawei","count":133152,"percentage":0.017331005386262803},{"brand":"Lenovo","count":83928,"percentage":0.010924031333049932},{"brand":"Others","count":619595,"percentage":0.08064621096417254}]},"responseTimestamp":1630501498619}