{"success":true,"code":"SUCCESS","data":{"aggregated":{"registeredUsers":8398816,"appOpens":188614769},"usersByDevice":[{"brand":"Xiaomi","count":2075024,"percentage":0.24706149057200444},{"brand":"Samsung","count":1655037,"percentage":0.19705598979665706},{"brand":"Vivo","count":1573430,"percentage":0.18733950118683396},{"brand":"Oppo","count":1092131,"percentage":0.13003392382926354},{"brand":"Realme","count":459785,"percentage":0.05474402582459242},{"brand":"Apple","count":348330,"percentage":0.041473702960036274},{"brand":"Motorola","count":158324,"percentage":0.018850752296514176},{"brand":"OnePlus","count":149108,"percentage":0.01775345477267272},{"brand":"Huawei","count":142260,"percentage":0.016938101751484972},{"brand":"Lenovo","count":87838,"percentage":0.010458378895310958},{"brand":"Others","count":657549,"percentage":0.07829067811462949}]},"responseTimestamp":1630501499117}