{"success":true,"code":"SUCCESS","data":{"aggregated":{"registeredUsers":9129873,"appOpens":236101307},"usersByDevice":[{"brand":"Xiaomi","count":2236661,"percentage":0.24498270676930556},{"brand":"Samsung","count":1795147,"percentage":0.19662343605436788},{"brand":"Vivo","count":1744266,"percentage":0.19105041220179075},{"brand":"Oppo","count":1196039,"percentage":0.13100280803467912},{"brand":"Realme","count":514733,"percentage":0.056378987966207196},{"brand":"Apple","count":374080,"percentage":0.040973187688372006},{"brand":"Motorola","count":165075,"percentage":0.018080755340189287},{"brand":"OnePlus","count":156430,"percentage":0.017133863745968866},{"brand":"Huawei","count":151226,"percentage":0.016563866770107318},{"brand":"Lenovo","count":91990,"percentage":0.010075715182456535},{"brand":"Others","count":704226,"percentage":0.07713426024655545}]},"responseTimestamp":1630501499455}