{"success":true,"code":"SUCCESS","data":{"aggregated":{"registeredUsers":16284451,"appOpens":0},"usersByDevice":[{"brand":"Xiaomi","count":4274491,"percentage":0.2624891069401111},{"brand":"Samsung","count":3611915,"percentage":0.22180145956409583},{"brand":"Vivo","count":2418126,"percentage":0.14849293967601365},{"brand":"Oppo","count":1907902,"percentage":0.11716096538962228},{"brand":"Realme","count":585138,"percentage":0.035932313591658695},{"brand":"Apple","count":558788,"percentage":0.03431420561859899},{"brand":"Motorola","count":534307,"percentage":0.03281086970632292},{"brand":"OnePlus","count":525104,"percentage":0.03224572937706036},{"brand":"Lenovo","count":306357,"percentage":0.018812854053231517},{"brand":"Huawei","count":217773,"percentage":0.01337306366668425},{"brand":"Others","count":1344550,"percentage":0.08256649241660036}]},"responseTimestamp":1630501496586}