{"success":true,"code":"SUCCESS","data":{"aggregated":{"registeredUsers":18776975,"appOpens":109967705},"usersByDevice":[{"brand":"Xiaomi","count":4892831,"percentage":0.26057610451097685},{"brand":"Samsung","count":4177428,"percentage":0.22247609106365643},{"brand":"Vivo","count":2871247,"percentage":0.15291318223515768},{"brand":"Oppo","count":2256129,"percentage":0.12015401841883477},{"brand":"Realme","count":671555,"percentage":0.03576481302233187},{"brand":"Apple","count":637834,"percentage":0.03396894334683835},{"brand":"Motorola","count":590477,"percentage":0.03144686511006166},{"brand":"OnePlus","count":584246,"percentage":0.031115022520933216},{"brand":"Lenovo","count":336952,"percentage":0.017944956522549557},{"brand":"Huawei","count":250636,"percentage":0.01334804993882135},{"brand":"Others","count":1507640,"percentage":0.08029195330983825}]},"responseTimestamp":1630501497203}