{"success":true,"code":"SUCCESS","data":{"aggregated":{"registeredUsers":21313081,"appOpens":439998413},"usersByDevice":[{"brand":"Xiaomi","count":5512362,"percentage":0.2586375006035026},{"brand":"Samsung","count":4737873,"percentage":0.22229883140781007},{"brand":"Vivo","count":3365190,"percentage":0.15789317368052042},{"brand":"Oppo","count":2622932,"percentage":0.12306676824434722},{"brand":"Realme","count":776018,"percentage":0.03641040917547304},{"brand":"Apple","count":710463,"percentage":0.033334598596983706},{"brand":"OnePlus","count":640069,"percentage":0.030031744354558593},{"brand":"Motorola","count":634763,"percentage":0.02978278926448973},{"brand":"Lenovo","count":350502,"percentage":0.01644539332440955},{"brand":"Huawei","count":283713,"percentage":0.013311684031041781},{"brand":"Others","count":1679196,"percentage":0.0787871073168633}]},"responseTimestamp":1630501497680}