{"success":true,"code":"SUCCESS","data":{"aggregated":{"registeredUsers":23745297,"appOpens":543654112},"usersByDevice":[{"brand":"Xiaomi","count":6103857,"percentage":0.2570554076455645},{"brand":"Samsung","count":5262077,"percentage":0.22160501930129575},{"brand":"Vivo","count":3869506,"percentage":0.16295883770162992},{"brand":"Oppo","count":2994940,"percentage":0.12612771278455687},{"brand":"Realme","count":901700,"percentage":0.0379738354083337},{"brand":"Apple","count":765131,"percentage":0.03222242282334898},{"brand":"OnePlus","count":681386,"percentage":0.028695619178820967},{"brand":"Motorola","count":672128,"percentage":0.02830573144652602},{"brand":"Lenovo","count":367641,"percentage":0.015482686950599102},{"brand":"Huawei","count":311865,"percentage":0.013133758655450804},{"brand":"Others","count":1815066,"percentage":0.07643896810387336}]},"responseTimestamp":1630501498005}