{"success":true,"code":"SUCCESS","data":{"states":null,"districts":[{"name":"khordha","registeredUsers":308390},{"name":"cuttack","registeredUsers":135972},{"name":"ganjam","registeredUsers":126158},{"name":"baleshwar","registeredUsers":100919},{"name":"jajapur","registeredUsers":81133},{"name":"sundargarh","registeredUsers":75201},{"name":"puri","registeredUsers":69923},{"name":"kendujhar","registeredUsers":58968},{"name":"bhadrak","registeredUsers":58050},{"name":"anugul","registeredUsers":56617}],"pincodes":[{"name":"751024","registeredUsers":20624},{"name":"751012","registeredUsers":19414},{"name":"751002","registeredUsers":19137},{"name":"760001","registeredUsers":18195},{"name":"751006","registeredUsers":17601},{"name":"756001","registeredUsers":17451},{"name":"751003","registeredUsers":16391},{"name":"751019","registeredUsers":14672},{"name":"751013","registeredUsers":14292},{"name":"751007","registeredUsers":14267}]},"responseTimestamp":1630501494793}