{"success":true,"code":"SUCCESS","data":{"states":null,"districts":[{"name":"khordha","registeredUsers":406689},{"name":"cuttack","registeredUsers":187723},{"name":"ganjam","registeredUsers":169386},{"name":"baleshwar","registeredUsers":139968},{"name":"jajapur","registeredUsers":114580},{"name":"sundargarh","registeredUsers":102838},{"name":"puri","registeredUsers":97920},{"name":"kendujhar","registeredUsers":83050},{"name":"bhadrak","registeredUsers":81249},{"name":"anugul","registeredUsers":76885}],"pincodes":[{"name":"751024","registeredUsers":27037},{"name":"751002","registeredUsers":25379},{"name":"751012","registeredUsers":24805},{"name":"760001","registeredUsers":23382},{"name":"751006","registeredUsers":23371},{"name":"756001","registeredUsers":23237},{"name":"751003","registeredUsers":21019},{"name":"751019","registeredUsers":19055},{"name":"753001","registeredUsers":18920},{"name":"751007","registeredUsers":18456}]},"responseTimestamp":1630501495231}