{"success":true,"code":"SUCCESS","data":{"states":null,"districts":[{"name":"khordha","registeredUsers":499472},{"name":"cuttack","registeredUsers":239067},{"name":"ganjam","registeredUsers":217114},{"name":"baleshwar","registeredUsers":180370},{"name":"jajapur","registeredUsers":149049},{"name":"sundargarh","registeredUsers":130288},{"name":"puri","registeredUsers":124859},{"name":"kendujhar","registeredUsers":108387},{"name":"bhadrak","registeredUsers":105030},{"name":"anugul","registeredUsers":97856}],"pincodes":[{"name":"751024","registeredUsers":32884},{"name":"751002","registeredUsers":31103},{"name":"751012","registeredUsers":29858},{"name":"756001","registeredUsers":29096},{"name":"760001","registeredUsers":28489},{"name":"751006","registeredUsers":28340},{"name":"751003","registeredUsers":25477},{"name":"753001","registeredUsers":23504},{"name":"751019","registeredUsers":23269},{"name":"751007","registeredUsers":22631}]},"responseTimestamp":1630501495625}