{"success":true,"code":"SUCCESS","data":{"states":null,"districts":[{"name":"khordha","registeredUsers":626645},{"name":"cuttack","registeredUsers":310337},{"name":"ganjam","registeredUsers":279943},{"name":"baleshwar","registeredUsers":231913},{"name":"jajapur","registeredUsers":201210},{"name":"sundargarh","registeredUsers":166328},{"name":"puri","registeredUsers":163528},{"name":"kendujhar","registeredUsers":142222},{"name":"bhadrak","registeredUsers":141565},{"name":"anugul","registeredUsers":124644}],"pincodes":[{"name":"751024","registeredUsers":41412},{"name":"751002","registeredUsers":38919},{"name":"751012","registeredUsers":36501},{"name":"756001","registeredUsers":35417},{"name":"751006","registeredUsers":35365},{"name":"760001","registeredUsers":34895},{"name":"751003","registeredUsers":31663},{"name":"753001","registeredUsers":29776},{"name":"751019","registeredUsers":28694},{"name":"751007","registeredUsers":28305}]},"responseTimestamp":1630501496303}