{"success":true,"code":"SUCCESS","data":{"hoverDataList":[{"name":"east godavari district","metric":[{"type":"TOTAL","count":26190701,"amount":6.002798498796951E10}]},{"name":"srikakulam district","metric":[{"type":"TOTAL","count":11160473,"amount":2.6486623313092724E10}]},{"name":"spsr nellore district","metric":[{"type":"TOTAL","count":22541428,"amount":5.221033320153073E10}]},{"name":"vizianagaram district","metric":[{"type":"TOTAL","count":10514582,"amount":2.4153782497243248E10}]},{"name":"visakhapatnam district","metric":[{"type":"TOTAL","count":48248923,"amount":9.530838603784721E10}]},{"name":"prakasam district","metric":[{"type":"TOTAL","count":15175395,"amount":4.1396223622174774E10}]},{"name":"anantapur district","metric":[{"type":"TOTAL","count":20102957,"amount":4.835387039501808E10}]},{"name":"ysr district","metric":[{"type":"TOTAL","count":15374473,"amount":4.257091944850447E10}]},{"name":"west godavari district","metric":[{"type":"TOTAL","count":16015685,"amount":4.212403066936126E10}]},{"name":"kurnool district","metric":[{"type":"TOTAL","count":17918524,"amount":4.494162965956964E10}]},{"name":"chittoor district","metric":[{"type":"TOTAL","count":29342609,"amount":6.094749184666089E10}]},{"name":"guntur district","metric":[{"type":"TOTAL","count":27445045,"amount":6.4207987853108406E10}]},{"name":"krishna district","metric":[{"type":"TOTAL","count":29717175,"amount":6.971540664453485E10}]}]},"responseTimestamp":1630502911429}