{"success":true,"code":"SUCCESS","data":{"hoverDataList":[{"name":"east godavari district","metric":[{"type":"TOTAL","count":31717908,"amount":7.460432586366068E10}]},{"name":"srikakulam district","metric":[{"type":"TOTAL","count":13546232,"amount":3.2298129544540867E10}]},{"name":"spsr nellore district","metric":[{"type":"TOTAL","count":30290406,"amount":7.228307175709679E10}]},{"name":"vizianagaram district","metric":[{"type":"TOTAL","count":12689494,"amount":2.9140685236830723E10}]},{"name":"visakhapatnam district","metric":[{"type":"TOTAL","count":54390299,"amount":1.1443901271335336E11}]},{"name":"prakasam district","metric":[{"type":"TOTAL","count":19944047,"amount":5.453532804304135E10}]},{"name":"anantapur district","metric":[{"type":"TOTAL","count":25123346,"amount":6.0987487571279915E10}]},{"name":"ysr district","metric":[{"type":"TOTAL","count":18457361,"amount":5.252352703102132E10}]},{"name":"west godavari district","metric":[{"type":"TOTAL","count":20950964,"amount":5.723311623618796E10}]},{"name":"kurnool district","metric":[{"type":"TOTAL","count":21972396,"amount":5.6659287474995804E10}]},{"name":"chittoor district","metric":[{"type":"TOTAL","count":34344902,"amount":7.365469012243158E10}]},{"name":"guntur district","metric":[{"type":"TOTAL","count":32968819,"amount":8.235691446383287E10}]},{"name":"krishna district","metric":[{"type":"TOTAL","count":36370960,"amount":9.002192304996454E10}]}]},"responseTimestamp":1630502911473}