{"success":true,"code":"SUCCESS","data":{"hoverDataList":[{"name":"east godavari district","metric":[{"type":"TOTAL","count":39572714,"amount":8.93803700727078E10}]},{"name":"srikakulam district","metric":[{"type":"TOTAL","count":15639768,"amount":3.4836400769876816E10}]},{"name":"spsr nellore district","metric":[{"type":"TOTAL","count":34411958,"amount":7.783967698830869E10}]},{"name":"vizianagaram district","metric":[{"type":"TOTAL","count":14510005,"amount":3.1383541628212524E10}]},{"name":"visakhapatnam district","metric":[{"type":"TOTAL","count":69220981,"amount":1.3694565215926515E11}]},{"name":"prakasam district","metric":[{"type":"TOTAL","count":24116580,"amount":6.3367713446928055E10}]},{"name":"anantapur district","metric":[{"type":"TOTAL","count":30366444,"amount":7.029124815564975E10}]},{"name":"ysr district","metric":[{"type":"TOTAL","count":22439316,"amount":6.0683557724652336E10}]},{"name":"west godavari district","metric":[{"type":"TOTAL","count":26245039,"amount":6.66472384551675E10}]},{"name":"kurnool district","metric":[{"type":"TOTAL","count":26377809,"amount":6.252745376159807E10}]},{"name":"chittoor district","metric":[{"type":"TOTAL","count":42628568,"amount":8.937193175304831E10}]},{"name":"guntur district","metric":[{"type":"TOTAL","count":41675093,"amount":9.652535309012305E10}]},{"name":"krishna district","metric":[{"type":"TOTAL","count":44828275,"amount":1.0441789755858972E11}]}]},"responseTimestamp":1634575068142}