{"success":true,"code":"SUCCESS","data":{"hoverDataList":[{"name":"east godavari district","metric":[{"type":"TOTAL","count":48992531,"amount":1.0672559702600356E11}]},{"name":"srikakulam district","metric":[{"type":"TOTAL","count":18501857,"amount":3.971365787015512E10}]},{"name":"spsr nellore district","metric":[{"type":"TOTAL","count":41921081,"amount":9.225640507626547E10}]},{"name":"vizianagaram district","metric":[{"type":"TOTAL","count":17253059,"amount":3.65775294649687E10}]},{"name":"visakhapatnam district","metric":[{"type":"TOTAL","count":82711538,"amount":1.5953009977273474E11}]},{"name":"prakasam district","metric":[{"type":"TOTAL","count":27858275,"amount":7.132306000847623E10}]},{"name":"anantapur district","metric":[{"type":"TOTAL","count":36129136,"amount":8.123978700664764E10}]},{"name":"ysr district","metric":[{"type":"TOTAL","count":26340348,"amount":6.90818500692033E10}]},{"name":"west godavari district","metric":[{"type":"TOTAL","count":33235175,"amount":8.129246157508182E10}]},{"name":"kurnool district","metric":[{"type":"TOTAL","count":31782248,"amount":7.396894766964754E10}]},{"name":"chittoor district","metric":[{"type":"TOTAL","count":51119640,"amount":1.0398573466373514E11}]},{"name":"guntur district","metric":[{"type":"TOTAL","count":50919286,"amount":1.1555399367317337E11}]},{"name":"krishna district","metric":[{"type":"TOTAL","count":55489829,"amount":1.2501532320789836E11}]}]},"responseTimestamp":1643295682651}