{"success":true,"code":"SUCCESS","data":{"aggregated":{"registeredUsers":5916961,"appOpens":448503438},"usersByDevice":[{"brand":"Vivo","count":1531319,"percentage":0.2588016044046936},{"brand":"Xiaomi","count":1301387,"percentage":0.21994179106470366},{"brand":"Samsung","count":843988,"percentage":0.14263876337870066},{"brand":"Oppo","count":702141,"percentage":0.11866581510339513},{"brand":"Realme","count":629948,"percentage":0.1064647882587024},{"brand":"Micromax","count":255953,"percentage":0.043257510063020525},{"brand":"OnePlus","count":99485,"percentage":0.01681352978327895},{"brand":"Apple","count":96555,"percentage":0.016318343149464735},{"brand":"Tecno","count":57754,"percentage":0.009760753873483364},{"brand":"Infinix","count":53501,"percentage":0.009041972728905936},{"brand":"Others","count":344930,"percentage":0.058295128191651086}]},"responseTimestamp":1651127683474}