{"success":true,"code":"SUCCESS","data":{"states":[{"name":"maharashtra","registeredUsers":39664697},{"name":"uttar pradesh","registeredUsers":31651894},{"name":"karnataka","registeredUsers":25751023},{"name":"andhra pradesh","registeredUsers":19620905},{"name":"rajasthan","registeredUsers":18980985},{"name":"telangana","registeredUsers":18306880},{"name":"west bengal","registeredUsers":17979979},{"name":"tamil nadu","registeredUsers":17804542},{"name":"madhya pradesh","registeredUsers":15940935},{"name":"gujarat","registeredUsers":15735981}],"districts":[{"name":"bengaluru urban","registeredUsers":10604609},{"name":"pune","registeredUsers":6915820},{"name":"thane","registeredUsers":4290066},{"name":"jaipur","registeredUsers":4226231},{"name":"mumbai suburban","registeredUsers":4151227},{"name":"hyderabad","registeredUsers":3598337},{"name":"ahmadabad","registeredUsers":3209841},{"name":"rangareddy","registeredUsers":3097973},{"name":"north twenty four parganas","registeredUsers":2660664},{"name":"surat","registeredUsers":2633443}],"pincodes":[{"name":"201301","registeredUsers":577428},{"name":"110059","registeredUsers":485328},{"name":"560068","registeredUsers":455417},{"name":"421302","registeredUsers":424376},{"name":"500072","registeredUsers":398987},{"name":"122001","registeredUsers":385555},{"name":"110092","registeredUsers":383095},{"name":"110086","registeredUsers":332618},{"name":"121004","registeredUsers":328000},{"name":"560078","registeredUsers":325334}]},"responseTimestamp":1630501483101}