{"success":true,"code":"SUCCESS","data":{"states":[{"name":"maharashtra","registeredUsers":42581217},{"name":"uttar pradesh","registeredUsers":34151882},{"name":"karnataka","registeredUsers":27614221},{"name":"andhra pradesh","registeredUsers":21059898},{"name":"rajasthan","registeredUsers":20499465},{"name":"telangana","registeredUsers":19615278},{"name":"west bengal","registeredUsers":19323278},{"name":"tamil nadu","registeredUsers":19127440},{"name":"madhya pradesh","registeredUsers":17210233},{"name":"gujarat","registeredUsers":16946761}],"districts":[{"name":"bengaluru urban","registeredUsers":11321012},{"name":"pune","registeredUsers":7398336},{"name":"thane","registeredUsers":4597394},{"name":"jaipur","registeredUsers":4534297},{"name":"mumbai suburban","registeredUsers":4444495},{"name":"hyderabad","registeredUsers":3839513},{"name":"ahmadabad","registeredUsers":3445024},{"name":"rangareddy","registeredUsers":3310906},{"name":"north twenty four parganas","registeredUsers":2852030},{"name":"surat","registeredUsers":2830392}],"pincodes":[{"name":"201301","registeredUsers":618043},{"name":"110059","registeredUsers":520096},{"name":"560068","registeredUsers":486170},{"name":"421302","registeredUsers":456284},{"name":"500072","registeredUsers":425197},{"name":"122001","registeredUsers":412737},{"name":"110092","registeredUsers":409520},{"name":"110086","registeredUsers":357590},{"name":"121004","registeredUsers":352312},{"name":"560078","registeredUsers":346840}]},"responseTimestamp":1634575119825}