{"success":true,"code":"SUCCESS","data":{"aggregated":{"registeredUsers":218496,"appOpens":4195122},"usersByDevice":[{"brand":"Xiaomi","count":52683,"percentage":0.24111654217926187},{"brand":"Vivo","count":48874,"percentage":0.2236837287639133},{"brand":"Samsung","count":38134,"percentage":0.174529510837727},{"brand":"Oppo","count":26282,"percentage":0.12028595489162273},{"brand":"Realme","count":13927,"percentage":0.06374029730521383},{"brand":"Apple","count":4178,"percentage":0.01912163151728178},{"brand":"Motorola","count":4028,"percentage":0.018435120093731692},{"brand":"Lenovo","count":3944,"percentage":0.018050673696543645},{"brand":"Huawei","count":3732,"percentage":0.017080404217926188},{"brand":"OnePlus","count":2682,"percentage":0.012274824253075571},{"brand":"Others","count":20032,"percentage":0.0916813122437024}]},"responseTimestamp":1630501498250}