{"success":true,"code":"SUCCESS","data":{"aggregated":{"registeredUsers":244814,"appOpens":4505127},"usersByDevice":[{"brand":"Xiaomi","count":58073,"percentage":0.2372127411014076},{"brand":"Vivo","count":56525,"percentage":0.230889573308716},{"brand":"Samsung","count":42346,"percentage":0.17297213394658803},{"brand":"Oppo","count":29921,"percentage":0.12221931752269069},{"brand":"Realme","count":16175,"percentage":0.06607056785968123},{"brand":"Apple","count":4502,"percentage":0.0183894711903731},{"brand":"Motorola","count":4308,"percentage":0.017597032849428547},{"brand":"Lenovo","count":4157,"percentage":0.01698023805828098},{"brand":"Huawei","count":4069,"percentage":0.016620781491254587},{"brand":"OnePlus","count":2817,"percentage":0.011506694878560866},{"brand":"Others","count":21921,"percentage":0.08954144779301837}]},"responseTimestamp":1630501498615}