{"success":true,"code":"SUCCESS","data":{"aggregated":{"registeredUsers":267946,"appOpens":4421499},"usersByDevice":[{"brand":"Vivo","count":63527,"percentage":0.23708881640330515},{"brand":"Xiaomi","count":62612,"percentage":0.2336739492285759},{"brand":"Samsung","count":46194,"percentage":0.17240040903764192},{"brand":"Oppo","count":33220,"percentage":0.12398020496667239},{"brand":"Realme","count":18327,"percentage":0.06839811006695379},{"brand":"Apple","count":4852,"percentage":0.018108126264247272},{"brand":"Motorola","count":4473,"percentage":0.016693662155807514},{"brand":"Huawei","count":4325,"percentage":0.01614131205541415},{"brand":"Lenovo","count":4294,"percentage":0.01602561710195338},{"brand":"OnePlus","count":2971,"percentage":0.011088055055869466},{"brand":"Others","count":23151,"percentage":0.08640173766355908}]},"responseTimestamp":1630501499075}