{"success":true,"code":"SUCCESS","data":{"aggregated":{"registeredUsers":296493,"appOpens":6196436},"usersByDevice":[{"brand":"Vivo","count":71995,"percentage":0.2428219215967999},{"brand":"Xiaomi","count":68314,"percentage":0.23040678869315634},{"brand":"Samsung","count":50714,"percentage":0.1710461967061617},{"brand":"Oppo","count":36932,"percentage":0.12456280586725488},{"brand":"Realme","count":20993,"percentage":0.07080436974903286},{"brand":"Apple","count":5335,"percentage":0.01799367944605775},{"brand":"Motorola","count":4712,"percentage":0.01589244940015447},{"brand":"Huawei","count":4635,"percentage":0.01563274681021137},{"brand":"Lenovo","count":4516,"percentage":0.015231388262117486},{"brand":"OnePlus","count":3173,"percentage":0.010701770362200795},{"brand":"Others","count":25174,"percentage":0.08490588310685244}]},"responseTimestamp":1630501499454}