{"success":true,"code":"SUCCESS","data":{"hoverDataList":[{"name":"puducherry","metric":[{"type":"TOTAL","count":1207921,"amount":2.205277477079584E9}]},{"name":"tamil nadu","metric":[{"type":"TOTAL","count":66953473,"amount":1.165696861794346E11}]},{"name":"uttar pradesh","metric":[{"type":"TOTAL","count":97239132,"amount":1.7241643496069037E11}]},{"name":"madhya pradesh","metric":[{"type":"TOTAL","count":79366746,"amount":1.2673728143618526E11}]},{"name":"andhra pradesh","metric":[{"type":"TOTAL","count":127677357,"amount":2.527372142890485E11}]},{"name":"tripura","metric":[{"type":"TOTAL","count":924502,"amount":1.5887788063885012E9}]},{"name":"lakshadweep","metric":[{"type":"TOTAL","count":5151,"amount":1.350236857450421E7}]},{"name":"manipur","metric":[{"type":"TOTAL","count":818801,"amount":2.5985903808769474E9}]},{"name":"maharashtra","metric":[{"type":"TOTAL","count":238944081,"amount":3.199951967180683E11}]},{"name":"dadra & nagar haveli & daman & diu","metric":[{"type":"TOTAL","count":878579,"amount":1.342763369292519E9}]},{"name":"meghalaya","metric":[{"type":"TOTAL","count":502283,"amount":1.1201348409078057E9}]},{"name":"andaman & nicobar islands","metric":[{"type":"TOTAL","count":41298,"amount":1.614763122972747E8}]},{"name":"haryana","metric":[{"type":"TOTAL","count":44036087,"amount":8.197621455824355E10}]},{"name":"rajasthan","metric":[{"type":"TOTAL","count":102258812,"amount":1.9030823856100217E11}]},{"name":"ladakh","metric":[{"type":"TOTAL","count":116419,"amount":3.776396774457431E8}]},{"name":"punjab","metric":[{"type":"TOTAL","count":15217784,"amount":3.1374185265899654E10}]},{"name":"assam","metric":[{"type":"TOTAL","count":8808860,"amount":2.066842834772898E10}]},{"name":"jharkhand","metric":[{"type":"TOTAL","count":18282713,"amount":3.3611232153269115E10}]},{"name":"odisha","metric":[{"type":"TOTAL","count":53682307,"amount":9.195679819933679E10}]},{"name":"bihar","metric":[{"type":"TOTAL","count":45081815,"amount":1.0925685352724524E11}]},{"name":"kerala","metric":[{"type":"TOTAL","count":15733522,"amount":2.645108483093425E10}]},{"name":"karnataka","metric":[{"type":"TOTAL","count":271033890,"amount":3.534020549994004E11}]},{"name":"chandigarh","metric":[{"type":"TOTAL","count":2262511,"amount":5.126453070016205E9}]},{"name":"telangana","metric":[{"type":"TOTAL","count":199409525,"amount":3.713437803682118E11}]},{"name":"himachal pradesh","metric":[{"type":"TOTAL","count":4144480,"amount":7.419466751122733E9}]},{"name":"west bengal","metric":[{"type":"TOTAL","count":66250381,"amount":9.66533051909406E10}]},{"name":"gujarat","metric":[{"type":"TOTAL","count":47326417,"amount":8.699507662190231E10}]},{"name":"sikkim","metric":[{"type":"TOTAL","count":528118,"amount":1.0534762719444009E9}]},{"name":"nagaland","metric":[{"type":"TOTAL","count":378051,"amount":8.947800287343724E8}]},{"name":"mizoram","metric":[{"type":"TOTAL","count":153609,"amount":3.920775793496374E8}]},{"name":"chhattisgarh","metric":[{"type":"TOTAL","count":19523991,"amount":3.2860597671356686E10}]},{"name":"jammu & kashmir","metric":[{"type":"TOTAL","count":921630,"amount":2.937643176534005E9}]},{"name":"goa","metric":[{"type":"TOTAL","count":1881237,"amount":3.4103712319237647E9}]},{"name":"arunachal pradesh","metric":[{"type":"TOTAL","count":567175,"amount":1.3817586813301477E9}]},{"name":"delhi","metric":[{"type":"TOTAL","count":81747604,"amount":1.3361654364258943E11}]},{"name":"uttarakhand","metric":[{"type":"TOTAL","count":9131784,"amount":1.6158080258987526E10}]}]},"responseTimestamp":1630502909430}