{"success":true,"code":"SUCCESS","data":{"hoverDataList":[{"name":"puducherry","metric":[{"type":"TOTAL","count":2716003,"amount":4.930526217671207E9}]},{"name":"tamil nadu","metric":[{"type":"TOTAL","count":111179701,"amount":2.0647319750099268E11}]},{"name":"uttar pradesh","metric":[{"type":"TOTAL","count":178167517,"amount":3.574288267782578E11}]},{"name":"madhya pradesh","metric":[{"type":"TOTAL","count":153652541,"amount":2.842751397723589E11}]},{"name":"andhra pradesh","metric":[{"type":"TOTAL","count":286118552,"amount":6.548415460333186E11}]},{"name":"tripura","metric":[{"type":"TOTAL","count":1651890,"amount":3.1821309962213116E9}]},{"name":"lakshadweep","metric":[{"type":"TOTAL","count":11650,"amount":3.0111317917080387E7}]},{"name":"manipur","metric":[{"type":"TOTAL","count":1627852,"amount":5.602224558458768E9}]},{"name":"maharashtra","metric":[{"type":"TOTAL","count":407621004,"amount":6.221555308322585E11}]},{"name":"dadra & nagar haveli & daman & diu","metric":[{"type":"TOTAL","count":1817791,"amount":2.700511100828503E9}]},{"name":"meghalaya","metric":[{"type":"TOTAL","count":754008,"amount":1.8042425721989727E9}]},{"name":"andaman & nicobar islands","metric":[{"type":"TOTAL","count":224531,"amount":6.272826563148524E8}]},{"name":"haryana","metric":[{"type":"TOTAL","count":83171439,"amount":1.5999850436653964E11}]},{"name":"rajasthan","metric":[{"type":"TOTAL","count":190283435,"amount":3.8603477983648376E11}]},{"name":"ladakh","metric":[{"type":"TOTAL","count":332134,"amount":1.1119634705079594E9}]},{"name":"punjab","metric":[{"type":"TOTAL","count":22997925,"amount":5.3775406479553894E10}]},{"name":"assam","metric":[{"type":"TOTAL","count":15423454,"amount":4.0226611319263756E10}]},{"name":"jharkhand","metric":[{"type":"TOTAL","count":39431633,"amount":7.280517483004245E10}]},{"name":"odisha","metric":[{"type":"TOTAL","count":92324950,"amount":1.783026630146175E11}]},{"name":"bihar","metric":[{"type":"TOTAL","count":96591673,"amount":2.3890561313647186E11}]},{"name":"kerala","metric":[{"type":"TOTAL","count":33288187,"amount":5.6755256647011795E10}]},{"name":"karnataka","metric":[{"type":"TOTAL","count":431536984,"amount":6.580366985650032E11}]},{"name":"chandigarh","metric":[{"type":"TOTAL","count":2912716,"amount":6.146762901349345E9}]},{"name":"telangana","metric":[{"type":"TOTAL","count":343643787,"amount":6.963504392269453E11}]},{"name":"himachal pradesh","metric":[{"type":"TOTAL","count":7272328,"amount":1.3989053108813015E10}]},{"name":"west bengal","metric":[{"type":"TOTAL","count":100340645,"amount":1.991654913656468E11}]},{"name":"gujarat","metric":[{"type":"TOTAL","count":77828547,"amount":1.483930601124366E11}]},{"name":"sikkim","metric":[{"type":"TOTAL","count":735035,"amount":1.919275805122922E9}]},{"name":"nagaland","metric":[{"type":"TOTAL","count":847825,"amount":2.7730848705627017E9}]},{"name":"mizoram","metric":[{"type":"TOTAL","count":322607,"amount":9.865221156939572E8}]},{"name":"chhattisgarh","metric":[{"type":"TOTAL","count":35529636,"amount":6.221497428394806E10}]},{"name":"jammu & kashmir","metric":[{"type":"TOTAL","count":5754444,"amount":1.5380905803378227E10}]},{"name":"goa","metric":[{"type":"TOTAL","count":3801381,"amount":6.899792747579928E9}]},{"name":"arunachal pradesh","metric":[{"type":"TOTAL","count":1209129,"amount":3.5702640218456187E9}]},{"name":"delhi","metric":[{"type":"TOTAL","count":120540417,"amount":2.162650882245436E11}]},{"name":"uttarakhand","metric":[{"type":"TOTAL","count":17613271,"amount":3.1792739329110085E10}]}]},"responseTimestamp":1630502909436}