{"success":true,"code":"SUCCESS","data":{"aggregated":{"registeredUsers":38999692,"appOpens":836926025},"usersByDevice":[{"brand":"Xiaomi","count":9273651,"percentage":0.2377878009908386},{"brand":"Vivo","count":7577324,"percentage":0.19429189338213235},{"brand":"Samsung","count":6602107,"percentage":0.16928613179816906},{"brand":"Oppo","count":5167492,"percentage":0.1325008412886953},{"brand":"Realme","count":3918711,"percentage":0.10048056276957264},{"brand":"Apple","count":775546,"percentage":0.01988595191982542},{"brand":"Tecno","count":756173,"percentage":0.01938920440705019},{"brand":"Infinix","count":719048,"percentage":0.01843727381231626},{"brand":"OnePlus","count":534457,"percentage":0.013704133868544398},{"brand":"Huawei","count":526680,"percentage":0.013504722037291987},{"brand":"Others","count":3148503,"percentage":0.08073148372556378}]},"responseTimestamp":1651127636110}