{"success":true,"code":"SUCCESS","data":{"aggregated":{"registeredUsers":1908898,"appOpens":0},"usersByDevice":[{"brand":"Xiaomi","count":454437,"percentage":0.23806248421864343},{"brand":"Vivo","count":344150,"percentage":0.1802872652179425},{"brand":"Samsung","count":336551,"percentage":0.17630643439303723},{"brand":"Oppo","count":192191,"percentage":0.10068164983147344},{"brand":"Micromax","count":187241,"percentage":0.09808853066009814},{"brand":"Realme","count":109520,"percentage":0.05737341649475247},{"brand":"Apple","count":32769,"percentage":0.017166448914504598},{"brand":"OnePlus","count":31894,"percentage":0.01670806926299886},{"brand":"Motorola","count":25968,"percentage":0.013603660331772573},{"brand":"Lenovo","count":24737,"percentage":0.012958785644911357},{"brand":"Others","count":169440,"percentage":0.0887632550298654}]},"responseTimestamp":1630501496479}