{"success":true,"code":"SUCCESS","data":{"aggregated":{"registeredUsers":2191066,"appOpens":13206373},"usersByDevice":[{"brand":"Xiaomi","count":521922,"percentage":0.2382045999527171},{"brand":"Vivo","count":406013,"percentage":0.18530386578952893},{"brand":"Samsung","count":388144,"percentage":0.17714847476068726},{"brand":"Oppo","count":225563,"percentage":0.10294669352726024},{"brand":"Micromax","count":208017,"percentage":0.09493871932657437},{"brand":"Realme","count":126313,"percentage":0.057649107785890524},{"brand":"Apple","count":37139,"percentage":0.01695019684482348},{"brand":"OnePlus","count":35168,"percentage":0.016050634713879},{"brand":"Motorola","count":28701,"percentage":0.013099103358821688},{"brand":"Lenovo","count":27225,"percentage":0.01242545865802308},{"brand":"Others","count":186861,"percentage":0.08528314528179434}]},"responseTimestamp":1630501496808}