{"success":true,"code":"SUCCESS","data":{"aggregated":{"registeredUsers":2435058,"appOpens":46362341},"usersByDevice":[{"brand":"Xiaomi","count":582178,"percentage":0.2390817795715749},{"brand":"Vivo","count":463726,"percentage":0.1904373530322481},{"brand":"Samsung","count":424913,"percentage":0.1744981023039287},{"brand":"Oppo","count":254200,"percentage":0.10439176397441047},{"brand":"Micromax","count":225367,"percentage":0.09255097825185273},{"brand":"Realme","count":145376,"percentage":0.059701247362485825},{"brand":"Apple","count":40822,"percentage":0.016764282411342975},{"brand":"OnePlus","count":38300,"percentage":0.01572857812832384},{"brand":"Motorola","count":30550,"percentage":0.012545902397396695},{"brand":"Lenovo","count":26475,"percentage":0.010872430964683388},{"brand":"Others","count":203151,"percentage":0.0834275816017524}]},"responseTimestamp":1630501497388}