{"success":true,"code":"SUCCESS","data":{"aggregated":{"registeredUsers":2725900,"appOpens":57278977},"usersByDevice":[{"brand":"Xiaomi","count":649776,"percentage":0.23837118016068087},{"brand":"Vivo","count":534907,"percentage":0.19623133643934113},{"brand":"Samsung","count":473054,"percentage":0.17354048204262812},{"brand":"Oppo","count":290835,"percentage":0.10669320224513004},{"brand":"Micromax","count":243335,"percentage":0.08926776477493671},{"brand":"Realme","count":169406,"percentage":0.06214681389632782},{"brand":"Apple","count":44369,"percentage":0.016276826002421217},{"brand":"OnePlus","count":41107,"percentage":0.015080157012362889},{"brand":"Motorola","count":32554,"percentage":0.011942477713782604},{"brand":"Lenovo","count":27622,"percentage":0.010133167027403793},{"brand":"Others","count":218935,"percentage":0.08031659268498477}]},"responseTimestamp":1630501497907}