{"success":true,"code":"SUCCESS","data":{"states":null,"districts":[{"name":"gurugram","registeredUsers":1574240},{"name":"faridabad","registeredUsers":862595},{"name":"hisar","registeredUsers":339753},{"name":"rewari","registeredUsers":294161},{"name":"sonipat","registeredUsers":291479},{"name":"panipat","registeredUsers":262435},{"name":"karnal","registeredUsers":255280},{"name":"rohtak","registeredUsers":209750},{"name":"palwal","registeredUsers":209434},{"name":"jhajjar","registeredUsers":206377}],"pincodes":[{"name":"122001","registeredUsers":258880},{"name":"121004","registeredUsers":201072},{"name":"121003","registeredUsers":169105},{"name":"121001","registeredUsers":164555},{"name":"122006","registeredUsers":137295},{"name":"122002","registeredUsers":136781},{"name":"121102","registeredUsers":117172},{"name":"124001","registeredUsers":115727},{"name":"123401","registeredUsers":113575},{"name":"122004","registeredUsers":109845}]},"responseTimestamp":1630501497948}