{"success":true,"code":"SUCCESS","data":{"aggregated":{"registeredUsers":91936,"appOpens":0},"usersByDevice":[{"brand":"Xiaomi","count":23388,"percentage":0.2543943612948138},{"brand":"Samsung","count":19288,"percentage":0.2097981204316046},{"brand":"Vivo","count":8719,"percentage":0.09483771319178559},{"brand":"Oppo","count":6969,"percentage":0.07580273233553776},{"brand":"Apple","count":5957,"percentage":0.0647950748346676},{"brand":"OnePlus","count":5457,"percentage":0.05935650887573964},{"brand":"Motorola","count":4236,"percentage":0.04607553080403759},{"brand":"Realme","count":4094,"percentage":0.04453097807170205},{"brand":"Lenovo","count":2542,"percentage":0.027649669335189697},{"brand":"Huawei","count":1595,"percentage":0.01734902540898016},{"brand":"Others","count":9691,"percentage":0.10541028541594152}]},"responseTimestamp":1630501494622}