{"success":true,"code":"SUCCESS","data":{"aggregated":{"registeredUsers":122174,"appOpens":0},"usersByDevice":[{"brand":"Xiaomi","count":31481,"percentage":0.2576734820829309},{"brand":"Samsung","count":25483,"percentage":0.20857956684728338},{"brand":"Vivo","count":12317,"percentage":0.10081523073649058},{"brand":"Oppo","count":9547,"percentage":0.07814264900879074},{"brand":"Apple","count":7433,"percentage":0.06083945847725375},{"brand":"OnePlus","count":6696,"percentage":0.054807078429125675},{"brand":"Motorola","count":5508,"percentage":0.04508324193363564},{"brand":"Realme","count":5427,"percentage":0.044420253081670406},{"brand":"Lenovo","count":3352,"percentage":0.027436279404783343},{"brand":"Huawei","count":2237,"percentage":0.01830995138081752},{"brand":"Others","count":12693,"percentage":0.10389280861721807}]},"responseTimestamp":1630501494984}