{"success":true,"code":"SUCCESS","data":{"aggregated":{"registeredUsers":153802,"appOpens":0},"usersByDevice":[{"brand":"Xiaomi","count":39803,"percentage":0.2587937738130844},{"brand":"Samsung","count":32023,"percentage":0.2082092560564882},{"brand":"Vivo","count":16778,"percentage":0.10908830834449487},{"brand":"Oppo","count":12470,"percentage":0.08107826946333598},{"brand":"Apple","count":8815,"percentage":0.05731394910339267},{"brand":"OnePlus","count":7931,"percentage":0.05156629952796453},{"brand":"Realme","count":6878,"percentage":0.044719834592528054},{"brand":"Motorola","count":6674,"percentage":0.04339345392127541},{"brand":"Lenovo","count":3860,"percentage":0.025097202897231507},{"brand":"Huawei","count":3053,"percentage":0.01985019700654088},{"brand":"Others","count":15517,"percentage":0.10088945527366354}]},"responseTimestamp":1630501495454}