{"success":true,"code":"SUCCESS","data":{"aggregated":{"registeredUsers":195350,"appOpens":0},"usersByDevice":[{"brand":"Xiaomi","count":50867,"percentage":0.26038904530330176},{"brand":"Samsung","count":40683,"percentage":0.20825697466086512},{"brand":"Vivo","count":22715,"percentage":0.11627847453288968},{"brand":"Oppo","count":16672,"percentage":0.08534425390325058},{"brand":"Apple","count":10884,"percentage":0.055715382646531864},{"brand":"OnePlus","count":9442,"percentage":0.04833375991809573},{"brand":"Realme","count":8708,"percentage":0.04457640133094446},{"brand":"Motorola","count":8176,"percentage":0.0418530842078321},{"brand":"Lenovo","count":4769,"percentage":0.02441259278218582},{"brand":"Huawei","count":3965,"percentage":0.020296902994625034},{"brand":"Others","count":18469,"percentage":0.09454312771947786}]},"responseTimestamp":1630501495917}