{"success":true,"code":"SUCCESS","data":{"states":null,"districts":[{"entityName":"solan","metric":{"type":"TOTAL","count":229164,"amount":3.730180574322363E8}},{"entityName":"kangra","metric":{"type":"TOTAL","count":123560,"amount":2.438349566313929E8}},{"entityName":"shimla","metric":{"type":"TOTAL","count":109765,"amount":2.6170177939463177E8}},{"entityName":"sirmaur","metric":{"type":"TOTAL","count":78762,"amount":1.2433457699894318E8}},{"entityName":"mandi","metric":{"type":"TOTAL","count":74604,"amount":1.2894189630651332E8}},{"entityName":"una","metric":{"type":"TOTAL","count":73766,"amount":1.5052141727225596E8}},{"entityName":"hamirpur","metric":{"type":"TOTAL","count":58022,"amount":9.05295721234664E7}},{"entityName":"chamba","metric":{"type":"TOTAL","count":44858,"amount":1.909773354683498E8}},{"entityName":"kullu","metric":{"type":"TOTAL","count":40813,"amount":9.512777288091436E7}},{"entityName":"bilaspur","metric":{"type":"TOTAL","count":37993,"amount":5.6133326966728725E7}}],"pincodes":[{"entityName":"173205","metric":{"type":"TOTAL","count":95087,"amount":1.3646139592778862E8}},{"entityName":"174101","metric":{"type":"TOTAL","count":41377,"amount":6.927541461089885E7}},{"entityName":"174303","metric":{"type":"TOTAL","count":37218,"amount":7.93252539658385E7}},{"entityName":"173025","metric":{"type":"TOTAL","count":35054,"amount":6.419637989609783E7}},{"entityName":"176001","metric":{"type":"TOTAL","count":20730,"amount":4.270449814961146E7}},{"entityName":"173030","metric":{"type":"TOTAL","count":19975,"amount":2.2858486983047362E7}},{"entityName":"171001","metric":{"type":"TOTAL","count":19667,"amount":4.656508369183657E7}},{"entityName":"173212","metric":{"type":"TOTAL","count":16604,"amount":3.6836443968154006E7}},{"entityName":"176323","metric":{"type":"TOTAL","count":16524,"amount":1.2079317575823024E8}},{"entityName":"177005","metric":{"type":"TOTAL","count":15321,"amount":1.4487357030578952E7}}]},"responseTimestamp":1630501487990}