{"success":true,"code":"SUCCESS","data":{"states":null,"districts":[{"entityName":"solan","metric":{"type":"TOTAL","count":347191,"amount":5.776187891056865E8}},{"entityName":"kangra","metric":{"type":"TOTAL","count":187764,"amount":4.146030499879074E8}},{"entityName":"shimla","metric":{"type":"TOTAL","count":156832,"amount":3.9686063804644364E8}},{"entityName":"sirmaur","metric":{"type":"TOTAL","count":122707,"amount":1.9934435377429008E8}},{"entityName":"una","metric":{"type":"TOTAL","count":110312,"amount":2.229283406712972E8}},{"entityName":"mandi","metric":{"type":"TOTAL","count":109661,"amount":2.0382748601186574E8}},{"entityName":"hamirpur","metric":{"type":"TOTAL","count":76300,"amount":1.4694880240681252E8}},{"entityName":"kullu","metric":{"type":"TOTAL","count":64285,"amount":1.5775201491735005E8}},{"entityName":"chamba","metric":{"type":"TOTAL","count":63298,"amount":1.6065091698309675E8}},{"entityName":"bilaspur","metric":{"type":"TOTAL","count":51395,"amount":9.295568623996082E7}}],"pincodes":[{"entityName":"173205","metric":{"type":"TOTAL","count":149125,"amount":2.1453704431729394E8}},{"entityName":"174101","metric":{"type":"TOTAL","count":67908,"amount":1.1557133677782552E8}},{"entityName":"173025","metric":{"type":"TOTAL","count":56005,"amount":9.770825758741698E7}},{"entityName":"174303","metric":{"type":"TOTAL","count":49540,"amount":1.1521769704853112E8}},{"entityName":"171001","metric":{"type":"TOTAL","count":28323,"amount":7.835828527627262E7}},{"entityName":"176001","metric":{"type":"TOTAL","count":27736,"amount":5.938791553495459E7}},{"entityName":"173212","metric":{"type":"TOTAL","count":26700,"amount":5.536427154620983E7}},{"entityName":"176323","metric":{"type":"TOTAL","count":23029,"amount":5.039095765871303E7}},{"entityName":"173030","metric":{"type":"TOTAL","count":21100,"amount":3.1877026642960742E7}},{"entityName":"173220","metric":{"type":"TOTAL","count":17616,"amount":2.4938842946540266E7}}]},"responseTimestamp":1630501489427}