{"success":true,"code":"SUCCESS","data":{"aggregated":{"registeredUsers":784184,"appOpens":0},"usersByDevice":[{"brand":"Xiaomi","count":202313,"percentage":0.2579917468349265},{"brand":"Samsung","count":163022,"percentage":0.2078874345816798},{"brand":"Apple","count":60282,"percentage":0.07687226467257685},{"brand":"Oppo","count":59417,"percentage":0.07576920722687533},{"brand":"Vivo","count":56537,"percentage":0.07209659977760322},{"brand":"Realme","count":36851,"percentage":0.04699279760872448},{"brand":"Huawei","count":36819,"percentage":0.046951990859288126},{"brand":"OnePlus","count":34552,"percentage":0.044061087703906224},{"brand":"Lenovo","count":25828,"percentage":0.03293614763881946},{"brand":"Motorola","count":24841,"percentage":0.03167751446089183},{"brand":"Others","count":83722,"percentage":0.10676320863470819}]},"responseTimestamp":1630501494710}