{"success":true,"code":"SUCCESS","data":{"aggregated":{"registeredUsers":1066587,"appOpens":0},"usersByDevice":[{"brand":"Xiaomi","count":275516,"percentage":0.2583155429421135},{"brand":"Samsung","count":221630,"percentage":0.20779364458783015},{"brand":"Oppo","count":85046,"percentage":0.07973658032584309},{"brand":"Vivo","count":82708,"percentage":0.07754454160795135},{"brand":"Apple","count":78756,"percentage":0.07383926487009498},{"brand":"Huawei","count":50881,"percentage":0.047704500429875854},{"brand":"Realme","count":49568,"percentage":0.04647347098736437},{"brand":"OnePlus","count":43088,"percentage":0.04039801722691164},{"brand":"Lenovo","count":34031,"percentage":0.03190644551264923},{"brand":"Motorola","count":33926,"percentage":0.031808000660049296},{"brand":"Others","count":111437,"percentage":0.10447999084931656}]},"responseTimestamp":1630501495032}