{"success":true,"code":"SUCCESS","data":{"aggregated":{"registeredUsers":1347598,"appOpens":0},"usersByDevice":[{"brand":"Xiaomi","count":347221,"percentage":0.2576591832282327},{"brand":"Samsung","count":278349,"percentage":0.20655195392097644},{"brand":"Vivo","count":114342,"percentage":0.0848487456941907},{"brand":"Oppo","count":113855,"percentage":0.08448736195809135},{"brand":"Apple","count":93612,"percentage":0.06946581992552675},{"brand":"Huawei","count":69424,"percentage":0.051516847012239554},{"brand":"Realme","count":63176,"percentage":0.04688044951090756},{"brand":"OnePlus","count":52471,"percentage":0.03893668586625982},{"brand":"Motorola","count":43126,"percentage":0.03200212526287513},{"brand":"Lenovo","count":40146,"percentage":0.029790783304813453},{"brand":"Others","count":131876,"percentage":0.09786004431588649}]},"responseTimestamp":1630501495503}