{"success":true,"code":"SUCCESS","data":{"aggregated":{"registeredUsers":1757326,"appOpens":0},"usersByDevice":[{"brand":"Xiaomi","count":453011,"percentage":0.25778426996470777},{"brand":"Samsung","count":360358,"percentage":0.20506041565423833},{"brand":"Vivo","count":159235,"percentage":0.09061210042985764},{"brand":"Oppo","count":155311,"percentage":0.08837916243201319},{"brand":"Apple","count":119247,"percentage":0.06785707375865377},{"brand":"Huawei","count":94927,"percentage":0.054017865780168275},{"brand":"Realme","count":82116,"percentage":0.04672781259709354},{"brand":"OnePlus","count":62694,"percentage":0.03567579379124875},{"brand":"Motorola","count":55176,"percentage":0.031397703101188966},{"brand":"Lenovo","count":51340,"percentage":0.029214841184845613},{"brand":"Others","count":163911,"percentage":0.09327296130598421}]},"responseTimestamp":1630501496222}