{"success":true,"code":"SUCCESS","data":{"hoverDataList":[{"name":"lower dibang valley district","metric":[{"type":"TOTAL","count":14400,"amount":2.95525109414332E7}]},{"name":"lower subansiri district","metric":[{"type":"TOTAL","count":15770,"amount":3.42732507179902E7}]},{"name":"longding district","metric":[{"type":"TOTAL","count":13240,"amount":3.5267439983279385E7}]},{"name":"west siang district","metric":[{"type":"TOTAL","count":19728,"amount":4.792944073153875E7}]},{"name":"kamle district","metric":[{"type":"TOTAL","count":1434,"amount":3418975.8263023924}]},{"name":"upper siang district","metric":[{"type":"TOTAL","count":7055,"amount":1.782067964619372E7}]},{"name":"tirap district","metric":[{"type":"TOTAL","count":18369,"amount":4.087785179372531E7}]},{"name":"papum pare district","metric":[{"type":"TOTAL","count":180373,"amount":4.574307541595316E8}]},{"name":"kurung kumey district","metric":[{"type":"TOTAL","count":2294,"amount":5942677.061635139}]},{"name":"anjaw district","metric":[{"type":"TOTAL","count":5025,"amount":1.2808735858744403E7}]},{"name":"siang district","metric":[{"type":"TOTAL","count":5136,"amount":1.196234413711079E7}]},{"name":"lower siang district","metric":[{"type":"TOTAL","count":8047,"amount":1.5520255403975137E7}]},{"name":"kra daadi district","metric":[{"type":"TOTAL","count":3407,"amount":1.0045462795181293E7}]},{"name":"changlang district","metric":[{"type":"TOTAL","count":43858,"amount":9.346136358699805E7}]},{"name":"pakke kessang district","metric":[{"type":"TOTAL","count":2044,"amount":3425821.315796173}]},{"name":"dibang valley district","metric":[{"type":"TOTAL","count":397,"amount":878784.5955219769}]},{"name":"west kameng district","metric":[{"type":"TOTAL","count":75363,"amount":1.987124222374845E8}]},{"name":"shi yomi district","metric":[{"type":"TOTAL","count":117,"amount":566189.9936512378}]},{"name":"east siang district","metric":[{"type":"TOTAL","count":33743,"amount":8.201153942531273E7}]},{"name":"upper subansiri district","metric":[{"type":"TOTAL","count":12313,"amount":3.368671181345673E7}]},{"name":"east kameng district","metric":[{"type":"TOTAL","count":7379,"amount":2.045607089377439E7}]},{"name":"lohit district","metric":[{"type":"TOTAL","count":36985,"amount":8.370126827182505E7}]},{"name":"lepa rada district","metric":[{"type":"TOTAL","count":5721,"amount":1.1137993767266009E7}]},{"name":"tawang district","metric":[{"type":"TOTAL","count":31865,"amount":8.442519341571434E7}]},{"name":"namsai district","metric":[{"type":"TOTAL","count":23112,"amount":4.64449429567038E7}]}]},"responseTimestamp":1630502911249}