{"success":true,"code":"SUCCESS","data":{"hoverDataList":[{"name":"lower dibang valley district","metric":[{"type":"TOTAL","count":26234,"amount":4.2360072526896134E7}]},{"name":"lower subansiri district","metric":[{"type":"TOTAL","count":25703,"amount":4.6133123517396785E7}]},{"name":"longding district","metric":[{"type":"TOTAL","count":20664,"amount":5.467802250234371E7}]},{"name":"west siang district","metric":[{"type":"TOTAL","count":32777,"amount":7.279023105472675E7}]},{"name":"kamle district","metric":[{"type":"TOTAL","count":2397,"amount":4126243.0778709752}]},{"name":"upper siang district","metric":[{"type":"TOTAL","count":10899,"amount":2.804849210512026E7}]},{"name":"tirap district","metric":[{"type":"TOTAL","count":28830,"amount":6.3497030840810165E7}]},{"name":"papum pare district","metric":[{"type":"TOTAL","count":221728,"amount":5.3508590734048563E8}]},{"name":"kurung kumey district","metric":[{"type":"TOTAL","count":3847,"amount":1.1359743457053192E7}]},{"name":"anjaw district","metric":[{"type":"TOTAL","count":7617,"amount":1.8795023531477228E7}]},{"name":"siang district","metric":[{"type":"TOTAL","count":9827,"amount":1.858567046796793E7}]},{"name":"lower siang district","metric":[{"type":"TOTAL","count":13321,"amount":2.357108532253689E7}]},{"name":"kra daadi district","metric":[{"type":"TOTAL","count":5264,"amount":1.5730996227462547E7}]},{"name":"changlang district","metric":[{"type":"TOTAL","count":69279,"amount":1.2857244799797386E8}]},{"name":"pakke kessang district","metric":[{"type":"TOTAL","count":3558,"amount":4635272.064395212}]},{"name":"dibang valley district","metric":[{"type":"TOTAL","count":966,"amount":2559724.8369189673}]},{"name":"west kameng district","metric":[{"type":"TOTAL","count":95421,"amount":2.5139597222505817E8}]},{"name":"shi yomi district","metric":[{"type":"TOTAL","count":302,"amount":1222863.4358782358}]},{"name":"east siang district","metric":[{"type":"TOTAL","count":55680,"amount":1.126938688099896E8}]},{"name":"upper subansiri district","metric":[{"type":"TOTAL","count":18056,"amount":4.3140688970285244E7}]},{"name":"east kameng district","metric":[{"type":"TOTAL","count":11791,"amount":4.0506284272980645E7}]},{"name":"lohit district","metric":[{"type":"TOTAL","count":56541,"amount":1.1473067547714493E8}]},{"name":"lepa rada district","metric":[{"type":"TOTAL","count":8601,"amount":1.6064862366431037E7}]},{"name":"tawang district","metric":[{"type":"TOTAL","count":44499,"amount":1.2156173224171817E8}]},{"name":"namsai district","metric":[{"type":"TOTAL","count":34972,"amount":5.487079831404532E7}]}]},"responseTimestamp":1630502911280}