{"success":true,"code":"SUCCESS","data":{"hoverDataList":[{"name":"lower dibang valley district","metric":[{"type":"TOTAL","count":27655,"amount":6.3469161328603886E7}]},{"name":"lower subansiri district","metric":[{"type":"TOTAL","count":26596,"amount":5.970723422223007E7}]},{"name":"longding district","metric":[{"type":"TOTAL","count":21445,"amount":6.3273209984560445E7}]},{"name":"west siang district","metric":[{"type":"TOTAL","count":34295,"amount":9.244973296070345E7}]},{"name":"kamle district","metric":[{"type":"TOTAL","count":2618,"amount":5300885.9328534985}]},{"name":"upper siang district","metric":[{"type":"TOTAL","count":12707,"amount":4.021085298915006E7}]},{"name":"tirap district","metric":[{"type":"TOTAL","count":30046,"amount":8.15398315295825E7}]},{"name":"papum pare district","metric":[{"type":"TOTAL","count":298350,"amount":8.593738637202578E8}]},{"name":"kurung kumey district","metric":[{"type":"TOTAL","count":4391,"amount":1.3864822733226534E7}]},{"name":"anjaw district","metric":[{"type":"TOTAL","count":9751,"amount":3.1524690460289024E7}]},{"name":"siang district","metric":[{"type":"TOTAL","count":10489,"amount":2.1236201531454768E7}]},{"name":"lower siang district","metric":[{"type":"TOTAL","count":12456,"amount":2.8754627349573277E7}]},{"name":"kra daadi district","metric":[{"type":"TOTAL","count":5676,"amount":1.6181045612635879E7}]},{"name":"changlang district","metric":[{"type":"TOTAL","count":73842,"amount":1.5915843892541084E8}]},{"name":"pakke kessang district","metric":[{"type":"TOTAL","count":3469,"amount":6301715.335375749}]},{"name":"dibang valley district","metric":[{"type":"TOTAL","count":899,"amount":3061207.2925078664}]},{"name":"west kameng district","metric":[{"type":"TOTAL","count":111029,"amount":3.328122378096209E8}]},{"name":"shi yomi district","metric":[{"type":"TOTAL","count":521,"amount":3410288.130911609}]},{"name":"east siang district","metric":[{"type":"TOTAL","count":69710,"amount":1.7632378994437826E8}]},{"name":"upper subansiri district","metric":[{"type":"TOTAL","count":24387,"amount":7.081119757521853E7}]},{"name":"east kameng district","metric":[{"type":"TOTAL","count":13421,"amount":4.388113437096395E7}]},{"name":"lohit district","metric":[{"type":"TOTAL","count":65889,"amount":1.565236531864311E8}]},{"name":"lepa rada district","metric":[{"type":"TOTAL","count":10150,"amount":2.2146313373236045E7}]},{"name":"tawang district","metric":[{"type":"TOTAL","count":56016,"amount":1.8213786272423625E8}]},{"name":"namsai district","metric":[{"type":"TOTAL","count":37019,"amount":7.648456653480485E7}]}]},"responseTimestamp":1630502911328}