{"success":true,"code":"SUCCESS","data":{"hoverDataList":[{"name":"lower dibang valley district","metric":[{"type":"TOTAL","count":33455,"amount":8.192929956817816E7}]},{"name":"lower subansiri district","metric":[{"type":"TOTAL","count":31411,"amount":9.768118689595497E7}]},{"name":"longding district","metric":[{"type":"TOTAL","count":26089,"amount":7.489054391561158E7}]},{"name":"west siang district","metric":[{"type":"TOTAL","count":45207,"amount":1.251181930493962E8}]},{"name":"kamle district","metric":[{"type":"TOTAL","count":3611,"amount":1.0000596409396999E7}]},{"name":"upper siang district","metric":[{"type":"TOTAL","count":19943,"amount":7.814675588828371E7}]},{"name":"tirap district","metric":[{"type":"TOTAL","count":36124,"amount":1.047095896601958E8}]},{"name":"papum pare district","metric":[{"type":"TOTAL","count":390528,"amount":1.2059177537046227E9}]},{"name":"kurung kumey district","metric":[{"type":"TOTAL","count":4581,"amount":1.71344704444281E7}]},{"name":"anjaw district","metric":[{"type":"TOTAL","count":17228,"amount":4.931888051759694E7}]},{"name":"siang district","metric":[{"type":"TOTAL","count":12962,"amount":3.2619173238261122E7}]},{"name":"lower siang district","metric":[{"type":"TOTAL","count":14782,"amount":3.389156864514145E7}]},{"name":"kra daadi district","metric":[{"type":"TOTAL","count":7619,"amount":3.0458774811469436E7}]},{"name":"changlang district","metric":[{"type":"TOTAL","count":84852,"amount":2.0436787507299304E8}]},{"name":"pakke kessang district","metric":[{"type":"TOTAL","count":3064,"amount":7503555.503947843}]},{"name":"dibang valley district","metric":[{"type":"TOTAL","count":1705,"amount":6749773.196253154}]},{"name":"west kameng district","metric":[{"type":"TOTAL","count":129575,"amount":3.904361137366377E8}]},{"name":"shi yomi district","metric":[{"type":"TOTAL","count":1103,"amount":6627025.636333689}]},{"name":"east siang district","metric":[{"type":"TOTAL","count":88632,"amount":2.5051509518896666E8}]},{"name":"upper subansiri district","metric":[{"type":"TOTAL","count":31426,"amount":1.094059007987589E8}]},{"name":"east kameng district","metric":[{"type":"TOTAL","count":16340,"amount":6.410458133887266E7}]},{"name":"lohit district","metric":[{"type":"TOTAL","count":80530,"amount":1.9699783679933694E8}]},{"name":"lepa rada district","metric":[{"type":"TOTAL","count":14338,"amount":3.9340491723573E7}]},{"name":"tawang district","metric":[{"type":"TOTAL","count":67262,"amount":2.4048225458453605E8}]},{"name":"namsai district","metric":[{"type":"TOTAL","count":46762,"amount":1.1191673151687588E8}]}]},"responseTimestamp":1630502911376}