{"success":true,"code":"SUCCESS","data":{"aggregated":{"registeredUsers":5745117,"appOpens":0},"usersByDevice":[{"brand":"Xiaomi","count":1691958,"percentage":0.2945036628496861},{"brand":"Samsung","count":1207394,"percentage":0.2101600367755783},{"brand":"Vivo","count":731163,"percentage":0.12726685983940797},{"brand":"Oppo","count":649669,"percentage":0.11308194419713298},{"brand":"Realme","count":416110,"percentage":0.07242846403302143},{"brand":"Motorola","count":126430,"percentage":0.022006514401708442},{"brand":"Lenovo","count":103683,"percentage":0.018047152042334386},{"brand":"Huawei","count":95145,"percentage":0.016561020428304592},{"brand":"Micromax","count":69377,"percentage":0.01207582021393124},{"brand":"Apple","count":59723,"percentage":0.010395436681272113},{"brand":"Others","count":594465,"percentage":0.10347308853762247}]},"responseTimestamp":1630501496434}