{"success":true,"code":"SUCCESS","data":{"aggregated":{"registeredUsers":6589759,"appOpens":39607022},"usersByDevice":[{"brand":"Xiaomi","count":1953040,"percentage":0.2963750267650152},{"brand":"Samsung","count":1380854,"percentage":0.20954544771667674},{"brand":"Vivo","count":852634,"percentage":0.12938773633451542},{"brand":"Oppo","count":757333,"percentage":0.11492575069892541},{"brand":"Realme","count":480989,"percentage":0.07299037794857141},{"brand":"Motorola","count":140153,"percentage":0.021268304349218232},{"brand":"Lenovo","count":115382,"percentage":0.017509289793450716},{"brand":"Huawei","count":110837,"percentage":0.016819583235138037},{"brand":"Micromax","count":72239,"percentage":0.010962312885797493},{"brand":"Apple","count":65593,"percentage":0.009953778279296709},{"brand":"Others","count":660705,"percentage":0.1002623919933946}]},"responseTimestamp":1630501496808}