{"success":true,"code":"SUCCESS","data":{"aggregated":{"registeredUsers":7380265,"appOpens":126521298},"usersByDevice":[{"brand":"Xiaomi","count":2197280,"percentage":0.29772372672254993},{"brand":"Samsung","count":1536292,"percentage":0.208162173038502},{"brand":"Vivo","count":975292,"percentage":0.13214864235904808},{"brand":"Oppo","count":853708,"percentage":0.11567443716451917},{"brand":"Realme","count":557826,"percentage":0.07558346482138514},{"brand":"Motorola","count":148040,"percentage":0.020058900324039855},{"brand":"Huawei","count":127268,"percentage":0.01724436724155569},{"brand":"Lenovo","count":114334,"percentage":0.015491855644749884},{"brand":"Micromax","count":76866,"percentage":0.010415073171491809},{"brand":"Apple","count":70777,"percentage":0.009590035046167041},{"brand":"Others","count":722582,"percentage":0.0979073244659914}]},"responseTimestamp":1630501497386}