{"success":true,"code":"SUCCESS","data":{"aggregated":{"registeredUsers":8342274,"appOpens":163998097},"usersByDevice":[{"brand":"Xiaomi","count":2484241,"percentage":0.29778942767883193},{"brand":"Samsung","count":1714305,"percentage":0.20549612731492636},{"brand":"Vivo","count":1129443,"percentage":0.13538790502445736},{"brand":"Oppo","count":977488,"percentage":0.11717284759527198},{"brand":"Realme","count":664779,"percentage":0.07968798435534484},{"brand":"Motorola","count":159553,"percentage":0.01912584026849274},{"brand":"Huawei","count":144428,"percentage":0.01731278545873703},{"brand":"Lenovo","count":121418,"percentage":0.014554544720060741},{"brand":"Micromax","count":81810,"percentage":0.009806678610652203},{"brand":"Infinix","count":79605,"percentage":0.009542362190453107},{"brand":"Others","count":785204,"percentage":0.0941234967827717}]},"responseTimestamp":1630501497907}