{"success":true,"code":"SUCCESS","data":{"aggregated":{"registeredUsers":385237,"appOpens":0},"usersByDevice":[{"brand":"Xiaomi","count":101793,"percentage":0.264234743807059},{"brand":"Samsung","count":61603,"percentage":0.15990935450125507},{"brand":"Vivo","count":50781,"percentage":0.13181755646524088},{"brand":"Oppo","count":40778,"percentage":0.10585172244618248},{"brand":"Realme","count":26387,"percentage":0.06849549757681635},{"brand":"Lenovo","count":9294,"percentage":0.02412540851475845},{"brand":"Gionee","count":9094,"percentage":0.02360624758265691},{"brand":"Motorola","count":8922,"percentage":0.02315976918104959},{"brand":"Apple","count":8319,"percentage":0.021594498970763452},{"brand":"Asus","count":7905,"percentage":0.02051983584131327},{"brand":"Others","count":60361,"percentage":0.1566853651129045}]},"responseTimestamp":1630501494617}