{"success":true,"code":"SUCCESS","data":{"aggregated":{"registeredUsers":571046,"appOpens":0},"usersByDevice":[{"brand":"Xiaomi","count":152839,"percentage":0.26764743996105395},{"brand":"Samsung","count":89734,"percentage":0.15713970503251928},{"brand":"Vivo","count":80455,"percentage":0.1408905762407932},{"brand":"Oppo","count":62688,"percentage":0.10977749603359449},{"brand":"Realme","count":38933,"percentage":0.06817839543574424},{"brand":"Lenovo","count":13092,"percentage":0.022926349190783228},{"brand":"Motorola","count":12862,"percentage":0.022523579536499687},{"brand":"Gionee","count":12545,"percentage":0.021968457882552368},{"brand":"Asus","count":11093,"percentage":0.019425755543336264},{"brand":"Apple","count":11044,"percentage":0.01933994809524977},{"brand":"Others","count":85761,"percentage":0.15018229704787356}]},"responseTimestamp":1630501494940}