{"success":true,"code":"SUCCESS","data":{"aggregated":{"registeredUsers":784802,"appOpens":0},"usersByDevice":[{"brand":"Xiaomi","count":210185,"percentage":0.26781914419178343},{"brand":"Samsung","count":125434,"percentage":0.159828848550335},{"brand":"Vivo","count":119540,"percentage":0.1523186740094954},{"brand":"Oppo","count":88721,"percentage":0.11304889640954024},{"brand":"Realme","count":53089,"percentage":0.06764636175748788},{"brand":"Motorola","count":17022,"percentage":0.021689547172407817},{"brand":"Gionee","count":17020,"percentage":0.021686998758922632},{"brand":"Lenovo","count":15831,"percentage":0.02017196694198027},{"brand":"Asus","count":14498,"percentage":0.018473449354104603},{"brand":"Apple","count":13471,"percentage":0.017164839029462208},{"brand":"Others","count":109991,"percentage":0.14015127382448056}]},"responseTimestamp":1630501495388}