{"success":true,"code":"SUCCESS","data":{"aggregated":{"registeredUsers":1039221,"appOpens":0},"usersByDevice":[{"brand":"Xiaomi","count":277115,"percentage":0.2666564667188211},{"brand":"Vivo","count":169404,"percentage":0.16301056271957554},{"brand":"Samsung","count":167786,"percentage":0.16145362728428314},{"brand":"Oppo","count":122447,"percentage":0.11782575602302109},{"brand":"Realme","count":70255,"percentage":0.0676035222536881},{"brand":"Motorola","count":21507,"percentage":0.020695309274928048},{"brand":"Lenovo","count":20275,"percentage":0.019509805902690573},{"brand":"Gionee","count":20028,"percentage":0.01927212787270465},{"brand":"Asus","count":19175,"percentage":0.018451320748907114},{"brand":"Huawei","count":17882,"percentage":0.017207119563596194},{"brand":"Others","count":133347,"percentage":0.12831438163778447}]},"responseTimestamp":1630501495872}