{"success":true,"code":"SUCCESS","data":{"aggregated":{"registeredUsers":3358448,"appOpens":56752364},"usersByDevice":[{"brand":"Xiaomi","count":852998,"percentage":0.2539857696173947},{"brand":"Vivo","count":692740,"percentage":0.20626789517062644},{"brand":"Samsung","count":495482,"percentage":0.14753302716016445},{"brand":"Oppo","count":467440,"percentage":0.13918333706521585},{"brand":"Realme","count":303919,"percentage":0.09049388288876291},{"brand":"Huawei","count":53218,"percentage":0.01584600982358518},{"brand":"Asus","count":46880,"percentage":0.013958828601782729},{"brand":"Motorola","count":43119,"percentage":0.012838966093862402},{"brand":"Gionee","count":41879,"percentage":0.012469747931187262},{"brand":"Apple","count":37442,"percentage":0.011148601973292425},{"brand":"Others","count":323331,"percentage":0.09627393367412566}]},"responseTimestamp":1630501499752}