{"success":true,"code":"SUCCESS","data":{"aggregated":{"registeredUsers":3617056,"appOpens":102003890},"usersByDevice":[{"brand":"Xiaomi","count":909274,"percentage":0.25138510435005706},{"brand":"Vivo","count":753920,"percentage":0.2084347049091858},{"brand":"Samsung","count":522765,"percentage":0.14452775959233144},{"brand":"Oppo","count":503448,"percentage":0.13918722850848866},{"brand":"Realme","count":358841,"percentage":0.0992080299558536},{"brand":"Huawei","count":51958,"percentage":0.014364720922208559},{"brand":"Asus","count":45364,"percentage":0.012541691364468784},{"brand":"Motorola","count":42821,"percentage":0.011838633407942813},{"brand":"Apple","count":41622,"percentage":0.011507148354905204},{"brand":"Gionee","count":41574,"percentage":0.011493877894066334},{"brand":"Others","count":345469,"percentage":0.09551110074049171}]},"responseTimestamp":1630501500251}