{"success":true,"code":"SUCCESS","data":{"aggregated":{"registeredUsers":3918480,"appOpens":135288631},"usersByDevice":[{"brand":"Xiaomi","count":977013,"percentage":0.24933469100263367},{"brand":"Vivo","count":827232,"percentage":0.21111043057512097},{"brand":"Oppo","count":549403,"percentage":0.14020819297278536},{"brand":"Samsung","count":540646,"percentage":0.1379733978481452},{"brand":"Realme","count":422801,"percentage":0.10789923643861905},{"brand":"Huawei","count":56098,"percentage":0.014316265490700475},{"brand":"Apple","count":45531,"percentage":0.011619556562748821},{"brand":"Gionee","count":44481,"percentage":0.011351595516628897},{"brand":"Asus","count":43763,"percentage":0.01116836120128213},{"brand":"Motorola","count":42384,"percentage":0.010816439027377963},{"brand":"Others","count":369128,"percentage":0.09420183336395745}]},"responseTimestamp":1634575144751}