{"success":true,"code":"SUCCESS","data":{"aggregated":{"registeredUsers":4209591,"appOpens":130600435},"usersByDevice":[{"brand":"Xiaomi","count":1040847,"percentage":0.2472560873491035},{"brand":"Vivo","count":889004,"percentage":0.21118536218839312},{"brand":"Oppo","count":590804,"percentage":0.14034712635978175},{"brand":"Samsung","count":559238,"percentage":0.13284853564158608},{"brand":"Realme","count":501363,"percentage":0.11910016911381652},{"brand":"Huawei","count":54361,"percentage":0.01291360609617419},{"brand":"Apple","count":53459,"percentage":0.012699333498194956},{"brand":"Tecno","count":46362,"percentage":0.011013421493917106},{"brand":"OnePlus","count":45171,"percentage":0.010730496145587541},{"brand":"Motorola","count":43263,"percentage":0.010277245461613729},{"brand":"Others","count":385719,"percentage":0.0916286166518315}]},"responseTimestamp":1643295759841}