{"success":true,"code":"SUCCESS","data":{"aggregated":{"registeredUsers":23398857,"appOpens":2570606469},"usersByDevice":[{"brand":"Vivo","count":6252325,"percentage":0.2672064280746705},{"brand":"Xiaomi","count":4620642,"percentage":0.1974729791288523},{"brand":"Samsung","count":3887688,"percentage":0.16614862854198392},{"brand":"Oppo","count":3333119,"percentage":0.14244794094002114},{"brand":"Realme","count":1857144,"percentage":0.07936900507576075},{"brand":"Tecno","count":613379,"percentage":0.026214058233699194},{"brand":"Apple","count":510886,"percentage":0.02183380153996411},{"brand":"OnePlus","count":385558,"percentage":0.016477642476297027},{"brand":"Huawei","count":284638,"percentage":0.01216461128849157},{"brand":"Motorola","count":189003,"percentage":0.008077445834213184},{"brand":"Others","count":1464475,"percentage":0.06258745886604632}]},"responseTimestamp":1651127653376}