{"success":true,"code":"SUCCESS","data":{"aggregated":{"registeredUsers":4577,"appOpens":47283},"usersByDevice":[{"brand":"Vivo","count":1032,"percentage":0.22547520209744373},{"brand":"Xiaomi","count":921,"percentage":0.20122350884859078},{"brand":"Oppo","count":720,"percentage":0.15730828053310028},{"brand":"Samsung","count":693,"percentage":0.15140922001310902},{"brand":"Huawei","count":371,"percentage":0.08105746121913918},{"brand":"Realme","count":302,"percentage":0.06598208433471707},{"brand":"Apple","count":106,"percentage":0.023159274634039766},{"brand":"OnePlus","count":103,"percentage":0.022503823465151847},{"brand":"Lenovo","count":54,"percentage":0.01179812103998252},{"brand":"Motorola","count":46,"percentage":0.010050251256281407},{"brand":"Others","count":229,"percentage":0.0500327725584444}]},"responseTimestamp":1630501499917}