{"success":true,"code":"SUCCESS","data":{"aggregated":{"registeredUsers":4896,"appOpens":40301},"usersByDevice":[{"brand":"Vivo","count":1118,"percentage":0.22834967320261437},{"brand":"Xiaomi","count":970,"percentage":0.19812091503267973},{"brand":"Oppo","count":771,"percentage":0.15747549019607843},{"brand":"Samsung","count":717,"percentage":0.14644607843137256},{"brand":"Huawei","count":379,"percentage":0.07741013071895425},{"brand":"Realme","count":350,"percentage":0.07148692810457516},{"brand":"Apple","count":121,"percentage":0.0247140522875817},{"brand":"OnePlus","count":118,"percentage":0.024101307189542485},{"brand":"Lenovo","count":60,"percentage":0.012254901960784314},{"brand":"Motorola","count":42,"percentage":0.00857843137254902},{"brand":"Others","count":250,"percentage":0.05106209150326797}]},"responseTimestamp":1630501500348}