{"success":true,"code":"SUCCESS","data":{"aggregated":{"registeredUsers":5287,"appOpens":49127},"usersByDevice":[{"brand":"Vivo","count":1234,"percentage":0.23340268583317572},{"brand":"Xiaomi","count":1046,"percentage":0.19784376773217324},{"brand":"Oppo","count":816,"percentage":0.15434083601286175},{"brand":"Samsung","count":774,"percentage":0.14639682239455268},{"brand":"Realme","count":413,"percentage":0.07811613391337242},{"brand":"Huawei","count":398,"percentage":0.07527898619254776},{"brand":"Apple","count":134,"percentage":0.025345186306033666},{"brand":"OnePlus","count":132,"percentage":0.024966899943257046},{"brand":"Lenovo","count":55,"percentage":0.010402874976357102},{"brand":"Motorola","count":46,"percentage":0.008700586343862303},{"brand":"Others","count":239,"percentage":0.04520522035180632}]},"responseTimestamp":1634575129130}