{"success":true,"code":"SUCCESS","data":{"aggregated":{"registeredUsers":5638,"appOpens":67320},"usersByDevice":[{"brand":"Vivo","count":1354,"percentage":0.24015608371763036},{"brand":"Xiaomi","count":1146,"percentage":0.2032635686413622},{"brand":"Oppo","count":899,"percentage":0.15945370698829373},{"brand":"Samsung","count":776,"percentage":0.1376374600922313},{"brand":"Realme","count":448,"percentage":0.07946080170273147},{"brand":"Huawei","count":396,"percentage":0.07023767293366442},{"brand":"Apple","count":151,"percentage":0.02678254700248315},{"brand":"OnePlus","count":143,"percentage":0.025363604114934372},{"brand":"Motorola","count":46,"percentage":0.008158921603405462},{"brand":"Lenovo","count":45,"percentage":0.007981553742461865},{"brand":"Others","count":234,"percentage":0.0415040794608017}]},"responseTimestamp":1643295743913}