{"success":true,"code":"SUCCESS","data":{"aggregated":{"registeredUsers":4514551,"appOpens":124648704},"usersByDevice":[{"brand":"Vivo","count":1059097,"percentage":0.23459630869160633},{"brand":"Xiaomi","count":1035868,"percentage":0.22945094650608666},{"brand":"Samsung","count":741544,"percentage":0.16425642328550502},{"brand":"Oppo","count":511992,"percentage":0.11340928477715724},{"brand":"Realme","count":338436,"percentage":0.07496559458515364},{"brand":"Micromax","count":315253,"percentage":0.0698304216742706},{"brand":"Apple","count":63748,"percentage":0.014120562598584002},{"brand":"OnePlus","count":54838,"percentage":0.012146944402665958},{"brand":"Motorola","count":42166,"percentage":0.009340020746249183},{"brand":"Huawei","count":35061,"percentage":0.007766220826833056},{"brand":"Others","count":316548,"percentage":0.07011727190588832}]},"responseTimestamp":1630501499818}