{"success":true,"code":"SUCCESS","data":{"aggregated":{"registeredUsers":4837055,"appOpens":205784717},"usersByDevice":[{"brand":"Vivo","count":1169224,"percentage":0.2417222876316271},{"brand":"Xiaomi","count":1101581,"percentage":0.22773795212169387},{"brand":"Samsung","count":778803,"percentage":0.16100767925938406},{"brand":"Oppo","count":550796,"percentage":0.11387011311634869},{"brand":"Realme","count":397105,"percentage":0.08209644091291085},{"brand":"Micromax","count":302906,"percentage":0.06262198796581804},{"brand":"Apple","count":69177,"percentage":0.014301470626238487},{"brand":"OnePlus","count":61100,"percentage":0.012631652937582888},{"brand":"Motorola","count":41735,"percentage":0.008628183884615743},{"brand":"Huawei","count":34225,"percentage":0.007075586281322003},{"brand":"Others","count":330403,"percentage":0.06830664526245825}]},"responseTimestamp":1630501500254}