{"success":true,"code":"SUCCESS","data":{"aggregated":{"registeredUsers":5206084,"appOpens":276486076},"usersByDevice":[{"brand":"Vivo","count":1306833,"percentage":0.25102034465828826},{"brand":"Xiaomi","count":1175329,"percentage":0.22576066771108572},{"brand":"Samsung","count":796963,"percentage":0.1530830082649454},{"brand":"Oppo","count":605302,"percentage":0.11626819697876561},{"brand":"Realme","count":464310,"percentage":0.0891860369521506},{"brand":"Micromax","count":283826,"percentage":0.05451813685680062},{"brand":"Apple","count":75098,"percentage":0.014425045773368237},{"brand":"OnePlus","count":74197,"percentage":0.014251979030687941},{"brand":"Motorola","count":41449,"percentage":0.007961646412159313},{"brand":"Infinix","count":38832,"percentage":0.007458965318269932},{"brand":"Others","count":343945,"percentage":0.06606597204347836}]},"responseTimestamp":1634575168312}