{"success":true,"code":"SUCCESS","data":{"aggregated":{"registeredUsers":5565481,"appOpens":251752583},"usersByDevice":[{"brand":"Vivo","count":1423389,"percentage":0.2557530966326181},{"brand":"Xiaomi","count":1243356,"percentage":0.2234049491858835},{"brand":"Samsung","count":821562,"percentage":0.14761742965253138},{"brand":"Oppo","count":651316,"percentage":0.11702780047223232},{"brand":"Realme","count":551719,"percentage":0.09913231219368102},{"brand":"Micromax","count":262792,"percentage":0.04721820090662424},{"brand":"OnePlus","count":87470,"percentage":0.015716521177594533},{"brand":"Apple","count":87360,"percentage":0.015696756488792252},{"brand":"Infinix","count":47609,"percentage":0.008554336992615732},{"brand":"Tecno","count":44668,"percentage":0.00802590108563842},{"brand":"Others","count":344240,"percentage":0.06185269521178852}]},"responseTimestamp":1643295782949}