{"success":true,"code":"SUCCESS","data":{"states":[{"name":"maharashtra","registeredUsers":48227630},{"name":"uttar pradesh","registeredUsers":38999692},{"name":"karnataka","registeredUsers":31200349},{"name":"andhra pradesh","registeredUsers":23857951},{"name":"rajasthan","registeredUsers":23398857},{"name":"telangana","registeredUsers":22150612},{"name":"west bengal","registeredUsers":21919787},{"name":"tamil nadu","registeredUsers":21667020},{"name":"madhya pradesh","registeredUsers":19656147},{"name":"gujarat","registeredUsers":19265314}],"districts":[{"name":"bengaluru urban","registeredUsers":12707664},{"name":"pune","registeredUsers":8331582},{"name":"thane","registeredUsers":5196050},{"name":"jaipur","registeredUsers":5133527},{"name":"mumbai suburban","registeredUsers":5017556},{"name":"hyderabad","registeredUsers":4306136},{"name":"ahmadabad","registeredUsers":3897869},{"name":"rangareddy","registeredUsers":3722676},{"name":"north twenty four parganas","registeredUsers":3224459},{"name":"surat","registeredUsers":3210535}],"pincodes":[{"name":"201301","registeredUsers":698600},{"name":"110059","registeredUsers":588266},{"name":"560068","registeredUsers":545827},{"name":"421302","registeredUsers":518716},{"name":"500072","registeredUsers":476073},{"name":"122001","registeredUsers":465984},{"name":"110092","registeredUsers":460951},{"name":"110086","registeredUsers":406863},{"name":"121004","registeredUsers":400283},{"name":"560078","registeredUsers":388154}]},"responseTimestamp":1651127634141}