{"success":true,"code":"SUCCESS","data":{"states":null,"districts":[{"name":"khordha","registeredUsers":745457},{"name":"cuttack","registeredUsers":372513},{"name":"ganjam","registeredUsers":332190},{"name":"baleshwar","registeredUsers":271095},{"name":"jajapur","registeredUsers":236643},{"name":"sundargarh","registeredUsers":198716},{"name":"puri","registeredUsers":195690},{"name":"kendujhar","registeredUsers":167750},{"name":"bhadrak","registeredUsers":166600},{"name":"anugul","registeredUsers":150627}],"pincodes":[{"name":"751024","registeredUsers":48946},{"name":"751002","registeredUsers":46998},{"name":"751006","registeredUsers":42410},{"name":"751012","registeredUsers":42254},{"name":"756001","registeredUsers":40355},{"name":"760001","registeredUsers":40210},{"name":"751003","registeredUsers":37236},{"name":"753001","registeredUsers":36288},{"name":"751019","registeredUsers":34425},{"name":"751007","registeredUsers":33240}]},"responseTimestamp":1630501496663}