{"success":true,"code":"SUCCESS","data":{"states":null,"districts":[{"name":"khordha","registeredUsers":826007},{"name":"cuttack","registeredUsers":417809},{"name":"ganjam","registeredUsers":373530},{"name":"baleshwar","registeredUsers":299757},{"name":"jajapur","registeredUsers":260311},{"name":"sundargarh","registeredUsers":226776},{"name":"puri","registeredUsers":217206},{"name":"kendujhar","registeredUsers":188657},{"name":"bhadrak","registeredUsers":187084},{"name":"anugul","registeredUsers":169261}],"pincodes":[{"name":"751024","registeredUsers":53902},{"name":"751002","registeredUsers":52563},{"name":"751006","registeredUsers":48544},{"name":"751012","registeredUsers":45757},{"name":"760001","registeredUsers":44521},{"name":"756001","registeredUsers":43951},{"name":"753001","registeredUsers":41108},{"name":"751003","registeredUsers":40810},{"name":"751019","registeredUsers":38191},{"name":"751007","registeredUsers":36395}]},"responseTimestamp":1630501497226}