{"success":true,"code":"SUCCESS","data":{"states":null,"districts":[{"name":"khordha","registeredUsers":916565},{"name":"cuttack","registeredUsers":472851},{"name":"ganjam","registeredUsers":414068},{"name":"baleshwar","registeredUsers":329289},{"name":"jajapur","registeredUsers":290776},{"name":"sundargarh","registeredUsers":253356},{"name":"puri","registeredUsers":247141},{"name":"bhadrak","registeredUsers":208757},{"name":"kendujhar","registeredUsers":208218},{"name":"anugul","registeredUsers":187022}],"pincodes":[{"name":"751024","registeredUsers":59402},{"name":"751002","registeredUsers":58757},{"name":"751006","registeredUsers":54910},{"name":"751012","registeredUsers":49576},{"name":"760001","registeredUsers":49413},{"name":"756001","registeredUsers":47705},{"name":"753001","registeredUsers":46630},{"name":"751003","registeredUsers":44895},{"name":"751019","registeredUsers":42361},{"name":"751007","registeredUsers":39900}]},"responseTimestamp":1630501497684}