{"success":true,"code":"SUCCESS","data":{"states":null,"districts":[{"name":"khordha","registeredUsers":1014134},{"name":"cuttack","registeredUsers":534970},{"name":"ganjam","registeredUsers":469522},{"name":"baleshwar","registeredUsers":377976},{"name":"jajapur","registeredUsers":332074},{"name":"puri","registeredUsers":285955},{"name":"sundargarh","registeredUsers":284913},{"name":"bhadrak","registeredUsers":243586},{"name":"kendujhar","registeredUsers":234041},{"name":"anugul","registeredUsers":211167}],"pincodes":[{"name":"751002","registeredUsers":65273},{"name":"751024","registeredUsers":64962},{"name":"751006","registeredUsers":60335},{"name":"760001","registeredUsers":54397},{"name":"751012","registeredUsers":53435},{"name":"756001","registeredUsers":52618},{"name":"753001","registeredUsers":52023},{"name":"751003","registeredUsers":48967},{"name":"751019","registeredUsers":46593},{"name":"752001","registeredUsers":44147}]},"responseTimestamp":1630501498083}