{"success":true,"code":"SUCCESS","data":{"states":null,"districts":[{"entityName":"jammu","metric":{"type":"TOTAL","count":5510056,"amount":1.1881749307528316E10}},{"entityName":"srinagar","metric":{"type":"TOTAL","count":2743701,"amount":5.949336258494824E9}},{"entityName":"baramulla","metric":{"type":"TOTAL","count":877608,"amount":1.6071948983390286E9}},{"entityName":"udhampur","metric":{"type":"TOTAL","count":729905,"amount":1.5680378298497903E9}},{"entityName":"anantnag","metric":{"type":"TOTAL","count":728868,"amount":1.0325270255719062E9}},{"entityName":"budgam","metric":{"type":"TOTAL","count":718312,"amount":1.3197121354938064E9}},{"entityName":"kupwara","metric":{"type":"TOTAL","count":654488,"amount":1.3007832548105648E9}},{"entityName":"kathua","metric":{"type":"TOTAL","count":608852,"amount":1.1773539855858088E9}},{"entityName":"samba","metric":{"type":"TOTAL","count":588078,"amount":1.2295397855198188E9}},{"entityName":"pulwama","metric":{"type":"TOTAL","count":508605,"amount":1.0046777705886712E9}}],"pincodes":[{"entityName":"180005","metric":{"type":"TOTAL","count":2352472,"amount":5.393223219276758E9}},{"entityName":"190001","metric":{"type":"TOTAL","count":1857847,"amount":4.2007736865083694E9}},{"entityName":"182101","metric":{"type":"TOTAL","count":387778,"amount":8.526952248372008E8}},{"entityName":"180001","metric":{"type":"TOTAL","count":233477,"amount":4.181716339779327E8}},{"entityName":"181133","metric":{"type":"TOTAL","count":212552,"amount":4.055928530700375E8}},{"entityName":"180012","metric":{"type":"TOTAL","count":209985,"amount":4.335283091435197E8}},{"entityName":"193222","metric":{"type":"TOTAL","count":197421,"amount":4.453189206227842E8}},{"entityName":"181221","metric":{"type":"TOTAL","count":186886,"amount":3.4930593431106365E8}},{"entityName":"193201","metric":{"type":"TOTAL","count":185417,"amount":2.3746493868293735E8}},{"entityName":"192101","metric":{"type":"TOTAL","count":183302,"amount":3.0798423457010174E8}}]},"responseTimestamp":1651127622352}