{"success":true,"code":"SUCCESS","data":{"states":[{"entityName":"karnataka","metric":{"type":"TOTAL","count":523797492,"amount":7.549953574123948E11}},{"entityName":"maharashtra","metric":{"type":"TOTAL","count":517860240,"amount":7.698873521532483E11}},{"entityName":"telangana","metric":{"type":"TOTAL","count":412572110,"amount":7.993592640465657E11}},{"entityName":"andhra pradesh","metric":{"type":"TOTAL","count":289747970,"amount":6.724446701765881E11}},{"entityName":"rajasthan","metric":{"type":"TOTAL","count":252730919,"amount":4.9149258165763354E11}},{"entityName":"uttar pradesh","metric":{"type":"TOTAL","count":204499547,"amount":3.9628758757755756E11}},{"entityName":"madhya pradesh","metric":{"type":"TOTAL","count":201998498,"amount":3.435339543823015E11}},{"entityName":"delhi","metric":{"type":"TOTAL","count":157359004,"amount":2.6692834504349225E11}},{"entityName":"tamil nadu","metric":{"type":"TOTAL","count":136556674,"amount":2.4866814387365317E11}},{"entityName":"west bengal","metric":{"type":"TOTAL","count":118254052,"amount":2.4293720747551984E11}}],"districts":[{"entityName":"bengaluru urban","metric":{"type":"TOTAL","count":348712787,"amount":4.324013412317671E11}},{"entityName":"pune","metric":{"type":"TOTAL","count":208930588,"amount":2.5362362923765796E11}},{"entityName":"hyderabad","metric":{"type":"TOTAL","count":169703372,"amount":3.165723881337874E11}},{"entityName":"jaipur","metric":{"type":"TOTAL","count":125917532,"amount":2.2377120571325284E11}},{"entityName":"bhopal","metric":{"type":"TOTAL","count":67309234,"amount":1.0172572074541443E11}},{"entityName":"rangareddy","metric":{"type":"TOTAL","count":60675056,"amount":9.888314896130931E10}},{"entityName":"medchal malkajgiri","metric":{"type":"TOTAL","count":54854446,"amount":8.751673864629623E10}},{"entityName":"central delhi","metric":{"type":"TOTAL","count":54173342,"amount":9.071172115977658E10}},{"entityName":"mumbai suburban","metric":{"type":"TOTAL","count":49079788,"amount":7.591150679824135E10}},{"entityName":"visakhapatnam","metric":{"type":"TOTAL","count":48248923,"amount":9.53083860378472E10}}],"pincodes":[{"entityName":"560001","metric":{"type":"TOTAL","count":111898471,"amount":1.5427512629157785E11}},{"entityName":"500001","metric":{"type":"TOTAL","count":107274281,"amount":2.1827012652936053E11}},{"entityName":"411004","metric":{"type":"TOTAL","count":99287169,"amount":1.4269209931318896E11}},{"entityName":"302016","metric":{"type":"TOTAL","count":65639307,"amount":1.2413863628123145E11}},{"entityName":"110006","metric":{"type":"TOTAL","count":46104924,"amount":7.668390435611441E10}},{"entityName":"462008","metric":{"type":"TOTAL","count":45920869,"amount":7.609761750803972E10}},{"entityName":"800001","metric":{"type":"TOTAL","count":30937663,"amount":6.807123495367711E10}},{"entityName":"600003","metric":{"type":"TOTAL","count":25512152,"amount":4.493986877304714E10}},{"entityName":"400070","metric":{"type":"TOTAL","count":25090098,"amount":3.941618945146673E10}},{"entityName":"751001","metric":{"type":"TOTAL","count":24151383,"amount":4.4482729136236565E10}}]},"responseTimestamp":1630501482413}