{"success":true,"code":"SUCCESS","data":{"states":[{"entityName":"maharashtra","metric":{"type":"TOTAL","count":792874060,"amount":1.1592573051674514E12}},{"entityName":"karnataka","metric":{"type":"TOTAL","count":753296539,"amount":1.1332347391575984E12}},{"entityName":"telangana","metric":{"type":"TOTAL","count":622886768,"amount":1.1782891262922617E12}},{"entityName":"andhra pradesh","metric":{"type":"TOTAL","count":432032550,"amount":9.842180355641218E11}},{"entityName":"rajasthan","metric":{"type":"TOTAL","count":400284753,"amount":7.105113285424897E11}},{"entityName":"madhya pradesh","metric":{"type":"TOTAL","count":311443334,"amount":5.0441260385149896E11}},{"entityName":"uttar pradesh","metric":{"type":"TOTAL","count":306543384,"amount":5.570808412798989E11}},{"entityName":"delhi","metric":{"type":"TOTAL","count":238760608,"amount":3.83858316548281E11}},{"entityName":"tamil nadu","metric":{"type":"TOTAL","count":204357404,"amount":3.6520732305392737E11}},{"entityName":"bihar","metric":{"type":"TOTAL","count":187671113,"amount":3.970627609563983E11}}],"districts":[{"entityName":"bengaluru urban","metric":{"type":"TOTAL","count":476485560,"amount":6.261231988138513E11}},{"entityName":"pune","metric":{"type":"TOTAL","count":303322956,"amount":3.722436562474718E11}},{"entityName":"hyderabad","metric":{"type":"TOTAL","count":262028284,"amount":4.793433213653726E11}},{"entityName":"jaipur","metric":{"type":"TOTAL","count":193839196,"amount":3.1366443568929987E11}},{"entityName":"bhopal","metric":{"type":"TOTAL","count":103403998,"amount":1.467351241862163E11}},{"entityName":"central delhi","metric":{"type":"TOTAL","count":88849847,"amount":1.3731139495358371E11}},{"entityName":"rangareddy","metric":{"type":"TOTAL","count":87884143,"amount":1.4777204791914047E11}},{"entityName":"medchal malkajgiri","metric":{"type":"TOTAL","count":79514766,"amount":1.308382550956952E11}},{"entityName":"khordha","metric":{"type":"TOTAL","count":71647985,"amount":1.0845220280623244E11}},{"entityName":"visakhapatnam","metric":{"type":"TOTAL","count":69220981,"amount":1.3694565215926515E11}}],"pincodes":[{"entityName":"500001","metric":{"type":"TOTAL","count":173430239,"amount":3.352902018776652E11}},{"entityName":"560001","metric":{"type":"TOTAL","count":171396431,"amount":2.4130634092400638E11}},{"entityName":"411004","metric":{"type":"TOTAL","count":155523883,"amount":2.174006909720777E11}},{"entityName":"302016","metric":{"type":"TOTAL","count":108659324,"amount":1.7993612430200922E11}},{"entityName":"110006","metric":{"type":"TOTAL","count":77515502,"amount":1.1751178978664261E11}},{"entityName":"462008","metric":{"type":"TOTAL","count":74987334,"amount":1.1125917857996481E11}},{"entityName":"800001","metric":{"type":"TOTAL","count":49086869,"amount":9.064479909027641E10}},{"entityName":"444510","metric":{"type":"TOTAL","count":45378525,"amount":8.495091943204364E10}},{"entityName":"600003","metric":{"type":"TOTAL","count":42982007,"amount":7.127409829590457E10}},{"entityName":"751001","metric":{"type":"TOTAL","count":41875475,"amount":6.5849220632325775E10}}]},"responseTimestamp":1634575059607}