{"success":true,"code":"SUCCESS","data":{"states":[{"entityName":"maharashtra","metric":{"type":"TOTAL","count":1010731502,"amount":1.47535847312829E12}},{"entityName":"karnataka","metric":{"type":"TOTAL","count":931725438,"amount":1.3754713243498774E12}},{"entityName":"telangana","metric":{"type":"TOTAL","count":775989773,"amount":1.4637581895009146E12}},{"entityName":"andhra pradesh","metric":{"type":"TOTAL","count":522254003,"amount":1.1562644470839229E12}},{"entityName":"rajasthan","metric":{"type":"TOTAL","count":487621597,"amount":9.039344185442667E11}},{"entityName":"uttar pradesh","metric":{"type":"TOTAL","count":406157932,"amount":7.738909700721895E11}},{"entityName":"madhya pradesh","metric":{"type":"TOTAL","count":404308084,"amount":6.568874924044789E11}},{"entityName":"delhi","metric":{"type":"TOTAL","count":292683359,"amount":4.886953140623906E11}},{"entityName":"tamil nadu","metric":{"type":"TOTAL","count":259155976,"amount":4.4372395259479407E11}},{"entityName":"bihar","metric":{"type":"TOTAL","count":245126945,"amount":5.193716140687477E11}}],"districts":[{"entityName":"bengaluru urban","metric":{"type":"TOTAL","count":584958847,"amount":7.559260422108081E11}},{"entityName":"pune","metric":{"type":"TOTAL","count":371337618,"amount":4.5458474376505554E11}},{"entityName":"hyderabad","metric":{"type":"TOTAL","count":325636475,"amount":5.820791705340186E11}},{"entityName":"jaipur","metric":{"type":"TOTAL","count":231804892,"amount":3.944357783640141E11}},{"entityName":"bhopal","metric":{"type":"TOTAL","count":134176541,"amount":1.9019622322917587E11}},{"entityName":"rangareddy","metric":{"type":"TOTAL","count":111354739,"amount":1.8883896604613513E11}},{"entityName":"central delhi","metric":{"type":"TOTAL","count":111134916,"amount":1.7762551123004297E11}},{"entityName":"medchal malkajgiri","metric":{"type":"TOTAL","count":98780634,"amount":1.6456826233006238E11}},{"entityName":"khordha","metric":{"type":"TOTAL","count":94505879,"amount":1.3512212825868542E11}},{"entityName":"mumbai suburban","metric":{"type":"TOTAL","count":92733033,"amount":1.346161036226073E11}}],"pincodes":[{"entityName":"500001","metric":{"type":"TOTAL","count":213053128,"amount":3.987981380805086E11}},{"entityName":"560001","metric":{"type":"TOTAL","count":206723470,"amount":2.8386405127369073E11}},{"entityName":"411004","metric":{"type":"TOTAL","count":185423020,"amount":2.5940617539485846E11}},{"entityName":"302016","metric":{"type":"TOTAL","count":130544931,"amount":2.2554621367803116E11}},{"entityName":"462008","metric":{"type":"TOTAL","count":97987017,"amount":1.4563925818299155E11}},{"entityName":"110006","metric":{"type":"TOTAL","count":96850347,"amount":1.5202111618099402E11}},{"entityName":"800001","metric":{"type":"TOTAL","count":61784983,"amount":1.1348517557040105E11}},{"entityName":"444510","metric":{"type":"TOTAL","count":55162139,"amount":1.0321269700696257E11}},{"entityName":"600003","metric":{"type":"TOTAL","count":54054310,"amount":8.308409073855415E10}},{"entityName":"751001","metric":{"type":"TOTAL","count":52532360,"amount":7.909327494053792E10}}]},"responseTimestamp":1643295673966}