{"success":true,"code":"SUCCESS","data":{"hoverDataList":[{"name":"tinsukia district","metric":[{"type":"TOTAL","count":480161,"amount":1.1604304117091098E9}]},{"name":"lakhimpur district","metric":[{"type":"TOTAL","count":278213,"amount":6.69614741670135E8}]},{"name":"kamrup district","metric":[{"type":"TOTAL","count":557802,"amount":1.4506629716951797E9}]},{"name":"kokrajhar district","metric":[{"type":"TOTAL","count":228889,"amount":6.279903827904459E8}]},{"name":"karbi anglong district","metric":[{"type":"TOTAL","count":217934,"amount":6.085287651323997E8}]},{"name":"sivasagar district","metric":[{"type":"TOTAL","count":242611,"amount":6.023509189850893E8}]},{"name":"dibrugarh district","metric":[{"type":"TOTAL","count":680608,"amount":1.7105711099822497E9}]},{"name":"south salmara mancachar district","metric":[{"type":"TOTAL","count":134708,"amount":4.7735222840615606E8}]},{"name":"nagaon district","metric":[{"type":"TOTAL","count":675634,"amount":2.0199262093789358E9}]},{"name":"dhubri district","metric":[{"type":"TOTAL","count":362613,"amount":1.0358611314318309E9}]},{"name":"golaghat district","metric":[{"type":"TOTAL","count":311238,"amount":7.490871848333428E8}]},{"name":"udalguri district","metric":[{"type":"TOTAL","count":173233,"amount":4.5130500843282115E8}]},{"name":"majuli district","metric":[{"type":"TOTAL","count":34915,"amount":7.435760461004795E7}]},{"name":"sonitpur district","metric":[{"type":"TOTAL","count":669242,"amount":1.689369790428941E9}]},{"name":"hojai district","metric":[{"type":"TOTAL","count":220269,"amount":5.914187088113766E8}]},{"name":"marigaon district","metric":[{"type":"TOTAL","count":298011,"amount":9.187601149692955E8}]},{"name":"chirang district","metric":[{"type":"TOTAL","count":127192,"amount":3.2131919707738817E8}]},{"name":"cachar district","metric":[{"type":"TOTAL","count":614703,"amount":1.5775819126812966E9}]},{"name":"nalbari district","metric":[{"type":"TOTAL","count":197323,"amount":5.063784357122495E8}]},{"name":"west karbi anglong district","metric":[{"type":"TOTAL","count":41137,"amount":8.488726851304872E7}]},{"name":"dhemaji district","metric":[{"type":"TOTAL","count":231336,"amount":6.152097928336076E8}]},{"name":"karimganj district","metric":[{"type":"TOTAL","count":304173,"amount":9.161859343111196E8}]},{"name":"bongaigaon district","metric":[{"type":"TOTAL","count":321020,"amount":8.749966491810182E8}]},{"name":"dima hasao district","metric":[{"type":"TOTAL","count":104846,"amount":2.8382193322303617E8}]},{"name":"baksa district","metric":[{"type":"TOTAL","count":260583,"amount":7.649213838988845E8}]},{"name":"charaideo district","metric":[{"type":"TOTAL","count":138143,"amount":3.808690594350337E8}]},{"name":"darrang district","metric":[{"type":"TOTAL","count":259665,"amount":7.578256434042199E8}]},{"name":"kamrup metropolitan district","metric":[{"type":"TOTAL","count":9400818,"amount":2.4003716533697937E10}]},{"name":"hailakandi district","metric":[{"type":"TOTAL","count":189886,"amount":5.159054219034898E8}]},{"name":"barpeta district","metric":[{"type":"TOTAL","count":768249,"amount":2.3789515233799787E9}]},{"name":"goalpara district","metric":[{"type":"TOTAL","count":400249,"amount":1.2036007453463283E9}]},{"name":"biswanath district","metric":[{"type":"TOTAL","count":197774,"amount":4.463010428269607E8}]},{"name":"jorhat district","metric":[{"type":"TOTAL","count":388882,"amount":8.564047854295708E8}]}]},"responseTimestamp":1630502911429}