{"success":true,"code":"SUCCESS","data":{"hoverDataList":[{"name":"tinsukia district","metric":[{"type":"TOTAL","count":606143,"amount":1.3185342925264628E9}]},{"name":"lakhimpur district","metric":[{"type":"TOTAL","count":361975,"amount":7.510216666941358E8}]},{"name":"kamrup district","metric":[{"type":"TOTAL","count":737877,"amount":1.6869266410395198E9}]},{"name":"kokrajhar district","metric":[{"type":"TOTAL","count":291109,"amount":7.604672024006457E8}]},{"name":"karbi anglong district","metric":[{"type":"TOTAL","count":275847,"amount":6.641324216116567E8}]},{"name":"sivasagar district","metric":[{"type":"TOTAL","count":303100,"amount":6.358979614545786E8}]},{"name":"dibrugarh district","metric":[{"type":"TOTAL","count":870918,"amount":1.9761539777728927E9}]},{"name":"south salmara mancachar district","metric":[{"type":"TOTAL","count":213176,"amount":7.024849514538276E8}]},{"name":"nagaon district","metric":[{"type":"TOTAL","count":928187,"amount":2.4469534293994994E9}]},{"name":"dhubri district","metric":[{"type":"TOTAL","count":528440,"amount":1.3167085767981756E9}]},{"name":"golaghat district","metric":[{"type":"TOTAL","count":382567,"amount":8.28266419210104E8}]},{"name":"udalguri district","metric":[{"type":"TOTAL","count":229956,"amount":5.3571213036414516E8}]},{"name":"majuli district","metric":[{"type":"TOTAL","count":44407,"amount":8.536599951292944E7}]},{"name":"sonitpur district","metric":[{"type":"TOTAL","count":848080,"amount":1.9290137705926275E9}]},{"name":"hojai district","metric":[{"type":"TOTAL","count":285880,"amount":7.175526828425927E8}]},{"name":"marigaon district","metric":[{"type":"TOTAL","count":452067,"amount":1.2130043038796182E9}]},{"name":"chirang district","metric":[{"type":"TOTAL","count":173228,"amount":4.1670518785423946E8}]},{"name":"cachar district","metric":[{"type":"TOTAL","count":743120,"amount":1.680050955980187E9}]},{"name":"nalbari district","metric":[{"type":"TOTAL","count":265787,"amount":6.149269604062058E8}]},{"name":"west karbi anglong district","metric":[{"type":"TOTAL","count":51169,"amount":9.332215633253612E7}]},{"name":"dhemaji district","metric":[{"type":"TOTAL","count":299375,"amount":7.074395908525485E8}]},{"name":"karimganj district","metric":[{"type":"TOTAL","count":376322,"amount":1.0086363245592346E9}]},{"name":"bongaigaon district","metric":[{"type":"TOTAL","count":445957,"amount":1.1070758595018854E9}]},{"name":"dima hasao district","metric":[{"type":"TOTAL","count":127333,"amount":2.9144530600893736E8}]},{"name":"baksa district","metric":[{"type":"TOTAL","count":333425,"amount":8.747336827849679E8}]},{"name":"charaideo district","metric":[{"type":"TOTAL","count":169721,"amount":4.06368639266593E8}]},{"name":"darrang district","metric":[{"type":"TOTAL","count":373027,"amount":9.917193310625447E8}]},{"name":"kamrup metropolitan district","metric":[{"type":"TOTAL","count":12113618,"amount":2.6948905679328754E10}]},{"name":"hailakandi district","metric":[{"type":"TOTAL","count":258553,"amount":6.221027153474636E8}]},{"name":"barpeta district","metric":[{"type":"TOTAL","count":1094358,"amount":2.9275469154449625E9}]},{"name":"goalpara district","metric":[{"type":"TOTAL","count":544911,"amount":1.4756027012507868E9}]},{"name":"biswanath district","metric":[{"type":"TOTAL","count":255222,"amount":5.463358998896878E8}]},{"name":"jorhat district","metric":[{"type":"TOTAL","count":448050,"amount":9.113590432389444E8}]}]},"responseTimestamp":1630502911473}