{"success":true,"code":"SUCCESS","data":{"hoverDataList":[{"name":"tinsukia district","metric":[{"type":"TOTAL","count":726497,"amount":1.6201170072069793E9}]},{"name":"lakhimpur district","metric":[{"type":"TOTAL","count":433255,"amount":9.307380361633754E8}]},{"name":"kamrup district","metric":[{"type":"TOTAL","count":957373,"amount":2.1122763584188256E9}]},{"name":"kokrajhar district","metric":[{"type":"TOTAL","count":366661,"amount":9.660615451374367E8}]},{"name":"karbi anglong district","metric":[{"type":"TOTAL","count":338533,"amount":8.282507616786599E8}]},{"name":"sivasagar district","metric":[{"type":"TOTAL","count":350815,"amount":7.334496372748528E8}]},{"name":"dibrugarh district","metric":[{"type":"TOTAL","count":1116075,"amount":2.51771153627678E9}]},{"name":"south salmara mancachar district","metric":[{"type":"TOTAL","count":245208,"amount":6.827720921272931E8}]},{"name":"nagaon district","metric":[{"type":"TOTAL","count":1156024,"amount":2.9032151357842274E9}]},{"name":"dhubri district","metric":[{"type":"TOTAL","count":668723,"amount":1.682447560536893E9}]},{"name":"golaghat district","metric":[{"type":"TOTAL","count":446587,"amount":9.650968145378057E8}]},{"name":"udalguri district","metric":[{"type":"TOTAL","count":291168,"amount":6.576606439182184E8}]},{"name":"majuli district","metric":[{"type":"TOTAL","count":51208,"amount":1.0203422595327796E8}]},{"name":"sonitpur district","metric":[{"type":"TOTAL","count":1030160,"amount":2.385666128443201E9}]},{"name":"hojai district","metric":[{"type":"TOTAL","count":368350,"amount":8.741854647310762E8}]},{"name":"marigaon district","metric":[{"type":"TOTAL","count":554657,"amount":1.4704860456813893E9}]},{"name":"chirang district","metric":[{"type":"TOTAL","count":220676,"amount":5.285387705729964E8}]},{"name":"cachar district","metric":[{"type":"TOTAL","count":998685,"amount":2.2852489428809485E9}]},{"name":"nalbari district","metric":[{"type":"TOTAL","count":318284,"amount":7.22110352781739E8}]},{"name":"west karbi anglong district","metric":[{"type":"TOTAL","count":57137,"amount":1.1252266553612569E8}]},{"name":"dhemaji district","metric":[{"type":"TOTAL","count":359737,"amount":8.485442374544444E8}]},{"name":"karimganj district","metric":[{"type":"TOTAL","count":524239,"amount":1.3936492260294735E9}]},{"name":"bongaigaon district","metric":[{"type":"TOTAL","count":548175,"amount":1.3312282002758412E9}]},{"name":"dima hasao district","metric":[{"type":"TOTAL","count":149975,"amount":3.533508465920651E8}]},{"name":"baksa district","metric":[{"type":"TOTAL","count":418859,"amount":1.0743246076751742E9}]},{"name":"charaideo district","metric":[{"type":"TOTAL","count":201059,"amount":4.79392451000507E8}]},{"name":"darrang district","metric":[{"type":"TOTAL","count":498938,"amount":1.241235475745712E9}]},{"name":"kamrup metropolitan district","metric":[{"type":"TOTAL","count":16840668,"amount":3.612308253466112E10}]},{"name":"hailakandi district","metric":[{"type":"TOTAL","count":360281,"amount":8.014492990694864E8}]},{"name":"barpeta district","metric":[{"type":"TOTAL","count":1436928,"amount":3.52243299468204E9}]},{"name":"goalpara district","metric":[{"type":"TOTAL","count":650085,"amount":1.7472573159936597E9}]},{"name":"biswanath district","metric":[{"type":"TOTAL","count":288131,"amount":6.202036493743759E8}]},{"name":"jorhat district","metric":[{"type":"TOTAL","count":531290,"amount":1.0837587091114147E9}]}]},"responseTimestamp":1634575084389}