{"success":true,"code":"SUCCESS","data":{"hoverDataList":[{"name":"tinsukia district","metric":[{"type":"TOTAL","count":924326,"amount":2.0996648010310597E9}]},{"name":"lakhimpur district","metric":[{"type":"TOTAL","count":560279,"amount":1.2637226484815915E9}]},{"name":"kamrup district","metric":[{"type":"TOTAL","count":1326629,"amount":2.9068278759780307E9}]},{"name":"kokrajhar district","metric":[{"type":"TOTAL","count":529425,"amount":1.392051533964034E9}]},{"name":"karbi anglong district","metric":[{"type":"TOTAL","count":448701,"amount":1.157896438235495E9}]},{"name":"sivasagar district","metric":[{"type":"TOTAL","count":452511,"amount":9.91840782996415E8}]},{"name":"dibrugarh district","metric":[{"type":"TOTAL","count":1489321,"amount":3.247229901080471E9}]},{"name":"south salmara mancachar district","metric":[{"type":"TOTAL","count":314595,"amount":9.191744837722924E8}]},{"name":"nagaon district","metric":[{"type":"TOTAL","count":1599255,"amount":4.181552742898879E9}]},{"name":"dhubri district","metric":[{"type":"TOTAL","count":947815,"amount":2.4529712745289254E9}]},{"name":"golaghat district","metric":[{"type":"TOTAL","count":597064,"amount":1.3375758019516916E9}]},{"name":"udalguri district","metric":[{"type":"TOTAL","count":406086,"amount":9.176809780577191E8}]},{"name":"majuli district","metric":[{"type":"TOTAL","count":65312,"amount":1.290283004276244E8}]},{"name":"sonitpur district","metric":[{"type":"TOTAL","count":1437714,"amount":3.1199482157692075E9}]},{"name":"hojai district","metric":[{"type":"TOTAL","count":527676,"amount":1.2470222940951037E9}]},{"name":"marigaon district","metric":[{"type":"TOTAL","count":846244,"amount":2.372441369988904E9}]},{"name":"chirang district","metric":[{"type":"TOTAL","count":298090,"amount":7.516020139126096E8}]},{"name":"cachar district","metric":[{"type":"TOTAL","count":1424029,"amount":3.2884053190304804E9}]},{"name":"nalbari district","metric":[{"type":"TOTAL","count":437199,"amount":1.0151835609984299E9}]},{"name":"west karbi anglong district","metric":[{"type":"TOTAL","count":72436,"amount":1.553351174559282E8}]},{"name":"dhemaji district","metric":[{"type":"TOTAL","count":450526,"amount":1.0980254110441427E9}]},{"name":"karimganj district","metric":[{"type":"TOTAL","count":719693,"amount":2.0110842367440817E9}]},{"name":"bongaigaon district","metric":[{"type":"TOTAL","count":760610,"amount":1.9006093183116775E9}]},{"name":"dima hasao district","metric":[{"type":"TOTAL","count":188499,"amount":4.6100102311421907E8}]},{"name":"baksa district","metric":[{"type":"TOTAL","count":575080,"amount":1.5303574035627034E9}]},{"name":"charaideo district","metric":[{"type":"TOTAL","count":255415,"amount":6.575283334175942E8}]},{"name":"darrang district","metric":[{"type":"TOTAL","count":772608,"amount":2.012722511547618E9}]},{"name":"kamrup metropolitan district","metric":[{"type":"TOTAL","count":22903930,"amount":4.81779192673695E10}]},{"name":"hailakandi district","metric":[{"type":"TOTAL","count":494043,"amount":1.1311820515056129E9}]},{"name":"barpeta district","metric":[{"type":"TOTAL","count":2145496,"amount":5.34162635964399E9}]},{"name":"goalpara district","metric":[{"type":"TOTAL","count":920783,"amount":2.590433257901761E9}]},{"name":"biswanath district","metric":[{"type":"TOTAL","count":368466,"amount":8.372979841361362E8}]},{"name":"jorhat district","metric":[{"type":"TOTAL","count":760505,"amount":1.4880252802612674E9}]}]},"responseTimestamp":1643295699176}