{"success":true,"code":"SUCCESS","data":{"aggregated":{"registeredUsers":7826197,"appOpens":178263986},"usersByDevice":[{"brand":"Xiaomi","count":1998766,"percentage":0.25539428665033603},{"brand":"Samsung","count":1484289,"percentage":0.18965648321911652},{"brand":"Vivo","count":1238728,"percentage":0.15827968552286634},{"brand":"Oppo","count":909331,"percentage":0.11619066067465462},{"brand":"Apple","count":436979,"percentage":0.05583542044750471},{"brand":"Realme","count":333567,"percentage":0.042621850689421696},{"brand":"OnePlus","count":225852,"percentage":0.02885846088464167},{"brand":"Motorola","count":223909,"percentage":0.028610192153353666},{"brand":"Huawei","count":142660,"percentage":0.018228521464512076},{"brand":"Lenovo","count":124278,"percentage":0.015879743379830585},{"brand":"Others","count":707838,"percentage":0.09044469491376207}]},"responseTimestamp":1630501498303}