{"success":true,"code":"SUCCESS","data":{"aggregated":{"registeredUsers":8391139,"appOpens":142852253},"usersByDevice":[{"brand":"Xiaomi","count":2125586,"percentage":0.2533131676164583},{"brand":"Samsung","count":1585854,"percentage":0.18899150639740325},{"brand":"Vivo","count":1364186,"percentage":0.16257459207862007},{"brand":"Oppo","count":1002444,"percentage":0.11946459235152701},{"brand":"Apple","count":458450,"percentage":0.05463501438839233},{"brand":"Realme","count":366179,"percentage":0.04363877180439986},{"brand":"OnePlus","count":233802,"percentage":0.02786296353808464},{"brand":"Motorola","count":231246,"percentage":0.027558356499636106},{"brand":"Huawei","count":150807,"percentage":0.017972172788461735},{"brand":"Lenovo","count":127388,"percentage":0.015181252509343487},{"brand":"Others","count":745197,"percentage":0.08880761002767323}]},"responseTimestamp":1630501498615}