{"success":true,"code":"SUCCESS","data":{"aggregated":{"registeredUsers":9044174,"appOpens":190025029},"usersByDevice":[{"brand":"Xiaomi","count":2264717,"percentage":0.2504061730789346},{"brand":"Samsung","count":1707446,"percentage":0.18878960090772248},{"brand":"Vivo","count":1516602,"percentage":0.16768828198130642},{"brand":"Oppo","count":1106202,"percentage":0.12231100374672137},{"brand":"Apple","count":485868,"percentage":0.05372165550994486},{"brand":"Realme","count":406930,"percentage":0.04499360582845929},{"brand":"OnePlus","count":244532,"percentage":0.027037516084940427},{"brand":"Motorola","count":238737,"percentage":0.02639677210986874},{"brand":"Huawei","count":159503,"percentage":0.0176359941770249},{"brand":"Lenovo","count":131036,"percentage":0.014488443057375941},{"brand":"Others","count":782601,"percentage":0.08653095351770101}]},"responseTimestamp":1630501499075}