{"success":true,"code":"SUCCESS","data":{"aggregated":{"registeredUsers":9747968,"appOpens":243433752},"usersByDevice":[{"brand":"Xiaomi","count":2416705,"percentage":0.24791884831792635},{"brand":"Samsung","count":1842707,"percentage":0.18903498657361206},{"brand":"Vivo","count":1673743,"percentage":0.17170173312017437},{"brand":"Oppo","count":1209582,"percentage":0.12408555300961185},{"brand":"Apple","count":518592,"percentage":0.0532000105047534},{"brand":"Realme","count":452392,"percentage":0.04640885156783445},{"brand":"OnePlus","count":256533,"percentage":0.0263165615644204},{"brand":"Motorola","count":246834,"percentage":0.025321584970324072},{"brand":"Huawei","count":168898,"percentage":0.01732648281159725},{"brand":"Lenovo","count":134947,"percentage":0.013843603097589158},{"brand":"Others","count":827035,"percentage":0.08484178446215662}]},"responseTimestamp":1630501499454}