{"success":true,"code":"SUCCESS","data":{"aggregated":{"registeredUsers":23670,"appOpens":0},"usersByDevice":[{"brand":"Xiaomi","count":7660,"percentage":0.3236163920574567},{"brand":"Samsung","count":3736,"percentage":0.15783692437684832},{"brand":"Vivo","count":3532,"percentage":0.14921841994085341},{"brand":"Oppo","count":2539,"percentage":0.10726658217152514},{"brand":"Apple","count":952,"percentage":0.04021968736797634},{"brand":"Realme","count":946,"percentage":0.039966201943388256},{"brand":"Gionee","count":669,"percentage":0.02826362484157161},{"brand":"Huawei","count":539,"percentage":0.022771440642163077},{"brand":"Asus","count":380,"percentage":0.01605407689057879},{"brand":"Motorola","count":376,"percentage":0.01588508660752007},{"brand":"Others","count":2341,"percentage":0.09890156316011829}]},"responseTimestamp":1630501496589}