{"success":true,"code":"SUCCESS","data":{"aggregated":{"registeredUsers":28696,"appOpens":133025},"usersByDevice":[{"brand":"Xiaomi","count":9295,"percentage":0.3239127404516309},{"brand":"Samsung","count":4595,"percentage":0.16012684694730972},{"brand":"Vivo","count":4465,"percentage":0.1555965988291051},{"brand":"Oppo","count":3113,"percentage":0.10848201839977697},{"brand":"Realme","count":1093,"percentage":0.0380889322553666},{"brand":"Apple","count":1089,"percentage":0.03794954000557569},{"brand":"Gionee","count":786,"percentage":0.027390577083914135},{"brand":"Huawei","count":648,"percentage":0.022581544466127684},{"brand":"Asus","count":499,"percentage":0.017389183161416227},{"brand":"Motorola","count":429,"percentage":0.014949818790075271},{"brand":"Others","count":2684,"percentage":0.0935321996097017}]},"responseTimestamp":1630501497223}