{"success":true,"code":"SUCCESS","data":{"aggregated":{"registeredUsers":34134,"appOpens":457834},"usersByDevice":[{"brand":"Xiaomi","count":11089,"percentage":0.32486670182223004},{"brand":"Vivo","count":5496,"percentage":0.16101248022499562},{"brand":"Samsung","count":5142,"percentage":0.15064158903146424},{"brand":"Oppo","count":3809,"percentage":0.11158961739028535},{"brand":"Realme","count":1321,"percentage":0.038700416007499856},{"brand":"Apple","count":1263,"percentage":0.03700123044471788},{"brand":"Gionee","count":940,"percentage":0.027538524638190662},{"brand":"Huawei","count":793,"percentage":0.023231968125622546},{"brand":"Asus","count":615,"percentage":0.018017226226050273},{"brand":"Motorola","count":470,"percentage":0.013769262319095331},{"brand":"Others","count":3196,"percentage":0.09363098376984824}]},"responseTimestamp":1630501497681}