{"success":true,"code":"SUCCESS","data":{"aggregated":{"registeredUsers":39809,"appOpens":529168},"usersByDevice":[{"brand":"Xiaomi","count":12924,"percentage":0.32465020472757417},{"brand":"Vivo","count":6726,"percentage":0.16895676856992137},{"brand":"Samsung","count":5945,"percentage":0.1493380893767741},{"brand":"Oppo","count":4544,"percentage":0.11414504257831144},{"brand":"Realme","count":1585,"percentage":0.039815117184556256},{"brand":"Apple","count":1442,"percentage":0.036222964656233515},{"brand":"Gionee","count":1002,"percentage":0.025170187646009697},{"brand":"Huawei","count":936,"percentage":0.023512271094476123},{"brand":"Asus","count":592,"percentage":0.014871009068301138},{"brand":"Motorola","count":503,"percentage":0.012635333718505866},{"brand":"Others","count":3610,"percentage":0.09068301137933633}]},"responseTimestamp":1630501498009}