{"success":true,"code":"SUCCESS","data":{"hoverDataList":[{"name":"lower dibang valley district","metric":[{"type":"TOTAL","count":1356,"amount":1076236.814073793}]},{"name":"lower subansiri district","metric":[{"type":"TOTAL","count":1477,"amount":3650727.893614269}]},{"name":"longding district","metric":[{"type":"TOTAL","count":2321,"amount":4361531.578447229}]},{"name":"west siang district","metric":[{"type":"TOTAL","count":1887,"amount":4796675.565399804}]},{"name":"kamle district","metric":[{"type":"TOTAL","count":14,"amount":7971.330494807651}]},{"name":"upper siang district","metric":[{"type":"TOTAL","count":126,"amount":186610.66988095018}]},{"name":"tirap district","metric":[{"type":"TOTAL","count":945,"amount":1064265.0002443574}]},{"name":"papum pare district","metric":[{"type":"TOTAL","count":14224,"amount":3.2555848462331478E7}]},{"name":"kurung kumey district","metric":[{"type":"TOTAL","count":84,"amount":99416.58027150274}]},{"name":"siang district","metric":[{"type":"TOTAL","count":252,"amount":339471.80434222345}]},{"name":"lower siang district","metric":[{"type":"TOTAL","count":1292,"amount":2337960.7148240386}]},{"name":"kra daadi district","metric":[{"type":"TOTAL","count":207,"amount":495375.1454853307}]},{"name":"changlang district","metric":[{"type":"TOTAL","count":3195,"amount":5380749.415278763}]},{"name":"pakke kessang district","metric":[{"type":"TOTAL","count":9,"amount":9131.404205737199}]},{"name":"dibang valley district","metric":[{"type":"TOTAL","count":2,"amount":169.88856537681642}]},{"name":"west kameng district","metric":[{"type":"TOTAL","count":5787,"amount":9540632.547015157}]},{"name":"east siang district","metric":[{"type":"TOTAL","count":3286,"amount":5533620.186295529}]},{"name":"upper subansiri district","metric":[{"type":"TOTAL","count":735,"amount":1358367.5018580484}]},{"name":"east kameng district","metric":[{"type":"TOTAL","count":529,"amount":473824.76595106337}]},{"name":"lohit district","metric":[{"type":"TOTAL","count":3747,"amount":1.149694954576835E7}]},{"name":"lepa rada district","metric":[{"type":"TOTAL","count":288,"amount":403149.46702687367}]},{"name":"tawang district","metric":[{"type":"TOTAL","count":2334,"amount":5055665.022950603}]},{"name":"namsai district","metric":[{"type":"TOTAL","count":1400,"amount":2162984.705083958}]}]},"responseTimestamp":1630502910687}