{"success":true,"code":"SUCCESS","data":{"hoverDataList":[{"name":"lower dibang valley district","metric":[{"type":"TOTAL","count":1827,"amount":2561237.506207262}]},{"name":"lower subansiri district","metric":[{"type":"TOTAL","count":1666,"amount":4113742.04406352}]},{"name":"longding district","metric":[{"type":"TOTAL","count":4634,"amount":1.0271170165521314E7}]},{"name":"west siang district","metric":[{"type":"TOTAL","count":2579,"amount":7610989.567485569}]},{"name":"kamle district","metric":[{"type":"TOTAL","count":12,"amount":23654.058373191845}]},{"name":"upper siang district","metric":[{"type":"TOTAL","count":240,"amount":494895.09277159756}]},{"name":"tirap district","metric":[{"type":"TOTAL","count":1903,"amount":3126393.7649546335}]},{"name":"papum pare district","metric":[{"type":"TOTAL","count":25363,"amount":6.652093120355793E7}]},{"name":"kurung kumey district","metric":[{"type":"TOTAL","count":83,"amount":123737.2220411206}]},{"name":"anjaw district","metric":[{"type":"TOTAL","count":7,"amount":7871.020814692305}]},{"name":"siang district","metric":[{"type":"TOTAL","count":336,"amount":740232.6309634304}]},{"name":"lower siang district","metric":[{"type":"TOTAL","count":2292,"amount":2179451.657976534}]},{"name":"kra daadi district","metric":[{"type":"TOTAL","count":247,"amount":987135.9959717204}]},{"name":"changlang district","metric":[{"type":"TOTAL","count":6066,"amount":1.329425850337311E7}]},{"name":"pakke kessang district","metric":[{"type":"TOTAL","count":48,"amount":58359.57138935899}]},{"name":"dibang valley district","metric":[{"type":"TOTAL","count":68,"amount":65769.2036735354}]},{"name":"west kameng district","metric":[{"type":"TOTAL","count":10466,"amount":2.552132134140157E7}]},{"name":"east siang district","metric":[{"type":"TOTAL","count":6363,"amount":1.5285584202916935E7}]},{"name":"upper subansiri district","metric":[{"type":"TOTAL","count":1285,"amount":2911910.3689207276}]},{"name":"east kameng district","metric":[{"type":"TOTAL","count":522,"amount":1825297.4617279815}]},{"name":"lohit district","metric":[{"type":"TOTAL","count":6962,"amount":2.0520618881890118E7}]},{"name":"lepa rada district","metric":[{"type":"TOTAL","count":511,"amount":731444.7370576829}]},{"name":"tawang district","metric":[{"type":"TOTAL","count":5447,"amount":1.3722374811357912E7}]},{"name":"namsai district","metric":[{"type":"TOTAL","count":3230,"amount":6271811.327635023}]}]},"responseTimestamp":1630502910931}