{"success":true,"code":"SUCCESS","data":{"hoverDataList":[{"name":"lower dibang valley district","metric":[{"type":"TOTAL","count":2824,"amount":6074558.207066888}]},{"name":"lower subansiri district","metric":[{"type":"TOTAL","count":2346,"amount":5154231.737357968}]},{"name":"longding district","metric":[{"type":"TOTAL","count":5288,"amount":1.8327334050755527E7}]},{"name":"west siang district","metric":[{"type":"TOTAL","count":3337,"amount":1.2966152792519316E7}]},{"name":"kamle district","metric":[{"type":"TOTAL","count":93,"amount":30504.94301319112}]},{"name":"upper siang district","metric":[{"type":"TOTAL","count":250,"amount":743956.1055720671}]},{"name":"tirap district","metric":[{"type":"TOTAL","count":3322,"amount":7479257.007852319}]},{"name":"papum pare district","metric":[{"type":"TOTAL","count":43282,"amount":1.010804792917223E8}]},{"name":"kurung kumey district","metric":[{"type":"TOTAL","count":255,"amount":303027.4066451341}]},{"name":"anjaw district","metric":[{"type":"TOTAL","count":13,"amount":95403.67678261214}]},{"name":"siang district","metric":[{"type":"TOTAL","count":615,"amount":2141734.499956036}]},{"name":"lower siang district","metric":[{"type":"TOTAL","count":2625,"amount":3045590.882295873}]},{"name":"kra daadi district","metric":[{"type":"TOTAL","count":436,"amount":1606758.4080739785}]},{"name":"changlang district","metric":[{"type":"TOTAL","count":10162,"amount":2.0494174949715402E7}]},{"name":"pakke kessang district","metric":[{"type":"TOTAL","count":165,"amount":305164.81707575504}]},{"name":"dibang valley district","metric":[{"type":"TOTAL","count":29,"amount":196466.66696677107}]},{"name":"west kameng district","metric":[{"type":"TOTAL","count":17026,"amount":4.852814745054105E7}]},{"name":"east siang district","metric":[{"type":"TOTAL","count":10539,"amount":2.4885270773230057E7}]},{"name":"upper subansiri district","metric":[{"type":"TOTAL","count":1601,"amount":4223297.613673143}]},{"name":"east kameng district","metric":[{"type":"TOTAL","count":1029,"amount":3132863.590645522}]},{"name":"lohit district","metric":[{"type":"TOTAL","count":11595,"amount":3.2702331664437763E7}]},{"name":"lepa rada district","metric":[{"type":"TOTAL","count":523,"amount":1777602.4370017413}]},{"name":"tawang district","metric":[{"type":"TOTAL","count":8715,"amount":2.5733824994109266E7}]},{"name":"namsai district","metric":[{"type":"TOTAL","count":5076,"amount":1.0698272774381302E7}]}]},"responseTimestamp":1630502910980}