{"success":true,"code":"SUCCESS","data":{"hoverDataList":[{"name":"lower dibang valley district","metric":[{"type":"TOTAL","count":4227,"amount":1.0951332393937869E7}]},{"name":"lower subansiri district","metric":[{"type":"TOTAL","count":3735,"amount":8884930.591487257}]},{"name":"longding district","metric":[{"type":"TOTAL","count":6581,"amount":2.254531185089966E7}]},{"name":"west siang district","metric":[{"type":"TOTAL","count":3813,"amount":1.4013986244825875E7}]},{"name":"kamle district","metric":[{"type":"TOTAL","count":247,"amount":361497.05682825705}]},{"name":"upper siang district","metric":[{"type":"TOTAL","count":1041,"amount":2157332.9473089008}]},{"name":"tirap district","metric":[{"type":"TOTAL","count":5725,"amount":1.0811742670586085E7}]},{"name":"papum pare district","metric":[{"type":"TOTAL","count":55224,"amount":1.5487544820778143E8}]},{"name":"kurung kumey district","metric":[{"type":"TOTAL","count":444,"amount":759686.7195777439}]},{"name":"anjaw district","metric":[{"type":"TOTAL","count":273,"amount":495578.19942643447}]},{"name":"siang district","metric":[{"type":"TOTAL","count":822,"amount":2176630.237443937}]},{"name":"lower siang district","metric":[{"type":"TOTAL","count":2883,"amount":4533291.201383284}]},{"name":"kra daadi district","metric":[{"type":"TOTAL","count":750,"amount":3254327.442489025}]},{"name":"changlang district","metric":[{"type":"TOTAL","count":13950,"amount":3.2343047413952358E7}]},{"name":"pakke kessang district","metric":[{"type":"TOTAL","count":297,"amount":462143.5189972004}]},{"name":"dibang valley district","metric":[{"type":"TOTAL","count":40,"amount":97205.28808666342}]},{"name":"west kameng district","metric":[{"type":"TOTAL","count":25439,"amount":8.919488684322134E7}]},{"name":"shi yomi district","metric":[{"type":"TOTAL","count":61,"amount":42483.80153055695}]},{"name":"east siang district","metric":[{"type":"TOTAL","count":12893,"amount":3.4272134344916776E7}]},{"name":"upper subansiri district","metric":[{"type":"TOTAL","count":2686,"amount":8771042.079749444}]},{"name":"east kameng district","metric":[{"type":"TOTAL","count":1750,"amount":5936855.710462087}]},{"name":"lohit district","metric":[{"type":"TOTAL","count":14268,"amount":4.0510521949797615E7}]},{"name":"lepa rada district","metric":[{"type":"TOTAL","count":932,"amount":3023578.1893019043}]},{"name":"tawang district","metric":[{"type":"TOTAL","count":11104,"amount":3.592151089403269E7}]},{"name":"namsai district","metric":[{"type":"TOTAL","count":7244,"amount":1.764352329373534E7}]}]},"responseTimestamp":1630502911029}