{"success":true,"code":"SUCCESS","data":{"from":1640975400000,"to":1648405800000,"transactionData":[{"name":"Peer-to-peer payments","paymentInstruments":[{"type":"TOTAL","count":124787028,"amount":4.4634374043797784E11}]},{"name":"Merchant payments","paymentInstruments":[{"type":"TOTAL","count":97315025,"amount":8.585473061641321E10}]},{"name":"Recharge & bill payments","paymentInstruments":[{"type":"TOTAL","count":37317865,"amount":1.8435424277725906E10}]},{"name":"Financial Services","paymentInstruments":[{"type":"TOTAL","count":239530,"amount":2.6109660880560598E8}]},{"name":"Others","paymentInstruments":[{"type":"TOTAL","count":845644,"amount":5.316712686395414E8}]}]},"responseTimestamp":1651127613647}