{"success":true,"code":"SUCCESS","data":{"aggregated":{"registeredUsers":12124779,"appOpens":613855465},"usersByDevice":[{"brand":"Xiaomi","count":3238439,"percentage":0.2670926208222022},{"brand":"Vivo","count":2184386,"percentage":0.18015883011146017},{"brand":"Samsung","count":1862470,"percentage":0.15360857298924788},{"brand":"Oppo","count":1698088,"percentage":0.14005104752837144},{"brand":"Realme","count":1424358,"percentage":0.11747496593546158},{"brand":"Motorola","count":193423,"percentage":0.01595270313792936},{"brand":"OnePlus","count":164569,"percentage":0.013572948422400111},{"brand":"Lenovo","count":141460,"percentage":0.011667016776140827},{"brand":"Huawei","count":140367,"percentage":0.011576870803170929},{"brand":"Apple","count":128069,"percentage":0.010562584274731935},{"brand":"Others","count":949150,"percentage":0.07828183919888354}]},"responseTimestamp":1651127661243}