{"success":true,"code":"SUCCESS","data":{"aggregated":{"registeredUsers":19656147,"appOpens":1678266475},"usersByDevice":[{"brand":"Xiaomi","count":4678482,"percentage":0.23801622973210365},{"brand":"Vivo","count":4575284,"percentage":0.23276606549594892},{"brand":"Samsung","count":3009068,"percentage":0.15308534271747154},{"brand":"Oppo","count":2595568,"percentage":0.13204866650620795},{"brand":"Realme","count":1935366,"percentage":0.09846110735740835},{"brand":"Tecno","count":424783,"percentage":0.021610695117410345},{"brand":"Apple","count":325559,"percentage":0.01656270682143352},{"brand":"OnePlus","count":303765,"percentage":0.015453944254690403},{"brand":"Motorola","count":211431,"percentage":0.010756482437783967},{"brand":"Huawei","count":173297,"percentage":0.008816427756670724},{"brand":"Others","count":1423544,"percentage":0.07242233180287062}]},"responseTimestamp":1651127637242}