{"success":true,"code":"SUCCESS","data":{"states":null,"districts":[{"name":"khordha","registeredUsers":1827307},{"name":"cuttack","registeredUsers":1021526},{"name":"ganjam","registeredUsers":946066},{"name":"baleshwar","registeredUsers":728990},{"name":"jajapur","registeredUsers":636291},{"name":"sundargarh","registeredUsers":592346},{"name":"puri","registeredUsers":564442},{"name":"bhadrak","registeredUsers":481063},{"name":"kendujhar","registeredUsers":469295},{"name":"mayurbhanj","registeredUsers":426398}],"pincodes":[{"name":"751002","registeredUsers":119601},{"name":"751024","registeredUsers":111933},{"name":"751006","registeredUsers":105312},{"name":"753001","registeredUsers":99711},{"name":"760001","registeredUsers":98015},{"name":"751012","registeredUsers":90516},{"name":"756001","registeredUsers":90352},{"name":"751003","registeredUsers":85966},{"name":"752001","registeredUsers":85664},{"name":"751019","registeredUsers":84327}]},"responseTimestamp":1651127661524}