{"success":true,"code":"SUCCESS","data":{"aggregated":{"registeredUsers":11960822,"appOpens":207068218},"usersByDevice":[{"brand":"Xiaomi","count":3213394,"percentage":0.26865996333696796},{"brand":"Samsung","count":2535508,"percentage":0.21198442715726393},{"brand":"Vivo","count":1536003,"percentage":0.12841951832407505},{"brand":"Oppo","count":1220788,"percentage":0.10206556037703764},{"brand":"Realme","count":746055,"percentage":0.062374893631892525},{"brand":"Motorola","count":331516,"percentage":0.027716824144695073},{"brand":"Lenovo","count":313552,"percentage":0.026214920680200742},{"brand":"Asus","count":237380,"percentage":0.01984646205754086},{"brand":"Huawei","count":211478,"percentage":0.017680891831681804},{"brand":"Micromax","count":174080,"percentage":0.014554183650588564},{"brand":"Others","count":1441068,"percentage":0.12048235480805583}]},"responseTimestamp":1630501498565}