{"success":true,"code":"SUCCESS","data":{"aggregated":{"registeredUsers":13222022,"appOpens":198589332},"usersByDevice":[{"brand":"Xiaomi","count":3510266,"percentage":0.2654863227424671},{"brand":"Samsung","count":2820007,"percentage":0.21328107002090907},{"brand":"Vivo","count":1751321,"percentage":0.13245485448443514},{"brand":"Oppo","count":1382437,"percentage":0.10455564209468113},{"brand":"Realme","count":851955,"percentage":0.06443454715171401},{"brand":"Motorola","count":353913,"percentage":0.02676693473963362},{"brand":"Lenovo","count":327067,"percentage":0.024736534245669836},{"brand":"Asus","count":255405,"percentage":0.019316637046890406},{"brand":"Huawei","count":230762,"percentage":0.017452852521346585},{"brand":"Micromax","count":183519,"percentage":0.013879798415098689},{"brand":"Others","count":1555370,"percentage":0.11763480653715445}]},"responseTimestamp":1630501498900}