{"success":true,"code":"SUCCESS","data":{"aggregated":{"registeredUsers":14448366,"appOpens":246554831},"usersByDevice":[{"brand":"Xiaomi","count":3792457,"percentage":0.2624834531461897},{"brand":"Samsung","count":3093948,"percentage":0.21413826310878337},{"brand":"Vivo","count":1985209,"percentage":0.13740024304478443},{"brand":"Oppo","count":1540143,"percentage":0.10659634452781719},{"brand":"Realme","count":970468,"percentage":0.0671680105556573},{"brand":"Motorola","count":373328,"percentage":0.025838769588201183},{"brand":"Lenovo","count":341183,"percentage":0.023613950532537727},{"brand":"Asus","count":270618,"percentage":0.01873000725479961},{"brand":"Huawei","count":247335,"percentage":0.01711854475447258},{"brand":"Micromax","count":190350,"percentage":0.01317450014762915},{"brand":"Others","count":1643327,"percentage":0.11373791333912776}]},"responseTimestamp":1630501499340}