{"success":true,"code":"SUCCESS","data":{"aggregated":{"registeredUsers":15662093,"appOpens":291721919},"usersByDevice":[{"brand":"Xiaomi","count":4070350,"percentage":0.25988544442942585},{"brand":"Samsung","count":3365601,"percentage":0.21488832942059533},{"brand":"Vivo","count":2206769,"percentage":0.14089872918006552},{"brand":"Oppo","count":1690166,"percentage":0.1079144402986242},{"brand":"Realme","count":1095750,"percentage":0.06996191377487032},{"brand":"Motorola","count":390257,"percentage":0.024917295536426708},{"brand":"Lenovo","count":354637,"percentage":0.02264301457027487},{"brand":"Asus","count":283758,"percentage":0.018117501920081817},{"brand":"Huawei","count":262902,"percentage":0.016785879128670734},{"brand":"Micromax","count":196449,"percentage":0.012542959615933835},{"brand":"Others","count":1745454,"percentage":0.1114444921250308}]},"responseTimestamp":1630501499750}