{"success":true,"code":"SUCCESS","data":{"aggregated":{"registeredUsers":7593,"appOpens":0},"usersByDevice":[{"brand":"Xiaomi","count":2402,"percentage":0.316344001053602},{"brand":"Samsung","count":1295,"percentage":0.1705518240484657},{"brand":"Vivo","count":903,"percentage":0.11892532595811932},{"brand":"Oppo","count":698,"percentage":0.09192677466087186},{"brand":"Apple","count":345,"percentage":0.04543658632951403},{"brand":"Realme","count":303,"percentage":0.039905175819834056},{"brand":"Gionee","count":257,"percentage":0.03384696430923219},{"brand":"OnePlus","count":175,"percentage":0.023047543790333202},{"brand":"Huawei","count":145,"percentage":0.01909653628341894},{"brand":"Motorola","count":137,"percentage":0.018042934281575135},{"brand":"Others","count":933,"percentage":0.12287633346503359}]},"responseTimestamp":1630501494793}