{"success":true,"code":"SUCCESS","data":{"aggregated":{"registeredUsers":10422,"appOpens":0},"usersByDevice":[{"brand":"Xiaomi","count":3325,"percentage":0.3190366532335444},{"brand":"Samsung","count":1733,"percentage":0.16628286317405488},{"brand":"Vivo","count":1292,"percentage":0.12396852811360583},{"brand":"Oppo","count":1012,"percentage":0.09710228363078104},{"brand":"Apple","count":475,"percentage":0.0455766647476492},{"brand":"Realme","count":421,"percentage":0.04039531759739014},{"brand":"Gionee","count":305,"percentage":0.029265016311648438},{"brand":"OnePlus","count":215,"percentage":0.020629437727883324},{"brand":"Motorola","count":206,"percentage":0.019765879869506814},{"brand":"Huawei","count":202,"percentage":0.01938207637689503},{"brand":"Others","count":1236,"percentage":0.11859527921704087}]},"responseTimestamp":1630501495231}