{"success":true,"code":"SUCCESS","data":{"aggregated":{"registeredUsers":14502,"appOpens":0},"usersByDevice":[{"brand":"Xiaomi","count":4634,"percentage":0.3195421321197076},{"brand":"Samsung","count":2383,"percentage":0.1643221624603503},{"brand":"Vivo","count":1925,"percentage":0.13274031168114742},{"brand":"Oppo","count":1454,"percentage":0.10026203282305889},{"brand":"Apple","count":594,"percentage":0.04095986760446835},{"brand":"Realme","count":579,"percentage":0.03992552751344642},{"brand":"Gionee","count":448,"percentage":0.030892290718521582},{"brand":"Huawei","count":317,"percentage":0.021859053923596744},{"brand":"OnePlus","count":263,"percentage":0.018135429595917803},{"brand":"Motorola","count":260,"percentage":0.017928561577713418},{"brand":"Others","count":1645,"percentage":0.11343262998207145}]},"responseTimestamp":1630501495552}