{"success":true,"code":"SUCCESS","data":{"aggregated":{"registeredUsers":19365,"appOpens":0},"usersByDevice":[{"brand":"Xiaomi","count":6297,"percentage":0.3251742835011619},{"brand":"Samsung","count":3094,"percentage":0.1597727859540408},{"brand":"Vivo","count":2757,"percentage":0.14237025561580172},{"brand":"Oppo","count":2012,"percentage":0.10389878647043635},{"brand":"Apple","count":792,"percentage":0.04089852827265685},{"brand":"Realme","count":738,"percentage":0.03810999225406662},{"brand":"Gionee","count":544,"percentage":0.02809191840950168},{"brand":"Huawei","count":426,"percentage":0.021998450813323005},{"brand":"Motorola","count":333,"percentage":0.017195972114639815},{"brand":"Asus","count":315,"percentage":0.016266460108443067},{"brand":"Others","count":2057,"percentage":0.10622256648592822}]},"responseTimestamp":1630501496303}