{"success":true,"code":"SUCCESS","data":{"states":null,"districts":[{"entityName":"jaipur","metric":{"type":"TOTAL","count":2417174,"amount":2.953086960141372E9}},{"entityName":"alwar","metric":{"type":"TOTAL","count":511188,"amount":6.361936374406083E8}},{"entityName":"sikar","metric":{"type":"TOTAL","count":321709,"amount":3.5426868808142877E8}},{"entityName":"kota","metric":{"type":"TOTAL","count":317338,"amount":3.135451753534258E8}},{"entityName":"jodhpur","metric":{"type":"TOTAL","count":317285,"amount":4.679638671674502E8}},{"entityName":"bhilwara","metric":{"type":"TOTAL","count":305744,"amount":3.531353718842282E8}},{"entityName":"ganganagar","metric":{"type":"TOTAL","count":238689,"amount":2.9114513976298976E8}},{"entityName":"nagaur","metric":{"type":"TOTAL","count":226358,"amount":2.4592609494489202E8}},{"entityName":"ajmer","metric":{"type":"TOTAL","count":224405,"amount":3.475569297043874E8}},{"entityName":"udaipur","metric":{"type":"TOTAL","count":224103,"amount":3.157368797070354E8}}],"pincodes":[{"entityName":"302001","metric":{"type":"TOTAL","count":209739,"amount":2.924117783167514E8}},{"entityName":"302012","metric":{"type":"TOTAL","count":143135,"amount":1.9930220262341797E8}},{"entityName":"302015","metric":{"type":"TOTAL","count":137020,"amount":1.7240044592333633E8}},{"entityName":"302017","metric":{"type":"TOTAL","count":134012,"amount":1.635020333443347E8}},{"entityName":"302029","metric":{"type":"TOTAL","count":128104,"amount":1.3555566706361395E8}},{"entityName":"302020","metric":{"type":"TOTAL","count":113159,"amount":1.4899553944350016E8}},{"entityName":"302022","metric":{"type":"TOTAL","count":101924,"amount":1.0209131338207474E8}},{"entityName":"311001","metric":{"type":"TOTAL","count":99262,"amount":1.378346514038366E8}},{"entityName":"301001","metric":{"type":"TOTAL","count":84558,"amount":1.2730555422571197E8}},{"entityName":"302013","metric":{"type":"TOTAL","count":82106,"amount":1.0674503895707783E8}}]},"responseTimestamp":1630501487400}