{"success":true,"code":"SUCCESS","data":{"states":null,"districts":[{"entityName":"jaipur","metric":{"type":"TOTAL","count":3175255,"amount":4.952882923415596E9}},{"entityName":"alwar","metric":{"type":"TOTAL","count":700144,"amount":1.0944100449229448E9}},{"entityName":"jodhpur","metric":{"type":"TOTAL","count":435868,"amount":8.226486683773664E8}},{"entityName":"kota","metric":{"type":"TOTAL","count":397475,"amount":5.698512083994043E8}},{"entityName":"sikar","metric":{"type":"TOTAL","count":396177,"amount":5.991063407642647E8}},{"entityName":"bhilwara","metric":{"type":"TOTAL","count":379750,"amount":5.884116644366499E8}},{"entityName":"ganganagar","metric":{"type":"TOTAL","count":316032,"amount":5.248231838335612E8}},{"entityName":"nagaur","metric":{"type":"TOTAL","count":304856,"amount":4.3007443161259633E8}},{"entityName":"ajmer","metric":{"type":"TOTAL","count":303419,"amount":5.731734920785939E8}},{"entityName":"udaipur","metric":{"type":"TOTAL","count":291907,"amount":5.2193342980104965E8}}],"pincodes":[{"entityName":"302001","metric":{"type":"TOTAL","count":242220,"amount":4.577370423616353E8}},{"entityName":"302012","metric":{"type":"TOTAL","count":192441,"amount":3.3449072974687064E8}},{"entityName":"302015","metric":{"type":"TOTAL","count":192326,"amount":2.991446277247395E8}},{"entityName":"302017","metric":{"type":"TOTAL","count":167027,"amount":2.487389175397731E8}},{"entityName":"302029","metric":{"type":"TOTAL","count":158613,"amount":2.2066525592971268E8}},{"entityName":"302020","metric":{"type":"TOTAL","count":150131,"amount":2.4716451642669612E8}},{"entityName":"311001","metric":{"type":"TOTAL","count":133097,"amount":2.305268891701444E8}},{"entityName":"302022","metric":{"type":"TOTAL","count":125440,"amount":1.5856019640492076E8}},{"entityName":"301001","metric":{"type":"TOTAL","count":116367,"amount":2.147938960219444E8}},{"entityName":"302018","metric":{"type":"TOTAL","count":115194,"amount":1.8197298653692004E8}}]},"responseTimestamp":1630501487793}