{"success":true,"code":"SUCCESS","data":{"states":null,"districts":[{"entityName":"jaipur","metric":{"type":"TOTAL","count":4954443,"amount":7.88214949455468E9}},{"entityName":"alwar","metric":{"type":"TOTAL","count":1024880,"amount":1.6877447806545582E9}},{"entityName":"kota","metric":{"type":"TOTAL","count":582519,"amount":8.216066031537722E8}},{"entityName":"jodhpur","metric":{"type":"TOTAL","count":570133,"amount":1.2633924472576752E9}},{"entityName":"bhilwara","metric":{"type":"TOTAL","count":544999,"amount":9.337304685283474E8}},{"entityName":"sikar","metric":{"type":"TOTAL","count":478163,"amount":8.935380541217067E8}},{"entityName":"nagaur","metric":{"type":"TOTAL","count":473481,"amount":6.962247656471555E8}},{"entityName":"dausa","metric":{"type":"TOTAL","count":448286,"amount":5.323085432299284E8}},{"entityName":"udaipur","metric":{"type":"TOTAL","count":417509,"amount":8.186722252856681E8}},{"entityName":"ajmer","metric":{"type":"TOTAL","count":400284,"amount":8.419318474786526E8}}],"pincodes":[{"entityName":"302001","metric":{"type":"TOTAL","count":304945,"amount":6.055736874317768E8}},{"entityName":"302017","metric":{"type":"TOTAL","count":298447,"amount":4.2685711033912873E8}},{"entityName":"302012","metric":{"type":"TOTAL","count":292959,"amount":5.454612496472253E8}},{"entityName":"302022","metric":{"type":"TOTAL","count":291883,"amount":3.003872477839042E8}},{"entityName":"302015","metric":{"type":"TOTAL","count":281307,"amount":4.382562095467619E8}},{"entityName":"302029","metric":{"type":"TOTAL","count":241188,"amount":3.5979457875295204E8}},{"entityName":"302020","metric":{"type":"TOTAL","count":221662,"amount":3.8970104092997324E8}},{"entityName":"311001","metric":{"type":"TOTAL","count":195470,"amount":3.6459876343292195E8}},{"entityName":"302018","metric":{"type":"TOTAL","count":172883,"amount":2.685598042399466E8}},{"entityName":"301001","metric":{"type":"TOTAL","count":172776,"amount":3.202294173878976E8}}]},"responseTimestamp":1630501489250}