{"success":true,"code":"SUCCESS","data":{"states":null,"districts":[{"entityName":"jaipur","metric":{"type":"TOTAL","count":7271209,"amount":1.2107341570492035E10}},{"entityName":"alwar","metric":{"type":"TOTAL","count":1532807,"amount":2.700489271370412E9}},{"entityName":"jodhpur","metric":{"type":"TOTAL","count":854003,"amount":1.9287327792688758E9}},{"entityName":"kota","metric":{"type":"TOTAL","count":831676,"amount":1.1869137941810627E9}},{"entityName":"bhilwara","metric":{"type":"TOTAL","count":781679,"amount":1.420324850979574E9}},{"entityName":"sikar","metric":{"type":"TOTAL","count":735428,"amount":1.5586815411587114E9}},{"entityName":"dausa","metric":{"type":"TOTAL","count":673282,"amount":9.216134830541892E8}},{"entityName":"udaipur","metric":{"type":"TOTAL","count":606049,"amount":1.2191870678485556E9}},{"entityName":"ajmer","metric":{"type":"TOTAL","count":577840,"amount":1.3185625488960557E9}},{"entityName":"ganganagar","metric":{"type":"TOTAL","count":561084,"amount":1.1740616206784885E9}}],"pincodes":[{"entityName":"302015","metric":{"type":"TOTAL","count":444192,"amount":6.303288523652544E8}},{"entityName":"302012","metric":{"type":"TOTAL","count":437412,"amount":8.452316367391852E8}},{"entityName":"302017","metric":{"type":"TOTAL","count":436006,"amount":6.166495951755898E8}},{"entityName":"302001","metric":{"type":"TOTAL","count":429176,"amount":9.003544452771168E8}},{"entityName":"302029","metric":{"type":"TOTAL","count":369254,"amount":5.358322289687783E8}},{"entityName":"302020","metric":{"type":"TOTAL","count":363407,"amount":5.761333965578454E8}},{"entityName":"302022","metric":{"type":"TOTAL","count":342674,"amount":4.053238765685896E8}},{"entityName":"302018","metric":{"type":"TOTAL","count":270041,"amount":3.925798906983815E8}},{"entityName":"311001","metric":{"type":"TOTAL","count":256015,"amount":5.2771273468598366E8}},{"entityName":"301001","metric":{"type":"TOTAL","count":255251,"amount":5.148718209222298E8}}]},"responseTimestamp":1630501489994}