{"success":true,"code":"SUCCESS","data":{"hoverDataList":[{"name":"east godavari district","metric":[{"type":"TOTAL","count":943935,"amount":1.2357855155997267E9}]},{"name":"srikakulam district","metric":[{"type":"TOTAL","count":458921,"amount":5.877780289183557E8}]},{"name":"spsr nellore district","metric":[{"type":"TOTAL","count":531612,"amount":6.766432378069417E8}]},{"name":"vizianagaram district","metric":[{"type":"TOTAL","count":420990,"amount":5.0578344578162E8}]},{"name":"visakhapatnam district","metric":[{"type":"TOTAL","count":1256469,"amount":1.7499661965049946E9}]},{"name":"prakasam district","metric":[{"type":"TOTAL","count":534757,"amount":7.489907758676485E8}]},{"name":"anantapur district","metric":[{"type":"TOTAL","count":638664,"amount":7.888306460324218E8}]},{"name":"ysr district","metric":[{"type":"TOTAL","count":487333,"amount":6.814819310936775E8}]},{"name":"west godavari district","metric":[{"type":"TOTAL","count":577090,"amount":8.535476687532666E8}]},{"name":"kurnool district","metric":[{"type":"TOTAL","count":679623,"amount":7.649052987350456E8}]},{"name":"chittoor district","metric":[{"type":"TOTAL","count":830324,"amount":1.0096218780870512E9}]},{"name":"guntur district","metric":[{"type":"TOTAL","count":815932,"amount":1.1086865890266829E9}]},{"name":"krishna district","metric":[{"type":"TOTAL","count":863935,"amount":1.2842551796156201E9}]}]},"responseTimestamp":1630502910687}