{"success":true,"code":"SUCCESS","data":{"hoverDataList":[{"name":"east godavari district","metric":[{"type":"TOTAL","count":1221677,"amount":2.1689149284239016E9}]},{"name":"srikakulam district","metric":[{"type":"TOTAL","count":559868,"amount":9.293920173670053E8}]},{"name":"spsr nellore district","metric":[{"type":"TOTAL","count":780454,"amount":1.5420579340108962E9}]},{"name":"vizianagaram district","metric":[{"type":"TOTAL","count":529588,"amount":8.117113675080048E8}]},{"name":"visakhapatnam district","metric":[{"type":"TOTAL","count":1641192,"amount":2.9878536072939095E9}]},{"name":"prakasam district","metric":[{"type":"TOTAL","count":739991,"amount":1.5711675621276276E9}]},{"name":"anantapur district","metric":[{"type":"TOTAL","count":937023,"amount":1.6903660790557928E9}]},{"name":"ysr district","metric":[{"type":"TOTAL","count":690842,"amount":1.4155003676861844E9}]},{"name":"west godavari district","metric":[{"type":"TOTAL","count":786033,"amount":1.6880252123045945E9}]},{"name":"kurnool district","metric":[{"type":"TOTAL","count":968439,"amount":1.5318886656843233E9}]},{"name":"chittoor district","metric":[{"type":"TOTAL","count":1185723,"amount":1.9904191258937118E9}]},{"name":"guntur district","metric":[{"type":"TOTAL","count":1088101,"amount":2.1084758117859967E9}]},{"name":"krishna district","metric":[{"type":"TOTAL","count":1224987,"amount":2.4481415934919834E9}]}]},"responseTimestamp":1630502910929}