{"success":true,"code":"SUCCESS","data":{"hoverDataList":[{"name":"east godavari district","metric":[{"type":"TOTAL","count":3226907,"amount":3.551247095307447E9}]},{"name":"srikakulam district","metric":[{"type":"TOTAL","count":1073883,"amount":1.318322236598471E9}]},{"name":"spsr nellore district","metric":[{"type":"TOTAL","count":1308890,"amount":2.215938596185108E9}]},{"name":"vizianagaram district","metric":[{"type":"TOTAL","count":970132,"amount":1.163546006895916E9}]},{"name":"visakhapatnam district","metric":[{"type":"TOTAL","count":3394576,"amount":4.821892253393524E9}]},{"name":"prakasam district","metric":[{"type":"TOTAL","count":1319651,"amount":2.346453445483843E9}]},{"name":"anantapur district","metric":[{"type":"TOTAL","count":1815215,"amount":2.681787750464165E9}]},{"name":"ysr district","metric":[{"type":"TOTAL","count":1557444,"amount":2.2359045122542048E9}]},{"name":"west godavari district","metric":[{"type":"TOTAL","count":1431282,"amount":2.3090784928058147E9}]},{"name":"kurnool district","metric":[{"type":"TOTAL","count":2921189,"amount":2.908389261539773E9}]},{"name":"chittoor district","metric":[{"type":"TOTAL","count":2297429,"amount":3.283517630720593E9}]},{"name":"guntur district","metric":[{"type":"TOTAL","count":1912529,"amount":3.127764663180438E9}]},{"name":"krishna district","metric":[{"type":"TOTAL","count":2396934,"amount":3.7542026543844614E9}]}]},"responseTimestamp":1630502910980}