{"success":true,"code":"SUCCESS","data":{"hoverDataList":[{"name":"east godavari district","metric":[{"type":"TOTAL","count":3052762,"amount":4.652624623436675E9}]},{"name":"srikakulam district","metric":[{"type":"TOTAL","count":1252807,"amount":1.870278609504549E9}]},{"name":"spsr nellore district","metric":[{"type":"TOTAL","count":1814997,"amount":3.2934485569734454E9}]},{"name":"vizianagaram district","metric":[{"type":"TOTAL","count":1386787,"amount":1.8176732525417767E9}]},{"name":"visakhapatnam district","metric":[{"type":"TOTAL","count":4791421,"amount":7.366635864849373E9}]},{"name":"prakasam district","metric":[{"type":"TOTAL","count":1692862,"amount":3.25525422603728E9}]},{"name":"anantapur district","metric":[{"type":"TOTAL","count":2286391,"amount":3.975878156329829E9}]},{"name":"ysr district","metric":[{"type":"TOTAL","count":1732527,"amount":3.2523400632478595E9}]},{"name":"west godavari district","metric":[{"type":"TOTAL","count":1688482,"amount":3.2375042554632454E9}]},{"name":"kurnool district","metric":[{"type":"TOTAL","count":2508530,"amount":3.6265448524069242E9}]},{"name":"chittoor district","metric":[{"type":"TOTAL","count":3166201,"amount":4.979093890223491E9}]},{"name":"guntur district","metric":[{"type":"TOTAL","count":2546620,"amount":4.730251217696959E9}]},{"name":"krishna district","metric":[{"type":"TOTAL","count":2839161,"amount":5.416251838130407E9}]}]},"responseTimestamp":1630502911029}