{"success":true,"code":"SUCCESS","data":{"states":[{"name":"maharashtra","registeredUsers":16284451},{"name":"uttar pradesh","registeredUsers":12458661},{"name":"karnataka","registeredUsers":10266174},{"name":"andhra pradesh","registeredUsers":8283019},{"name":"telangana","registeredUsers":7963425},{"name":"rajasthan","registeredUsers":7712204},{"name":"west bengal","registeredUsers":7449425},{"name":"gujarat","registeredUsers":6652536},{"name":"madhya pradesh","registeredUsers":6414403},{"name":"tamil nadu","registeredUsers":6296303}],"districts":[{"name":"bengaluru urban","registeredUsers":5003207},{"name":"pune","registeredUsers":3038402},{"name":"jaipur","registeredUsers":2060175},{"name":"mumbai suburban","registeredUsers":1901210},{"name":"thane","registeredUsers":1834051},{"name":"hyderabad","registeredUsers":1638436},{"name":"rangareddy","registeredUsers":1470874},{"name":"ahmadabad","registeredUsers":1450100},{"name":"medchal malkajgiri","registeredUsers":1279531},{"name":"surat","registeredUsers":1180819}],"pincodes":[{"name":"201301","registeredUsers":301260},{"name":"110059","registeredUsers":246566},{"name":"560068","registeredUsers":237280},{"name":"500072","registeredUsers":221180},{"name":"110092","registeredUsers":206805},{"name":"122001","registeredUsers":194366},{"name":"110086","registeredUsers":158267},{"name":"560078","registeredUsers":157977},{"name":"395006","registeredUsers":157558},{"name":"560076","registeredUsers":157367}]},"responseTimestamp":1630501482795}