{"success":true,"code":"SUCCESS","data":{"states":[{"name":"maharashtra","registeredUsers":21313081},{"name":"uttar pradesh","registeredUsers":16044607},{"name":"karnataka","registeredUsers":13635075},{"name":"andhra pradesh","registeredUsers":10458693},{"name":"telangana","registeredUsers":10090557},{"name":"rajasthan","registeredUsers":9797304},{"name":"west bengal","registeredUsers":9643222},{"name":"gujarat","registeredUsers":8429299},{"name":"tamil nadu","registeredUsers":8428835},{"name":"madhya pradesh","registeredUsers":8180664}],"districts":[{"name":"bengaluru urban","registeredUsers":6383771},{"name":"pune","registeredUsers":4004991},{"name":"jaipur","registeredUsers":2520933},{"name":"mumbai suburban","registeredUsers":2407754},{"name":"thane","registeredUsers":2396815},{"name":"hyderabad","registeredUsers":2071673},{"name":"ahmadabad","registeredUsers":1848860},{"name":"rangareddy","registeredUsers":1826019},{"name":"medchal malkajgiri","registeredUsers":1572320},{"name":"surat","registeredUsers":1481391}],"pincodes":[{"name":"201301","registeredUsers":369425},{"name":"110059","registeredUsers":300007},{"name":"560068","registeredUsers":289417},{"name":"500072","registeredUsers":261019},{"name":"110092","registeredUsers":248727},{"name":"122001","registeredUsers":239679},{"name":"421302","registeredUsers":208109},{"name":"395006","registeredUsers":198132},{"name":"110086","registeredUsers":194575},{"name":"800001","registeredUsers":194197}]},"responseTimestamp":1630501482796}