{"success":true,"code":"SUCCESS","data":{"states":[{"entityName":"maharashtra","metric":{"type":"TOTAL","count":1169506438,"amount":1.6813992739811611E12}},{"entityName":"karnataka","metric":{"type":"TOTAL","count":1057855407,"amount":1.5666494883058838E12}},{"entityName":"telangana","metric":{"type":"TOTAL","count":886453385,"amount":1.6706381698289993E12}},{"entityName":"andhra pradesh","metric":{"type":"TOTAL","count":582603911,"amount":1.2943206465548625E12}},{"entityName":"rajasthan","metric":{"type":"TOTAL","count":564962220,"amount":1.0220501809801362E12}},{"entityName":"uttar pradesh","metric":{"type":"TOTAL","count":473953246,"amount":8.831231741170391E11}},{"entityName":"madhya pradesh","metric":{"type":"TOTAL","count":472703058,"amount":7.476651395996421E11}},{"entityName":"delhi","metric":{"type":"TOTAL","count":330999861,"amount":5.369649208362892E11}},{"entityName":"tamil nadu","metric":{"type":"TOTAL","count":294573150,"amount":5.12789201600616E11}},{"entityName":"bihar","metric":{"type":"TOTAL","count":284390434,"amount":6.114116957311455E11}}],"districts":[{"entityName":"bengaluru urban","metric":{"type":"TOTAL","count":648380838,"amount":8.379387691530938E11}},{"entityName":"pune","metric":{"type":"TOTAL","count":424149132,"amount":5.084751014545797E11}},{"entityName":"hyderabad","metric":{"type":"TOTAL","count":372711414,"amount":6.615125021410775E11}},{"entityName":"jaipur","metric":{"type":"TOTAL","count":262950613,"amount":4.3450789865322876E11}},{"entityName":"bhopal","metric":{"type":"TOTAL","count":159892411,"amount":2.2109675883527948E11}},{"entityName":"central delhi","metric":{"type":"TOTAL","count":128309915,"amount":1.98072597274588E11}},{"entityName":"rangareddy","metric":{"type":"TOTAL","count":127675017,"amount":2.1660988138040106E11}},{"entityName":"medchal malkajgiri","metric":{"type":"TOTAL","count":110893187,"amount":1.8516827098338605E11}},{"entityName":"mumbai suburban","metric":{"type":"TOTAL","count":104595313,"amount":1.480808358606061E11}},{"entityName":"khordha","metric":{"type":"TOTAL","count":104052705,"amount":1.527453289274852E11}}],"pincodes":[{"entityName":"500001","metric":{"type":"TOTAL","count":248675599,"amount":4.609487557221826E11}},{"entityName":"560001","metric":{"type":"TOTAL","count":224793308,"amount":3.0866337170465454E11}},{"entityName":"411004","metric":{"type":"TOTAL","count":209101358,"amount":2.850058339046318E11}},{"entityName":"302016","metric":{"type":"TOTAL","count":148956604,"amount":2.4895896189895383E11}},{"entityName":"462008","metric":{"type":"TOTAL","count":119378084,"amount":1.721433689418931E11}},{"entityName":"110006","metric":{"type":"TOTAL","count":112708284,"amount":1.7085454974809644E11}},{"entityName":"444510","metric":{"type":"TOTAL","count":69862188,"amount":1.2974127808880704E11}},{"entityName":"800001","metric":{"type":"TOTAL","count":68427326,"amount":1.2697247046114954E11}},{"entityName":"600003","metric":{"type":"TOTAL","count":62446149,"amount":9.588845277963263E10}},{"entityName":"751001","metric":{"type":"TOTAL","count":58525215,"amount":9.121020343381744E10}}]},"responseTimestamp":1651127572274}