{"success":true,"code":"SUCCESS","data":{"aggregated":{"registeredUsers":4320744,"appOpens":0},"usersByDevice":[{"brand":"Xiaomi","count":1230535,"percentage":0.2847970164397613},{"brand":"Samsung","count":784152,"percentage":0.18148541084590988},{"brand":"Vivo","count":594900,"percentage":0.137684620981942},{"brand":"Oppo","count":518202,"percentage":0.11993351145080569},{"brand":"Realme","count":263954,"percentage":0.06108994191741052},{"brand":"Motorola","count":125291,"percentage":0.028997552273404767},{"brand":"Lenovo","count":112677,"percentage":0.02607814765234876},{"brand":"Micromax","count":99130,"percentage":0.022942807997881846},{"brand":"Huawei","count":73550,"percentage":0.017022531304793805},{"brand":"OnePlus","count":59794,"percentage":0.013838820351309867},{"brand":"Others","count":458559,"percentage":0.10612963878443157}]},"responseTimestamp":1630501496590}