{"success":true,"code":"SUCCESS","data":{"aggregated":{"registeredUsers":4845359,"appOpens":33955545},"usersByDevice":[{"brand":"Xiaomi","count":1391200,"percentage":0.2871201081282109},{"brand":"Samsung","count":881637,"percentage":0.18195493873622162},{"brand":"Vivo","count":682782,"percentage":0.1409146360465757},{"brand":"Oppo","count":593176,"percentage":0.12242147589064092},{"brand":"Realme","count":297123,"percentage":0.06132115288051928},{"brand":"Motorola","count":136819,"percentage":0.02823712339993796},{"brand":"Lenovo","count":122285,"percentage":0.0252375520575462},{"brand":"Micromax","count":99348,"percentage":0.020503743891835464},{"brand":"Huawei","count":83057,"percentage":0.017141557519267405},{"brand":"OnePlus","count":64067,"percentage":0.013222343277350553},{"brand":"Others","count":493865,"percentage":0.10192536817189397}]},"responseTimestamp":1630501497227}