{"success":true,"code":"SUCCESS","data":{"aggregated":{"registeredUsers":5387209,"appOpens":130181456},"usersByDevice":[{"brand":"Xiaomi","count":1558315,"percentage":0.2892620278886526},{"brand":"Samsung","count":971154,"percentage":0.18027034035620298},{"brand":"Vivo","count":777999,"percentage":0.14441596752604177},{"brand":"Oppo","count":668633,"percentage":0.12411491739043352},{"brand":"Realme","count":338592,"percentage":0.0628510978504825},{"brand":"Motorola","count":145106,"percentage":0.026935283186525712},{"brand":"Lenovo","count":122379,"percentage":0.022716586640689086},{"brand":"Micromax","count":106103,"percentage":0.01969535616680177},{"brand":"Huawei","count":93805,"percentage":0.01741254144771439},{"brand":"OnePlus","count":68521,"percentage":0.012719202095185095},{"brand":"Others","count":536602,"percentage":0.0996066794512706}]},"responseTimestamp":1630501497684}