{"success":true,"code":"SUCCESS","data":{"aggregated":{"registeredUsers":6115537,"appOpens":189905719},"usersByDevice":[{"brand":"Xiaomi","count":1777383,"percentage":0.29063400319546756},{"brand":"Samsung","count":1091395,"percentage":0.17846265994302707},{"brand":"Vivo","count":904183,"percentage":0.14785013973425393},{"brand":"Oppo","count":770634,"percentage":0.12601248263235101},{"brand":"Realme","count":403826,"percentage":0.06603279483060931},{"brand":"Motorola","count":157752,"percentage":0.0257952817553062},{"brand":"Lenovo","count":130673,"percentage":0.02136737951221618},{"brand":"Micromax","count":114255,"percentage":0.018682742006139445},{"brand":"Huawei","count":106292,"percentage":0.017380648665848968},{"brand":"OnePlus","count":72420,"percentage":0.011841969069927955},{"brand":"Others","count":586724,"percentage":0.09593989865485239}]},"responseTimestamp":1630501498082}