{"success":true,"code":"SUCCESS","data":{"aggregated":{"registeredUsers":85750,"appOpens":1193214},"usersByDevice":[{"brand":"Xiaomi","count":27202,"percentage":0.3172244897959184},{"brand":"Vivo","count":16866,"percentage":0.19668804664723033},{"brand":"Samsung","count":11778,"percentage":0.1373527696793003},{"brand":"Oppo","count":10894,"percentage":0.12704373177842565},{"brand":"Realme","count":4253,"percentage":0.049597667638483965},{"brand":"Apple","count":2669,"percentage":0.03112536443148688},{"brand":"Huawei","count":1709,"percentage":0.01993002915451895},{"brand":"Gionee","count":1527,"percentage":0.017807580174927114},{"brand":"Asus","count":1248,"percentage":0.01455393586005831},{"brand":"OnePlus","count":765,"percentage":0.00892128279883382},{"brand":"Others","count":6839,"percentage":0.07975510204081633}]},"responseTimestamp":1630501499920}