{"success":true,"code":"SUCCESS","data":{"aggregated":{"registeredUsers":92552,"appOpens":4014597},"usersByDevice":[{"brand":"Xiaomi","count":29025,"percentage":0.3136074855216527},{"brand":"Vivo","count":18400,"percentage":0.1988071570576541},{"brand":"Samsung","count":12850,"percentage":0.1388408678364595},{"brand":"Oppo","count":11743,"percentage":0.12688002420261044},{"brand":"Realme","count":5072,"percentage":0.05480162503241421},{"brand":"Apple","count":2898,"percentage":0.031312127236580514},{"brand":"Huawei","count":1696,"percentage":0.018324833607053333},{"brand":"Gionee","count":1512,"percentage":0.01633676203647679},{"brand":"Asus","count":1214,"percentage":0.013116950471086524},{"brand":"OnePlus","count":836,"percentage":0.009032759961967327},{"brand":"Others","count":7306,"percentage":0.0789394070360446}]},"responseTimestamp":1630501500430}