{"success":true,"code":"SUCCESS","data":{"aggregated":{"registeredUsers":100647,"appOpens":5385718},"usersByDevice":[{"brand":"Xiaomi","count":31196,"percentage":0.3099545937782547},{"brand":"Vivo","count":20570,"percentage":0.2043776764334754},{"brand":"Samsung","count":13399,"percentage":0.1331286575854223},{"brand":"Oppo","count":13112,"percentage":0.1302771071169533},{"brand":"Realme","count":5997,"percentage":0.0595844883603088},{"brand":"Apple","count":3145,"percentage":0.031247826562142936},{"brand":"Huawei","count":1821,"percentage":0.01809293868669707},{"brand":"Gionee","count":1601,"percentage":0.015907081184734766},{"brand":"Asus","count":1176,"percentage":0.011684401919580315},{"brand":"OnePlus","count":985,"percentage":0.009786680179240316},{"brand":"Others","count":7645,"percentage":0.07595854819319006}]},"responseTimestamp":1634575167780}