{"success":true,"code":"SUCCESS","data":{"aggregated":{"registeredUsers":108405,"appOpens":2094118},"usersByDevice":[{"brand":"Xiaomi","count":33819,"percentage":0.31196900511969006},{"brand":"Vivo","count":22023,"percentage":0.20315483603154835},{"brand":"Samsung","count":14081,"percentage":0.12989253263225867},{"brand":"Oppo","count":13819,"percentage":0.12747566994142337},{"brand":"Realme","count":7453,"percentage":0.06875144135418108},{"brand":"Apple","count":3532,"percentage":0.0325815229924819},{"brand":"Huawei","count":1796,"percentage":0.016567501499008347},{"brand":"Gionee","count":1559,"percentage":0.014381255477145888},{"brand":"OnePlus","count":1163,"percentage":0.010728287440616208},{"brand":"Asus","count":1159,"percentage":0.010691388773580555},{"brand":"Others","count":8001,"percentage":0.07380655873806559}]},"responseTimestamp":1643295782366}