{"success":true,"code":"SUCCESS","data":{"aggregated":{"registeredUsers":4694250,"appOpens":0},"usersByDevice":[{"brand":"Xiaomi","count":1164619,"percentage":0.24809479682590402},{"brand":"Samsung","count":939725,"percentage":0.20018639825318207},{"brand":"Vivo","count":564062,"percentage":0.12016019598444906},{"brand":"Oppo","count":459877,"percentage":0.0979660222612771},{"brand":"Realme","count":267660,"percentage":0.057018693081961974},{"brand":"Motorola","count":138769,"percentage":0.029561484795228205},{"brand":"Apple","count":135698,"percentage":0.028907280183202856},{"brand":"Lenovo","count":117510,"percentage":0.02503275283591628},{"brand":"Micromax","count":101657,"percentage":0.02165564254140704},{"brand":"OnePlus","count":98788,"percentage":0.02104446929754487},{"brand":"Others","count":705885,"percentage":0.1503722639399265}]},"responseTimestamp":1630501494873}