{"success":true,"code":"SUCCESS","data":{"aggregated":{"registeredUsers":6442554,"appOpens":0},"usersByDevice":[{"brand":"Xiaomi","count":1635001,"percentage":0.25378149721368265},{"brand":"Samsung","count":1274460,"percentage":0.19781906368188765},{"brand":"Vivo","count":805993,"percentage":0.12510457809123524},{"brand":"Oppo","count":646104,"percentage":0.10028693589529866},{"brand":"Realme","count":361159,"percentage":0.056058358222531},{"brand":"Motorola","count":182857,"percentage":0.028382687983678524},{"brand":"Apple","count":172868,"percentage":0.02683221591933882},{"brand":"Lenovo","count":153765,"percentage":0.023867087493562335},{"brand":"Micromax","count":137630,"percentage":0.021362645932032544},{"brand":"OnePlus","count":120867,"percentage":0.018760727500305004},{"brand":"Others","count":951850,"percentage":0.14774420206644756}]},"responseTimestamp":1630501495312}