{"success":true,"code":"SUCCESS","data":{"aggregated":{"registeredUsers":8096483,"appOpens":0},"usersByDevice":[{"brand":"Xiaomi","count":2102198,"percentage":0.25964335378707026},{"brand":"Samsung","count":1597902,"percentage":0.19735754401015848},{"brand":"Vivo","count":1066448,"percentage":0.13171743830006188},{"brand":"Oppo","count":835148,"percentage":0.10314947860694576},{"brand":"Realme","count":453507,"percentage":0.056012839154976304},{"brand":"Motorola","count":220372,"percentage":0.027218237844753086},{"brand":"Apple","count":206198,"percentage":0.025467601179425686},{"brand":"Lenovo","count":174787,"percentage":0.021588015438308215},{"brand":"Micromax","count":147660,"percentage":0.0182375483280827},{"brand":"Huawei","count":144657,"percentage":0.017866646542702553},{"brand":"Others","count":1147606,"percentage":0.14174129680751507}]},"responseTimestamp":1630501495711}