{"success":true,"code":"SUCCESS","data":{"aggregated":{"registeredUsers":10341964,"appOpens":0},"usersByDevice":[{"brand":"Xiaomi","count":2709697,"percentage":0.26200990450169814},{"brand":"Samsung","count":2031840,"percentage":0.19646558429327352},{"brand":"Vivo","count":1430827,"percentage":0.13835157422710037},{"brand":"Oppo","count":1108153,"percentage":0.10715111752467907},{"brand":"Realme","count":574980,"percentage":0.05559678993274392},{"brand":"Motorola","count":268317,"percentage":0.02594449178125161},{"brand":"Apple","count":252995,"percentage":0.024462955005451575},{"brand":"Lenovo","count":213292,"percentage":0.020623935647039574},{"brand":"Huawei","count":190126,"percentage":0.01838393558515578},{"brand":"Micromax","count":172058,"percentage":0.01663687864316681},{"brand":"Others","count":1389679,"percentage":0.13437283285843965}]},"responseTimestamp":1630501496352}