{"success":true,"code":"SUCCESS","data":{"from":1609439400000,"to":1616869800000,"transactionData":[{"name":"Peer-to-peer payments","paymentInstruments":[{"type":"TOTAL","count":53869075,"amount":2.0224024948285385E11}]},{"name":"Merchant payments","paymentInstruments":[{"type":"TOTAL","count":37143701,"amount":2.8918343691018497E10}]},{"name":"Recharge & bill payments","paymentInstruments":[{"type":"TOTAL","count":26673733,"amount":1.133966594469124E10}]},{"name":"Financial Services","paymentInstruments":[{"type":"TOTAL","count":166727,"amount":1.7544581188444334E8}]},{"name":"Others","paymentInstruments":[{"type":"TOTAL","count":400816,"amount":2.6350254507389978E8}]}]},"responseTimestamp":1630501494202}