{"success":true,"code":"SUCCESS","data":{"from":1617215400000,"to":1624818600000,"transactionData":[{"name":"Peer-to-peer payments","paymentInstruments":[{"type":"TOTAL","count":64661051,"amount":2.3081227878929965E11}]},{"name":"Merchant payments","paymentInstruments":[{"type":"TOTAL","count":41696787,"amount":3.478786720831932E10}]},{"name":"Recharge & bill payments","paymentInstruments":[{"type":"TOTAL","count":34799709,"amount":1.3331453857609217E10}]},{"name":"Financial Services","paymentInstruments":[{"type":"TOTAL","count":190537,"amount":1.864664876307634E8}]},{"name":"Others","paymentInstruments":[{"type":"TOTAL","count":549353,"amount":3.167447157049847E8}]}]},"responseTimestamp":1630501494543}