{"success":true,"code":"SUCCESS","data":{"from":1625077800000,"to":1632767400000,"transactionData":[{"name":"Peer-to-peer payments","paymentInstruments":[{"type":"TOTAL","count":84353949,"amount":2.947997313505536E11}]},{"name":"Merchant payments","paymentInstruments":[{"type":"TOTAL","count":58800005,"amount":5.097116985115668E10}]},{"name":"Recharge & bill payments","paymentInstruments":[{"type":"TOTAL","count":37556310,"amount":1.6045754099005053E10}]},{"name":"Financial Services","paymentInstruments":[{"type":"TOTAL","count":189087,"amount":2.1341173637376124E8}]},{"name":"Others","paymentInstruments":[{"type":"TOTAL","count":813637,"amount":4.2699921942323273E8}]}]},"responseTimestamp":1634575099511}