{"success":true,"code":"SUCCESS","data":{"from":1633026600000,"to":1640629800000,"transactionData":[{"name":"Peer-to-peer payments","paymentInstruments":[{"type":"TOTAL","count":105728377,"amount":3.722408912055542E11}]},{"name":"Merchant payments","paymentInstruments":[{"type":"TOTAL","count":80248673,"amount":7.12315775387114E10}]},{"name":"Recharge & bill payments","paymentInstruments":[{"type":"TOTAL","count":37801439,"amount":1.7813903244663807E10}]},{"name":"Financial Services","paymentInstruments":[{"type":"TOTAL","count":252535,"amount":2.70791056674143E8}]},{"name":"Others","paymentInstruments":[{"type":"TOTAL","count":998536,"amount":6.608742164934742E8}]}]},"responseTimestamp":1643295714737}