{"success":true,"code":"SUCCESS","data":{"aggregated":{"registeredUsers":4078316,"appOpens":46396398},"usersByDevice":[{"brand":"Xiaomi","count":990472,"percentage":0.2428629856048428},{"brand":"Samsung","count":858444,"percentage":0.21048981981778753},{"brand":"Vivo","count":448326,"percentage":0.10992919626630207},{"brand":"Oppo","count":423226,"percentage":0.10377469524185963},{"brand":"Huawei","count":259148,"percentage":0.0635428936845502},{"brand":"Apple","count":248003,"percentage":0.06081014811015135},{"brand":"Realme","count":202442,"percentage":0.04963862535419031},{"brand":"OnePlus","count":103907,"percentage":0.025477917846483695},{"brand":"Motorola","count":100697,"percentage":0.024690828273238267},{"brand":"Lenovo","count":96507,"percentage":0.023663443440871183},{"brand":"Others","count":347144,"percentage":0.08511944635972299}]},"responseTimestamp":1630501498353}