{"success":true,"code":"SUCCESS","data":{"aggregated":{"registeredUsers":4728844,"appOpens":45832953},"usersByDevice":[{"brand":"Xiaomi","count":1124154,"percentage":0.23772279229342308},{"brand":"Samsung","count":1009812,"percentage":0.2135430984824198},{"brand":"Vivo","count":545130,"percentage":0.11527764502275821},{"brand":"Oppo","count":505563,"percentage":0.10691048383072058},{"brand":"Huawei","count":303050,"percentage":0.06408542975830879},{"brand":"Apple","count":274565,"percentage":0.05806175885692148},{"brand":"Realme","count":235063,"percentage":0.04970834309611397},{"brand":"Motorola","count":111798,"percentage":0.023641718779473377},{"brand":"Lenovo","count":109268,"percentage":0.02310670430236227},{"brand":"OnePlus","count":109047,"percentage":0.023059969836179837},{"brand":"Others","count":401394,"percentage":0.0848820557413186}]},"responseTimestamp":1630501498670}