{"success":true,"code":"SUCCESS","data":{"aggregated":{"registeredUsers":5582300,"appOpens":64309022},"usersByDevice":[{"brand":"Xiaomi","count":1299988,"percentage":0.2328767712233309},{"brand":"Samsung","count":1205428,"percentage":0.21593751679415293},{"brand":"Vivo","count":688186,"percentage":0.12328001003170735},{"brand":"Oppo","count":608874,"percentage":0.10907224620676065},{"brand":"Huawei","count":356331,"percentage":0.06383229134944378},{"brand":"Apple","count":315220,"percentage":0.05646776418322197},{"brand":"Realme","count":282157,"percentage":0.05054493667484729},{"brand":"Lenovo","count":126302,"percentage":0.022625441126417428},{"brand":"Motorola","count":124372,"percentage":0.02227970549773391},{"brand":"OnePlus","count":117670,"percentage":0.021079125091808038},{"brand":"Others","count":457772,"percentage":0.08200419182057575}]},"responseTimestamp":1630501499172}