{"success":true,"code":"SUCCESS","data":{"aggregated":{"registeredUsers":6387169,"appOpens":91415273},"usersByDevice":[{"brand":"Xiaomi","count":1466789,"percentage":0.22964618597065461},{"brand":"Samsung","count":1399186,"percentage":0.21906199757670416},{"brand":"Vivo","count":811546,"percentage":0.12705879553210506},{"brand":"Oppo","count":707082,"percentage":0.11070350573156902},{"brand":"Huawei","count":402396,"percentage":0.06300068152259632},{"brand":"Apple","count":364712,"percentage":0.05710072803772689},{"brand":"Realme","count":332456,"percentage":0.05205060332676339},{"brand":"Lenovo","count":139386,"percentage":0.021822813831918336},{"brand":"Motorola","count":134213,"percentage":0.02101290884897519},{"brand":"OnePlus","count":127085,"percentage":0.019896921468650665},{"brand":"Others","count":502318,"percentage":0.07864485815233635}]},"responseTimestamp":1630501499505}