{"success":true,"code":"SUCCESS","data":{"from":1577817000000,"to":1585333800000,"transactionData":[{"name":"Peer-to-peer payments","paymentInstruments":[{"type":"TOTAL","count":28457404,"amount":8.277028262380914E10}]},{"name":"Merchant payments","paymentInstruments":[{"type":"TOTAL","count":19779392,"amount":8.097859088519976E9}]},{"name":"Recharge & bill payments","paymentInstruments":[{"type":"TOTAL","count":17448908,"amount":5.550815439734788E9}]},{"name":"Financial Services","paymentInstruments":[{"type":"TOTAL","count":210068,"amount":5.828089355150119E7}]},{"name":"Others","paymentInstruments":[{"type":"TOTAL","count":354609,"amount":1.760671453227705E8}]}]},"responseTimestamp":1630501491914}