{"success":true,"code":"SUCCESS","data":{"from":1585679400000,"to":1593282600000,"transactionData":[{"name":"Peer-to-peer payments","paymentInstruments":[{"type":"TOTAL","count":24855687,"amount":8.49840043307718E10}]},{"name":"Recharge & bill payments","paymentInstruments":[{"type":"TOTAL","count":22220012,"amount":7.496845561868595E9}]},{"name":"Merchant payments","paymentInstruments":[{"type":"TOTAL","count":10225729,"amount":7.404190137669086E9}]},{"name":"Financial Services","paymentInstruments":[{"type":"TOTAL","count":130595,"amount":8.998720523090403E7}]},{"name":"Others","paymentInstruments":[{"type":"TOTAL","count":244774,"amount":1.2440464181495729E8}]}]},"responseTimestamp":1630501492624}