{"success":true,"code":"SUCCESS","data":{"from":1593541800000,"to":1601231400000,"transactionData":[{"name":"Peer-to-peer payments","paymentInstruments":[{"type":"TOTAL","count":37556349,"amount":1.3312067615184232E11}]},{"name":"Recharge & bill payments","paymentInstruments":[{"type":"TOTAL","count":22284079,"amount":8.768630922970161E9}]},{"name":"Merchant payments","paymentInstruments":[{"type":"TOTAL","count":19599024,"amount":1.4614394375389553E10}]},{"name":"Financial Services","paymentInstruments":[{"type":"TOTAL","count":151996,"amount":1.2597342085650632E8}]},{"name":"Others","paymentInstruments":[{"type":"TOTAL","count":363056,"amount":1.8368098408253318E8}]}]},"responseTimestamp":1630501493260}