{"success":true,"code":"SUCCESS","data":{"from":1601490600000,"to":1609093800000,"transactionData":[{"name":"Peer-to-peer payments","paymentInstruments":[{"type":"TOTAL","count":46437233,"amount":1.6639187459630487E11}]},{"name":"Merchant payments","paymentInstruments":[{"type":"TOTAL","count":30077510,"amount":2.2241302940832962E10}]},{"name":"Recharge & bill payments","paymentInstruments":[{"type":"TOTAL","count":23158305,"amount":1.0074605883201237E10}]},{"name":"Financial Services","paymentInstruments":[{"type":"TOTAL","count":178455,"amount":1.642411917401362E8}]},{"name":"Others","paymentInstruments":[{"type":"TOTAL","count":489142,"amount":2.9346675356894124E8}]}]},"responseTimestamp":1630501493697}