{"success":true,"code":"SUCCESS","data":{"aggregated":{"registeredUsers":15074,"appOpens":0},"usersByDevice":[{"brand":"Xiaomi","count":4166,"percentage":0.27636990845163856},{"brand":"Samsung","count":2382,"percentage":0.158020432532838},{"brand":"Vivo","count":1872,"percentage":0.12418734244394321},{"brand":"Oppo","count":1342,"percentage":0.08902746450842511},{"brand":"Realme","count":725,"percentage":0.048096059440095526},{"brand":"Apple","count":467,"percentage":0.030980496218654636},{"brand":"Gionee","count":445,"percentage":0.02952102958736898},{"brand":"Lenovo","count":432,"percentage":0.028658617487063817},{"brand":"Micromax","count":346,"percentage":0.02295342974658352},{"brand":"Motorola","count":298,"percentage":0.019769138914687543},{"brand":"Others","count":2599,"percentage":0.17241608066870107}]},"responseTimestamp":1630501494793}