{"success":true,"code":"SUCCESS","data":{"aggregated":{"registeredUsers":22436,"appOpens":0},"usersByDevice":[{"brand":"Xiaomi","count":6300,"percentage":0.2807987163487253},{"brand":"Samsung","count":3501,"percentage":0.15604385808522017},{"brand":"Vivo","count":2875,"percentage":0.1281422713496167},{"brand":"Oppo","count":2141,"percentage":0.09542699233374934},{"brand":"Realme","count":1062,"percentage":0.04733464075592797},{"brand":"Apple","count":685,"percentage":0.030531288999821715},{"brand":"Gionee","count":660,"percentage":0.029417008379390267},{"brand":"Lenovo","count":624,"percentage":0.02781244428596898},{"brand":"Micromax","count":550,"percentage":0.024514173649491888},{"brand":"Motorola","count":402,"percentage":0.017917632376537707},{"brand":"Others","count":3636,"percentage":0.16206097343555}]},"responseTimestamp":1630501495231}