{"success":true,"code":"SUCCESS","data":{"aggregated":{"registeredUsers":32090,"appOpens":0},"usersByDevice":[{"brand":"Xiaomi","count":9037,"percentage":0.2816142100342786},{"brand":"Samsung","count":4899,"percentage":0.1526643814272359},{"brand":"Vivo","count":4414,"percentage":0.1375506388282954},{"brand":"Oppo","count":3161,"percentage":0.098504206918043},{"brand":"Realme","count":1524,"percentage":0.04749143035213462},{"brand":"Gionee","count":952,"percentage":0.029666562792147088},{"brand":"Apple","count":897,"percentage":0.027952633219071363},{"brand":"Lenovo","count":826,"percentage":0.025740105952009974},{"brand":"Micromax","count":747,"percentage":0.02327827983795575},{"brand":"Huawei","count":616,"percentage":0.019196011218448116},{"brand":"Others","count":5017,"percentage":0.15634153942038018}]},"responseTimestamp":1630501495625}