{"success":true,"code":"SUCCESS","data":{"aggregated":{"registeredUsers":42997,"appOpens":0},"usersByDevice":[{"brand":"Xiaomi","count":12421,"percentage":0.2888806195781101},{"brand":"Samsung","count":6536,"percentage":0.1520106053910738},{"brand":"Vivo","count":6312,"percentage":0.14680093960043725},{"brand":"Oppo","count":4430,"percentage":0.10303044398446404},{"brand":"Realme","count":2036,"percentage":0.04735214084703584},{"brand":"Gionee","count":1152,"percentage":0.026792566923273718},{"brand":"Apple","count":1148,"percentage":0.026699537177012348},{"brand":"Lenovo","count":1024,"percentage":0.02381561504290997},{"brand":"Huawei","count":849,"percentage":0.019745563643975162},{"brand":"Asus","count":840,"percentage":0.019536246714887084},{"brand":"Others","count":6249,"percentage":0.14533572109682072}]},"responseTimestamp":1630501496303}