{"success":true,"code":"SUCCESS","data":{"aggregated":{"registeredUsers":5499263,"appOpens":0},"usersByDevice":[{"brand":"Xiaomi","count":1428603,"percentage":0.25978081062862424},{"brand":"Samsung","count":1061515,"percentage":0.19302859310420323},{"brand":"Vivo","count":755967,"percentage":0.13746696602799321},{"brand":"Oppo","count":576484,"percentage":0.10482931985613345},{"brand":"Apple","count":324092,"percentage":0.058933715299668336},{"brand":"Realme","count":213758,"percentage":0.038870299529227825},{"brand":"Motorola","count":186450,"percentage":0.03390454320878998},{"brand":"OnePlus","count":175334,"percentage":0.03188318143722168},{"brand":"Lenovo","count":109111,"percentage":0.019841022333356308},{"brand":"Huawei","count":102139,"percentage":0.018573216083682485},{"brand":"Others","count":565810,"percentage":0.10288833249109926}]},"responseTimestamp":1630501496479}