{"success":true,"code":"SUCCESS","data":{"aggregated":{"registeredUsers":6165448,"appOpens":43731570},"usersByDevice":[{"brand":"Xiaomi","count":1597465,"percentage":0.25909958205794614},{"brand":"Samsung","count":1188974,"percentage":0.1928447048778937},{"brand":"Vivo","count":879650,"percentage":0.14267414144114102},{"brand":"Oppo","count":664693,"percentage":0.1078093595145073},{"brand":"Apple","count":360575,"percentage":0.05848317916232527},{"brand":"Realme","count":240746,"percentage":0.03904760854361273},{"brand":"Motorola","count":200193,"percentage":0.03247014653274182},{"brand":"OnePlus","count":191881,"percentage":0.031121988215617097},{"brand":"Lenovo","count":115488,"percentage":0.018731485530329668},{"brand":"Huawei","count":114662,"percentage":0.018597513108536474},{"brand":"Others","count":611121,"percentage":0.09912029101534876}]},"responseTimestamp":1630501496811}