{"success":true,"code":"SUCCESS","data":{"aggregated":{"registeredUsers":6782286,"appOpens":163381027},"usersByDevice":[{"brand":"Xiaomi","count":1749719,"percentage":0.25798366509463033},{"brand":"Samsung","count":1305636,"percentage":0.19250677426460636},{"brand":"Vivo","count":1001823,"percentage":0.147711700745147},{"brand":"Oppo","count":749989,"percentage":0.11058056236496072},{"brand":"Apple","count":392389,"percentage":0.057854976920760935},{"brand":"Realme","count":269723,"percentage":0.0397687446386071},{"brand":"Motorola","count":210710,"percentage":0.031067696054103294},{"brand":"OnePlus","count":206752,"percentage":0.030484117007156582},{"brand":"Huawei","count":125962,"percentage":0.018572204121147354},{"brand":"Lenovo","count":119861,"percentage":0.017672654913107468},{"brand":"Others","count":649722,"percentage":0.09579690387577286}]},"responseTimestamp":1630501497432}