{"success":true,"code":"SUCCESS","data":{"aggregated":{"registeredUsers":7289883,"appOpens":172682671},"usersByDevice":[{"brand":"Xiaomi","count":1872284,"percentage":0.25683320294715295},{"brand":"Samsung","count":1394404,"percentage":0.19127933877676775},{"brand":"Vivo","count":1114120,"percentage":0.15283098507891005},{"brand":"Oppo","count":825921,"percentage":0.1132968800733839},{"brand":"Apple","count":414754,"percentage":0.056894465933129516},{"brand":"Realme","count":300540,"percentage":0.04122699911644673},{"brand":"Motorola","count":217242,"percentage":0.029800478279281027},{"brand":"OnePlus","count":216727,"percentage":0.029729832426665832},{"brand":"Huawei","count":134371,"percentage":0.018432531770400155},{"brand":"Lenovo","count":121793,"percentage":0.01670712684963531},{"brand":"Others","count":677727,"percentage":0.09296815874822682}]},"responseTimestamp":1630501497908}