{"success":true,"code":"SUCCESS","data":{"states":[{"name":"maharashtra","registeredUsers":6106994},{"name":"uttar pradesh","registeredUsers":4694250},{"name":"karnataka","registeredUsers":3717763},{"name":"andhra pradesh","registeredUsers":3336450},{"name":"telangana","registeredUsers":3315560},{"name":"rajasthan","registeredUsers":3158202},{"name":"gujarat","registeredUsers":2690048},{"name":"west bengal","registeredUsers":2604789},{"name":"madhya pradesh","registeredUsers":2553603},{"name":"bihar","registeredUsers":2133804}],"districts":[{"name":"bengaluru urban","registeredUsers":1922368},{"name":"pune","registeredUsers":1211643},{"name":"jaipur","registeredUsers":900773},{"name":"mumbai suburban","registeredUsers":719300},{"name":"hyderabad","registeredUsers":655175},{"name":"rangareddy","registeredUsers":635175},{"name":"thane","registeredUsers":631864},{"name":"ahmadabad","registeredUsers":572811},{"name":"medchal malkajgiri","registeredUsers":549429},{"name":"visakhapatnam","registeredUsers":497187}],"pincodes":[{"name":"201301","registeredUsers":114625},{"name":"500072","registeredUsers":105012},{"name":"560068","registeredUsers":98487},{"name":"110059","registeredUsers":95496},{"name":"110092","registeredUsers":83600},{"name":"122001","registeredUsers":82656},{"name":"560037","registeredUsers":75304},{"name":"395006","registeredUsers":72275},{"name":"800001","registeredUsers":71092},{"name":"302012","registeredUsers":68098}]},"responseTimestamp":1630501482414}