{"success":true,"code":"SUCCESS","data":{"states":[{"name":"maharashtra","registeredUsers":8222371},{"name":"uttar pradesh","registeredUsers":6442554},{"name":"karnataka","registeredUsers":5030665},{"name":"andhra pradesh","registeredUsers":4402540},{"name":"telangana","registeredUsers":4260115},{"name":"rajasthan","registeredUsers":4212964},{"name":"west bengal","registeredUsers":3833795},{"name":"gujarat","registeredUsers":3565825},{"name":"madhya pradesh","registeredUsers":3441662},{"name":"bihar","registeredUsers":3005872}],"districts":[{"name":"bengaluru urban","registeredUsers":2553312},{"name":"pune","registeredUsers":1592293},{"name":"jaipur","registeredUsers":1182983},{"name":"mumbai suburban","registeredUsers":957633},{"name":"thane","registeredUsers":861292},{"name":"hyderabad","registeredUsers":842483},{"name":"rangareddy","registeredUsers":804959},{"name":"ahmadabad","registeredUsers":751746},{"name":"medchal malkajgiri","registeredUsers":696211},{"name":"surat","registeredUsers":652372}],"pincodes":[{"name":"201301","registeredUsers":151073},{"name":"500072","registeredUsers":129543},{"name":"560068","registeredUsers":128921},{"name":"110059","registeredUsers":124901},{"name":"110092","registeredUsers":108175},{"name":"122001","registeredUsers":107275},{"name":"800001","registeredUsers":94711},{"name":"395006","registeredUsers":94500},{"name":"560037","registeredUsers":93771},{"name":"302012","registeredUsers":89071}]},"responseTimestamp":1630501482414}