{"success":true,"code":"SUCCESS","data":{"states":[{"name":"maharashtra","registeredUsers":10435033},{"name":"uttar pradesh","registeredUsers":8096483},{"name":"karnataka","registeredUsers":6372649},{"name":"andhra pradesh","registeredUsers":5427617},{"name":"rajasthan","registeredUsers":5175453},{"name":"telangana","registeredUsers":5138501},{"name":"west bengal","registeredUsers":4851740},{"name":"gujarat","registeredUsers":4433183},{"name":"madhya pradesh","registeredUsers":4309309},{"name":"tamil nadu","registeredUsers":3900177}],"districts":[{"name":"bengaluru urban","registeredUsers":3167597},{"name":"pune","registeredUsers":1974138},{"name":"jaipur","registeredUsers":1438305},{"name":"mumbai suburban","registeredUsers":1218632},{"name":"thane","registeredUsers":1104206},{"name":"hyderabad","registeredUsers":1024241},{"name":"rangareddy","registeredUsers":963186},{"name":"ahmadabad","registeredUsers":919252},{"name":"medchal malkajgiri","registeredUsers":828425},{"name":"surat","registeredUsers":808005}],"pincodes":[{"name":"201301","registeredUsers":188664},{"name":"110059","registeredUsers":156028},{"name":"500072","registeredUsers":152034},{"name":"560068","registeredUsers":151862},{"name":"110092","registeredUsers":136676},{"name":"122001","registeredUsers":130847},{"name":"395006","registeredUsers":113391},{"name":"302012","registeredUsers":107088},{"name":"560037","registeredUsers":106572},{"name":"800001","registeredUsers":106255}]},"responseTimestamp":1630501482418}