{"success":true,"code":"SUCCESS","data":{"hoverDataList":[{"name":"east godavari district","metric":[{"type":"TOTAL","count":11346242,"amount":2.1854701379428688E10}]},{"name":"srikakulam district","metric":[{"type":"TOTAL","count":4835092,"amount":9.777575594177538E9}]},{"name":"spsr nellore district","metric":[{"type":"TOTAL","count":7430247,"amount":1.5387829694446861E10}]},{"name":"vizianagaram district","metric":[{"type":"TOTAL","count":5042066,"amount":9.879174240920494E9}]},{"name":"visakhapatnam district","metric":[{"type":"TOTAL","count":27115031,"amount":4.8809747614678894E10}]},{"name":"prakasam district","metric":[{"type":"TOTAL","count":6318396,"amount":1.4169104764526735E10}]},{"name":"anantapur district","metric":[{"type":"TOTAL","count":8466129,"amount":1.786432575282528E10}]},{"name":"ysr district","metric":[{"type":"TOTAL","count":6031255,"amount":1.4059924636819912E10}]},{"name":"west godavari district","metric":[{"type":"TOTAL","count":5919670,"amount":1.2995834340716236E10}]},{"name":"kurnool district","metric":[{"type":"TOTAL","count":8246869,"amount":1.7022710311813046E10}]},{"name":"chittoor district","metric":[{"type":"TOTAL","count":13257740,"amount":2.3441848567344193E10}]},{"name":"guntur district","metric":[{"type":"TOTAL","count":11493331,"amount":2.299273462064621E10}]},{"name":"krishna district","metric":[{"type":"TOTAL","count":12175289,"amount":2.448170277071471E10}]}]},"responseTimestamp":1630502911249}