{"success":true,"code":"SUCCESS","data":{"hoverDataList":[{"name":"east godavari district","metric":[{"type":"TOTAL","count":13130334,"amount":2.631990632732029E10}]},{"name":"srikakulam district","metric":[{"type":"TOTAL","count":6425515,"amount":1.2153650076875832E10}]},{"name":"spsr nellore district","metric":[{"type":"TOTAL","count":9454274,"amount":2.0665376460772232E10}]},{"name":"vizianagaram district","metric":[{"type":"TOTAL","count":6690313,"amount":1.2819344389545382E10}]},{"name":"visakhapatnam district","metric":[{"type":"TOTAL","count":25300401,"amount":4.829388991741437E10}]},{"name":"prakasam district","metric":[{"type":"TOTAL","count":8844580,"amount":1.9846026726904335E10}]},{"name":"anantapur district","metric":[{"type":"TOTAL","count":10473739,"amount":2.2094006659412506E10}]},{"name":"ysr district","metric":[{"type":"TOTAL","count":8033609,"amount":1.9597207268132023E10}]},{"name":"west godavari district","metric":[{"type":"TOTAL","count":7273096,"amount":1.6585866855159784E10}]},{"name":"kurnool district","metric":[{"type":"TOTAL","count":9821381,"amount":2.2419372061805172E10}]},{"name":"chittoor district","metric":[{"type":"TOTAL","count":14848197,"amount":2.736130030001902E10}]},{"name":"guntur district","metric":[{"type":"TOTAL","count":12308707,"amount":2.7463593607839108E10}]},{"name":"krishna district","metric":[{"type":"TOTAL","count":12313709,"amount":2.6964149095366295E10}]}]},"responseTimestamp":1630502911282}