{"success":true,"code":"SUCCESS","data":{"hoverDataList":[{"name":"east godavari district","metric":[{"type":"TOTAL","count":17972431,"amount":3.930004380475851E10}]},{"name":"srikakulam district","metric":[{"type":"TOTAL","count":8286289,"amount":1.8029574581337425E10}]},{"name":"spsr nellore district","metric":[{"type":"TOTAL","count":16468209,"amount":3.912832453403022E10}]},{"name":"vizianagaram district","metric":[{"type":"TOTAL","count":8236703,"amount":1.7567816576501263E10}]},{"name":"visakhapatnam district","metric":[{"type":"TOTAL","count":34421299,"amount":6.7628440368111465E10}]},{"name":"prakasam district","metric":[{"type":"TOTAL","count":12266310,"amount":3.122170485244969E10}]},{"name":"anantapur district","metric":[{"type":"TOTAL","count":14447683,"amount":3.410203797265785E10}]},{"name":"ysr district","metric":[{"type":"TOTAL","count":11934653,"amount":3.203700733412973E10}]},{"name":"west godavari district","metric":[{"type":"TOTAL","count":10412351,"amount":2.5408608725754295E10}]},{"name":"kurnool district","metric":[{"type":"TOTAL","count":13243292,"amount":3.252935110717173E10}]},{"name":"chittoor district","metric":[{"type":"TOTAL","count":20501863,"amount":4.281156624616463E10}]},{"name":"guntur district","metric":[{"type":"TOTAL","count":17601395,"amount":4.253119580975448E10}]},{"name":"krishna district","metric":[{"type":"TOTAL","count":19110457,"amount":4.4788458672084435E10}]}]},"responseTimestamp":1630502911328}