{"success":true,"code":"SUCCESS","data":{"hoverDataList":[{"name":"east godavari district","metric":[{"type":"TOTAL","count":25989490,"amount":5.8732615663118416E10}]},{"name":"srikakulam district","metric":[{"type":"TOTAL","count":11092184,"amount":2.522252027527882E10}]},{"name":"spsr nellore district","metric":[{"type":"TOTAL","count":20934374,"amount":4.911544366337911E10}]},{"name":"vizianagaram district","metric":[{"type":"TOTAL","count":10580824,"amount":2.4094847668445065E10}]},{"name":"visakhapatnam district","metric":[{"type":"TOTAL","count":46551467,"amount":9.187982302540399E10}]},{"name":"prakasam district","metric":[{"type":"TOTAL","count":16176867,"amount":4.1852443493515396E10}]},{"name":"anantapur district","metric":[{"type":"TOTAL","count":20996384,"amount":4.973261081426222E10}]},{"name":"ysr district","metric":[{"type":"TOTAL","count":15676878,"amount":4.257297471344026E10}]},{"name":"west godavari district","metric":[{"type":"TOTAL","count":15674762,"amount":4.0310975762603455E10}]},{"name":"kurnool district","metric":[{"type":"TOTAL","count":18737323,"amount":4.471820311522612E10}]},{"name":"chittoor district","metric":[{"type":"TOTAL","count":29590411,"amount":6.150571114979541E10}]},{"name":"guntur district","metric":[{"type":"TOTAL","count":26136538,"amount":6.064187202125432E10}]},{"name":"krishna district","metric":[{"type":"TOTAL","count":27981050,"amount":6.446150466760723E10}]}]},"responseTimestamp":1630502911376}