{"success":true,"code":"SUCCESS","data":{"aggregated":{"registeredUsers":61487,"appOpens":0},"usersByDevice":[{"brand":"Xiaomi","count":15243,"percentage":0.24790606144388244},{"brand":"Samsung","count":11907,"percentage":0.1936506903898385},{"brand":"Vivo","count":7947,"percentage":0.12924683266381512},{"brand":"Oppo","count":6915,"percentage":0.11246279701400295},{"brand":"Realme","count":3316,"percentage":0.053930099045326654},{"brand":"Motorola","count":1658,"percentage":0.026965049522663327},{"brand":"Lenovo","count":1461,"percentage":0.023761120236798022},{"brand":"Apple","count":1365,"percentage":0.02219981459495503},{"brand":"Huawei","count":1316,"percentage":0.02140289817359767},{"brand":"Micromax","count":1298,"percentage":0.02111015336575211},{"brand":"Others","count":9061,"percentage":0.14736448354936815}]},"responseTimestamp":1630501496586}