{"success":true,"code":"SUCCESS","data":{"aggregated":{"registeredUsers":74746,"appOpens":395764},"usersByDevice":[{"brand":"Xiaomi","count":18498,"percentage":0.24747812591978166},{"brand":"Samsung","count":14431,"percentage":0.19306718754180827},{"brand":"Vivo","count":9893,"percentage":0.13235490862387284},{"brand":"Oppo","count":8757,"percentage":0.11715677093088593},{"brand":"Realme","count":4015,"percentage":0.05371524897653386},{"brand":"Motorola","count":1926,"percentage":0.0257672651379338},{"brand":"Lenovo","count":1740,"percentage":0.023278837663553903},{"brand":"Huawei","count":1622,"percentage":0.021700157867979557},{"brand":"Apple","count":1607,"percentage":0.02149947823294892},{"brand":"Micromax","count":1521,"percentage":0.0203489149921066},{"brand":"Others","count":10736,"percentage":0.14363310411259467}]},"responseTimestamp":1630501497124}