{"success":true,"code":"SUCCESS","data":{"aggregated":{"registeredUsers":87395,"appOpens":1387814},"usersByDevice":[{"brand":"Xiaomi","count":21608,"percentage":0.24724526574746838},{"brand":"Samsung","count":16550,"percentage":0.1893701012643744},{"brand":"Vivo","count":11978,"percentage":0.13705589564620402},{"brand":"Oppo","count":10379,"percentage":0.11875965444247383},{"brand":"Realme","count":4869,"percentage":0.055712569368957035},{"brand":"Motorola","count":2101,"percentage":0.024040276903713027},{"brand":"Huawei","count":1917,"percentage":0.02193489330053207},{"brand":"Apple","count":1850,"percentage":0.02116825905372161},{"brand":"Asus","count":1800,"percentage":0.020596143944161566},{"brand":"Micromax","count":1791,"percentage":0.020493163224440756},{"brand":"Others","count":12552,"percentage":0.14362377710395333}]},"responseTimestamp":1630501497681}