{"success":true,"code":"SUCCESS","data":{"aggregated":{"registeredUsers":100030,"appOpens":1490542},"usersByDevice":[{"brand":"Xiaomi","count":24747,"percentage":0.2473957812656203},{"brand":"Samsung","count":19042,"percentage":0.1903628911326602},{"brand":"Vivo","count":14054,"percentage":0.14049785064480655},{"brand":"Oppo","count":12145,"percentage":0.12141357592722184},{"brand":"Realme","count":5932,"percentage":0.05930220933719884},{"brand":"Motorola","count":2238,"percentage":0.02237328801359592},{"brand":"Huawei","count":2178,"percentage":0.021773467959612117},{"brand":"Apple","count":2052,"percentage":0.020513845846246125},{"brand":"Micromax","count":1999,"percentage":0.019984004798560433},{"brand":"Asus","count":1825,"percentage":0.0182445266420074},{"brand":"Others","count":13818,"percentage":0.13813855843247025}]},"responseTimestamp":1630501498009}