{"success":true,"code":"SUCCESS","data":{"aggregated":{"registeredUsers":176425,"appOpens":0},"usersByDevice":[{"brand":"Xiaomi","count":60568,"percentage":0.34330735439988663},{"brand":"Samsung","count":37991,"percentage":0.21533796230692928},{"brand":"Vivo","count":17309,"percentage":0.09810967833356951},{"brand":"Oppo","count":13523,"percentage":0.07665013461810968},{"brand":"Apple","count":6429,"percentage":0.03644041377355817},{"brand":"Realme","count":6145,"percentage":0.03483066458835199},{"brand":"OnePlus","count":3894,"percentage":0.02207170185631288},{"brand":"Motorola","count":3348,"percentage":0.018976902366444663},{"brand":"Micromax","count":3103,"percentage":0.017588210287657644},{"brand":"Lenovo","count":3052,"percentage":0.01729913561003259},{"brand":"Others","count":21063,"percentage":0.11938784185914694}]},"responseTimestamp":1630501494658}