{"success":true,"code":"SUCCESS","data":{"aggregated":{"registeredUsers":261609,"appOpens":0},"usersByDevice":[{"brand":"Xiaomi","count":92362,"percentage":0.35305360289592486},{"brand":"Samsung","count":55791,"percentage":0.2132610116624428},{"brand":"Vivo","count":26958,"percentage":0.1030469135236173},{"brand":"Oppo","count":20994,"percentage":0.08024953269956309},{"brand":"Realme","count":9196,"percentage":0.03515169585144242},{"brand":"Apple","count":8919,"percentage":0.03409286377762233},{"brand":"OnePlus","count":5028,"percentage":0.019219522264142287},{"brand":"Motorola","count":4756,"percentage":0.01817980268262942},{"brand":"Micromax","count":4375,"percentage":0.016723430768819117},{"brand":"Lenovo","count":4230,"percentage":0.01616916849190968},{"brand":"Others","count":29000,"percentage":0.1108524553818867}]},"responseTimestamp":1630501494988}