{"success":true,"code":"SUCCESS","data":{"aggregated":{"registeredUsers":342529,"appOpens":0},"usersByDevice":[{"brand":"Xiaomi","count":120343,"percentage":0.3513366751428346},{"brand":"Samsung","count":74506,"percentage":0.21751734889600588},{"brand":"Vivo","count":38216,"percentage":0.11157011523111912},{"brand":"Oppo","count":28915,"percentage":0.08441621001433455},{"brand":"Realme","count":12323,"percentage":0.03597651585705152},{"brand":"Apple","count":10996,"percentage":0.03210239133036911},{"brand":"Motorola","count":6291,"percentage":0.018366328106525286},{"brand":"OnePlus","count":6276,"percentage":0.01832253619401569},{"brand":"Lenovo","count":4936,"percentage":0.014410458676491626},{"brand":"Micromax","count":4850,"percentage":0.014159385044769933},{"brand":"Others","count":34877,"percentage":0.10182203550648267}]},"responseTimestamp":1630501495491}