{"success":true,"code":"SUCCESS","data":{"aggregated":{"registeredUsers":436563,"appOpens":0},"usersByDevice":[{"brand":"Xiaomi","count":153238,"percentage":0.3510100489505524},{"brand":"Samsung","count":95846,"percentage":0.21954677789918065},{"brand":"Vivo","count":52004,"percentage":0.11912140973925871},{"brand":"Oppo","count":38530,"percentage":0.08825759397841777},{"brand":"Realme","count":15898,"percentage":0.036416278979208044},{"brand":"Apple","count":13747,"percentage":0.03148915505894911},{"brand":"Motorola","count":7823,"percentage":0.017919521352015633},{"brand":"OnePlus","count":7434,"percentage":0.01702847011771497},{"brand":"Lenovo","count":6134,"percentage":0.01405066393624746},{"brand":"Micromax","count":5165,"percentage":0.011831053020984372},{"brand":"Others","count":40744,"percentage":0.0933290269674709}]},"responseTimestamp":1630501495920}