{"success":true,"code":"SUCCESS","data":{"aggregated":{"registeredUsers":673367,"appOpens":998572},"usersByDevice":[{"brand":"Xiaomi","count":241041,"percentage":0.3579637849790679},{"brand":"Samsung","count":144994,"percentage":0.21532685741950527},{"brand":"Vivo","count":88428,"percentage":0.13132214676394893},{"brand":"Oppo","count":64384,"percentage":0.09561502122913657},{"brand":"Realme","count":26716,"percentage":0.03967524396057425},{"brand":"Apple","count":20684,"percentage":0.03071727601738725},{"brand":"OnePlus","count":10484,"percentage":0.015569518553775282},{"brand":"Motorola","count":10294,"percentage":0.01528735444415898},{"brand":"Huawei","count":7979,"percentage":0.01184940752962352},{"brand":"Lenovo","count":7023,"percentage":0.010429676535975181},{"brand":"Others","count":51340,"percentage":0.07624371256684691}]},"responseTimestamp":1630501497949}