{"success":true,"code":"SUCCESS","data":{"from":1577817000000,"to":1585333800000,"transactionData":[{"name":"Peer-to-peer payments","paymentInstruments":[{"type":"TOTAL","count":39581157,"amount":1.4773470684656177E11}]},{"name":"Recharge & bill payments","paymentInstruments":[{"type":"TOTAL","count":29777603,"amount":1.1168417430652225E10}]},{"name":"Merchant payments","paymentInstruments":[{"type":"TOTAL","count":26741638,"amount":1.3072371616871723E10}]},{"name":"Financial Services","paymentInstruments":[{"type":"TOTAL","count":139990,"amount":6.4365117409359045E7}]},{"name":"Others","paymentInstruments":[{"type":"TOTAL","count":998744,"amount":3.7657394920359E8}]}]},"responseTimestamp":1630501491913}