{"success":true,"code":"SUCCESS","data":{"from":1585679400000,"to":1593282600000,"transactionData":[{"name":"Recharge & bill payments","paymentInstruments":[{"type":"TOTAL","count":42229417,"amount":1.4668026056368128E10}]},{"name":"Peer-to-peer payments","paymentInstruments":[{"type":"TOTAL","count":39434202,"amount":1.500795244088693E11}]},{"name":"Merchant payments","paymentInstruments":[{"type":"TOTAL","count":18625913,"amount":1.3655151082574724E10}]},{"name":"Financial Services","paymentInstruments":[{"type":"TOTAL","count":150360,"amount":1.3193024290371712E8}]},{"name":"Others","paymentInstruments":[{"type":"TOTAL","count":412073,"amount":2.093843395723213E8}]}]},"responseTimestamp":1630501492624}