{"success":true,"code":"SUCCESS","data":{"from":1593541800000,"to":1601231400000,"transactionData":[{"name":"Peer-to-peer payments","paymentInstruments":[{"type":"TOTAL","count":54449911,"amount":2.0753091275673047E11}]},{"name":"Recharge & bill payments","paymentInstruments":[{"type":"TOTAL","count":37465163,"amount":1.6437365640853413E10}]},{"name":"Merchant payments","paymentInstruments":[{"type":"TOTAL","count":34697942,"amount":2.4224433240836243E10}]},{"name":"Financial Services","paymentInstruments":[{"type":"TOTAL","count":206210,"amount":1.9412922754374278E8}]},{"name":"Others","paymentInstruments":[{"type":"TOTAL","count":586033,"amount":3.031145570989778E8}]}]},"responseTimestamp":1630501493178}