{"success":true,"code":"SUCCESS","data":{"from":1601490600000,"to":1609093800000,"transactionData":[{"name":"Peer-to-peer payments","paymentInstruments":[{"type":"TOTAL","count":75433782,"amount":2.9440115334676337E11}]},{"name":"Merchant payments","paymentInstruments":[{"type":"TOTAL","count":61922138,"amount":4.4438824680670944E10}]},{"name":"Recharge & bill payments","paymentInstruments":[{"type":"TOTAL","count":39570153,"amount":1.7793973968761925E10}]},{"name":"Financial Services","paymentInstruments":[{"type":"TOTAL","count":246868,"amount":2.5580330613741985E8}]},{"name":"Others","paymentInstruments":[{"type":"TOTAL","count":994576,"amount":5.390714759342327E8}]}]},"responseTimestamp":1630501493697}