{"success":true,"code":"SUCCESS","data":{"aggregated":{"registeredUsers":7449425,"appOpens":0},"usersByDevice":[{"brand":"Xiaomi","count":2022433,"percentage":0.27148847058665604},{"brand":"Samsung","count":1565366,"percentage":0.21013245988784368},{"brand":"Vivo","count":836434,"percentage":0.11228168617040912},{"brand":"Oppo","count":688682,"percentage":0.09244767213576886},{"brand":"Realme","count":399235,"percentage":0.05359272695543616},{"brand":"Lenovo","count":246103,"percentage":0.03303650952925897},{"brand":"Motorola","count":244646,"percentage":0.0328409239639301},{"brand":"Asus","count":154312,"percentage":0.020714618913540307},{"brand":"Micromax","count":143198,"percentage":0.01922269168425751},{"brand":"Huawei","count":126854,"percentage":0.017028696845729704},{"brand":"Others","count":1022162,"percentage":0.13721354332716953}]},"responseTimestamp":1630501496743}