{"success":true,"code":"SUCCESS","data":{"aggregated":{"registeredUsers":8612795,"appOpens":49514201},"usersByDevice":[{"brand":"Xiaomi","count":2332770,"percentage":0.2708493584254589},{"brand":"Samsung","count":1833729,"percentage":0.21290754046740926},{"brand":"Vivo","count":998435,"percentage":0.11592462144983133},{"brand":"Oppo","count":822829,"percentage":0.09553565364089125},{"brand":"Realme","count":462160,"percentage":0.053659700480506035},{"brand":"Motorola","count":274043,"percentage":0.031818126403798073},{"brand":"Lenovo","count":272456,"percentage":0.03163386566149549},{"brand":"Asus","count":182055,"percentage":0.02113773751726356},{"brand":"Micromax","count":151716,"percentage":0.017615187636533785},{"brand":"Huawei","count":148349,"percentage":0.017224257630653},{"brand":"Others","count":1134253,"percentage":0.13169395068615938}]},"responseTimestamp":1630501497318}