{"success":true,"code":"SUCCESS","data":{"aggregated":{"registeredUsers":9643222,"appOpens":176559011},"usersByDevice":[{"brand":"Xiaomi","count":2610101,"percentage":0.2706668995072394},{"brand":"Samsung","count":2060536,"percentage":0.21367712990533663},{"brand":"Vivo","count":1158257,"percentage":0.12011099609653288},{"brand":"Oppo","count":942250,"percentage":0.09771111771563488},{"brand":"Realme","count":533954,"percentage":0.05537091233614657},{"brand":"Motorola","count":292513,"percentage":0.030333533750441503},{"brand":"Lenovo","count":278208,"percentage":0.028850108397380045},{"brand":"Asus","count":207568,"percentage":0.021524755937382754},{"brand":"Huawei","count":169240,"percentage":0.017550150769110158},{"brand":"Micromax","count":162560,"percentage":0.016857436238634765},{"brand":"Others","count":1228035,"percentage":0.12734695934616044}]},"responseTimestamp":1630501497840}