{"success":true,"code":"SUCCESS","data":{"aggregated":{"registeredUsers":10885058,"appOpens":244326613},"usersByDevice":[{"brand":"Xiaomi","count":2944739,"percentage":0.2705303912941943},{"brand":"Samsung","count":2312247,"percentage":0.2124239484989423},{"brand":"Vivo","count":1347847,"percentage":0.12382543115525889},{"brand":"Oppo","count":1085985,"percentage":0.0997684164843219},{"brand":"Realme","count":644719,"percentage":0.05922972573963317},{"brand":"Motorola","count":315603,"percentage":0.028994149594793156},{"brand":"Lenovo","count":296257,"percentage":0.02721685084268729},{"brand":"Asus","count":219070,"percentage":0.020125754038242148},{"brand":"Huawei","count":193056,"percentage":0.01773587242254474},{"brand":"Micromax","count":175245,"percentage":0.016099592670980715},{"brand":"Others","count":1350290,"percentage":0.12404986725840138}]},"responseTimestamp":1630501498181}