{"success":true,"code":"SUCCESS","data":{"aggregated":{"registeredUsers":439636,"appOpens":6009660},"usersByDevice":[{"brand":"Xiaomi","count":108575,"percentage":0.2469656716010518},{"brand":"Samsung","count":99168,"percentage":0.22556842478777897},{"brand":"Oppo","count":62419,"percentage":0.14197881884104122},{"brand":"Vivo","count":53698,"percentage":0.1221419537981421},{"brand":"Realme","count":42622,"percentage":0.09694838457269195},{"brand":"Asus","count":8143,"percentage":0.018522141043954544},{"brand":"Huawei","count":6052,"percentage":0.01376593363600797},{"brand":"Motorola","count":5947,"percentage":0.013527099691563021},{"brand":"Gionee","count":5872,"percentage":0.013356504016959484},{"brand":"Lenovo","count":5785,"percentage":0.013158613034419384},{"brand":"Others","count":41355,"percentage":0.09406645497638956}]},"responseTimestamp":1630501500082}