{"success":true,"code":"SUCCESS","data":{"aggregated":{"registeredUsers":472153,"appOpens":9500881},"usersByDevice":[{"brand":"Xiaomi","count":116546,"percentage":0.24683947788111057},{"brand":"Samsung","count":104057,"percentage":0.2203883063329048},{"brand":"Oppo","count":66970,"percentage":0.14183961554834978},{"brand":"Vivo","count":58517,"percentage":0.12393652057701635},{"brand":"Realme","count":50025,"percentage":0.10595082526215019},{"brand":"Asus","count":7942,"percentage":0.016820818675302284},{"brand":"Motorola","count":5999,"percentage":0.012705627201352104},{"brand":"Huawei","count":5937,"percentage":0.012574313834710358},{"brand":"Lava","count":5937,"percentage":0.012574313834710358},{"brand":"Gionee","count":5794,"percentage":0.012271445908423752},{"brand":"Others","count":44429,"percentage":0.09409873494396943}]},"responseTimestamp":1630501500485}