{"success":true,"code":"SUCCESS","data":{"aggregated":{"registeredUsers":509929,"appOpens":12279146},"usersByDevice":[{"brand":"Xiaomi","count":126117,"percentage":0.24732266648886414},{"brand":"Samsung","count":107662,"percentage":0.2111313535805965},{"brand":"Oppo","count":72865,"percentage":0.14289244188896885},{"brand":"Vivo","count":64797,"percentage":0.1270706314016265},{"brand":"Realme","count":58578,"percentage":0.11487481590574374},{"brand":"Asus","count":7665,"percentage":0.015031504385904705},{"brand":"Huawei","count":6499,"percentage":0.012744911546509415},{"brand":"Gionee","count":6096,"percentage":0.011954605445071764},{"brand":"Lava","count":6044,"percentage":0.0118526304642411},{"brand":"Motorola","count":6025,"percentage":0.011815370375091434},{"brand":"Others","count":47581,"percentage":0.09330906851738183}]},"responseTimestamp":1634575128814}