{"success":true,"code":"SUCCESS","data":{"aggregated":{"registeredUsers":546292,"appOpens":10728702},"usersByDevice":[{"brand":"Xiaomi","count":135695,"percentage":0.24839280091965468},{"brand":"Samsung","count":110734,"percentage":0.20270111954778763},{"brand":"Oppo","count":77764,"percentage":0.14234878050566363},{"brand":"Vivo","count":69926,"percentage":0.12800114224627124},{"brand":"Realme","count":68822,"percentage":0.125980244997181},{"brand":"Asus","count":7552,"percentage":0.013824108718414328},{"brand":"Huawei","count":6396,"percentage":0.011708024280055355},{"brand":"Motorola","count":6315,"percentage":0.011559751927540583},{"brand":"Lava","count":6023,"percentage":0.01102523924933918},{"brand":"Gionee","count":5955,"percentage":0.010900763694141594},{"brand":"Others","count":51110,"percentage":0.09355802391395078}]},"responseTimestamp":1643295743487}