{"success":true,"code":"SUCCESS","data":{"aggregated":{"registeredUsers":4538767,"appOpens":0},"usersByDevice":[{"brand":"Xiaomi","count":1136307,"percentage":0.25035587858993424},{"brand":"Samsung","count":934852,"percentage":0.20597047612270028},{"brand":"Vivo","count":732478,"percentage":0.16138259575783467},{"brand":"Oppo","count":527926,"percentage":0.11631484938530663},{"brand":"Apple","count":216144,"percentage":0.04762174396702893},{"brand":"Realme","count":213023,"percentage":0.04693411228203607},{"brand":"Motorola","count":111982,"percentage":0.02467233942610405},{"brand":"OnePlus","count":105006,"percentage":0.023135358126997928},{"brand":"Huawei","count":80507,"percentage":0.017737636675334952},{"brand":"Lenovo","count":67191,"percentage":0.014803800239139837},{"brand":"Others","count":413351,"percentage":0.09107120942758243}]},"responseTimestamp":1630501496481}