{"success":true,"code":"SUCCESS","data":{"aggregated":{"registeredUsers":5178030,"appOpens":31929195},"usersByDevice":[{"brand":"Xiaomi","count":1301537,"percentage":0.2513575626251683},{"brand":"Samsung","count":1060392,"percentage":0.2047867625332414},{"brand":"Vivo","count":854882,"percentage":0.16509792334150247},{"brand":"Oppo","count":615320,"percentage":0.11883283797119754},{"brand":"Realme","count":244076,"percentage":0.047136845479844654},{"brand":"Apple","count":243241,"percentage":0.04697558724070737},{"brand":"Motorola","count":122500,"percentage":0.023657645861456963},{"brand":"OnePlus","count":114507,"percentage":0.022114008609451858},{"brand":"Huawei","count":92344,"percentage":0.017833809383105158},{"brand":"Lenovo","count":72976,"percentage":0.014093390729679047},{"brand":"Others","count":456255,"percentage":0.08811362622464528}]},"responseTimestamp":1630501496895}