{"success":true,"code":"SUCCESS","data":{"aggregated":{"registeredUsers":5783752,"appOpens":118332587},"usersByDevice":[{"brand":"Xiaomi","count":1453801,"percentage":0.2513594981250925},{"brand":"Samsung","count":1177753,"percentage":0.20363131060944523},{"brand":"Vivo","count":977699,"percentage":0.16904234483082953},{"brand":"Oppo","count":699529,"percentage":0.12094726744853514},{"brand":"Realme","count":278941,"percentage":0.04822838185316383},{"brand":"Apple","count":268393,"percentage":0.04640465220500464},{"brand":"Motorola","count":129804,"percentage":0.022442870994468643},{"brand":"OnePlus","count":123917,"percentage":0.0214250196066498},{"brand":"Huawei","count":103942,"percentage":0.017971379132438597},{"brand":"Lenovo","count":73965,"percentage":0.012788411397999085},{"brand":"Others","count":496008,"percentage":0.08575886379637301}]},"responseTimestamp":1630501497554}