{"success":true,"code":"SUCCESS","data":{"aggregated":{"registeredUsers":6366679,"appOpens":136721888},"usersByDevice":[{"brand":"Xiaomi","count":1597800,"percentage":0.2509628646269115},{"brand":"Samsung","count":1285177,"percentage":0.20185987074265876},{"brand":"Vivo","count":1103105,"percentage":0.1732622298061517},{"brand":"Oppo","count":785251,"percentage":0.12333761447687248},{"brand":"Realme","count":319391,"percentage":0.05016602847418568},{"brand":"Apple","count":288206,"percentage":0.045267870423497086},{"brand":"Motorola","count":136766,"percentage":0.021481529067195002},{"brand":"OnePlus","count":130817,"percentage":0.020547132971522514},{"brand":"Huawei","count":113928,"percentage":0.017894415597205386},{"brand":"Lenovo","count":76631,"percentage":0.012036259406199056},{"brand":"Others","count":529607,"percentage":0.08318418440760089}]},"responseTimestamp":1630501497948}