{"success":true,"code":"SUCCESS","data":{"aggregated":{"registeredUsers":23857951,"appOpens":1254785973},"usersByDevice":[{"brand":"Xiaomi","count":5743382,"percentage":0.24073240824411116},{"brand":"Vivo","count":4772765,"percentage":0.20004924144575534},{"brand":"Samsung","count":4124296,"percentage":0.17286882683261443},{"brand":"Realme","count":2864092,"percentage":0.12004769395326531},{"brand":"Oppo","count":2780974,"percentage":0.11656382394280212},{"brand":"Apple","count":594003,"percentage":0.024897485957616393},{"brand":"OnePlus","count":580737,"percentage":0.024341444912851066},{"brand":"Motorola","count":463652,"percentage":0.019433856662711732},{"brand":"Huawei","count":401477,"percentage":0.0168278072161352},{"brand":"Lenovo","count":222586,"percentage":0.009329636061370064},{"brand":"Others","count":1309987,"percentage":0.0549077747707672}]},"responseTimestamp":1651127643045}