{"success":true,"code":"SUCCESS","data":{"aggregated":{"registeredUsers":113814,"appOpens":1716211},"usersByDevice":[{"brand":"Xiaomi","count":27877,"percentage":0.2449347180487462},{"brand":"Samsung","count":21610,"percentage":0.1898711933505544},{"brand":"Vivo","count":16379,"percentage":0.14391023951359236},{"brand":"Oppo","count":14191,"percentage":0.1246858910151651},{"brand":"Realme","count":7242,"percentage":0.06363013337550741},{"brand":"Huawei","count":2446,"percentage":0.021491204948424623},{"brand":"Motorola","count":2386,"percentage":0.020964029029820586},{"brand":"Apple","count":2309,"percentage":0.0202874866009454},{"brand":"Micromax","count":2089,"percentage":0.018354508232730597},{"brand":"Asus","count":2050,"percentage":0.018011843885637972},{"brand":"Others","count":15235,"percentage":0.13385875199887537}]},"responseTimestamp":1630501498435}