{"success":true,"code":"SUCCESS","data":{"aggregated":{"registeredUsers":136211,"appOpens":2205253},"usersByDevice":[{"brand":"Xiaomi","count":32935,"percentage":0.24179398139650982},{"brand":"Samsung","count":25696,"percentage":0.18864849388081725},{"brand":"Vivo","count":20152,"percentage":0.14794693526954505},{"brand":"Oppo","count":17459,"percentage":0.1281761384910176},{"brand":"Realme","count":9186,"percentage":0.06743948726607983},{"brand":"Huawei","count":2792,"percentage":0.020497610325157293},{"brand":"Motorola","count":2600,"percentage":0.019088032537753926},{"brand":"Micromax","count":2562,"percentage":0.018809053600663678},{"brand":"Apple","count":2489,"percentage":0.018273120379411353},{"brand":"Asus","count":2372,"percentage":0.01741415891521243},{"brand":"Others","count":17968,"percentage":0.13191298793783174}]},"responseTimestamp":1630501498737}