{"success":true,"code":"SUCCESS","data":{"aggregated":{"registeredUsers":157741,"appOpens":2384534},"usersByDevice":[{"brand":"Xiaomi","count":37816,"percentage":0.2397347550731896},{"brand":"Samsung","count":29736,"percentage":0.18851154740999487},{"brand":"Vivo","count":23981,"percentage":0.15202769096176644},{"brand":"Oppo","count":20562,"percentage":0.13035292029339232},{"brand":"Realme","count":11286,"percentage":0.07154766357510095},{"brand":"Huawei","count":3110,"percentage":0.019715863345610842},{"brand":"Micromax","count":2892,"percentage":0.01833385105964841},{"brand":"Motorola","count":2853,"percentage":0.018086610329590913},{"brand":"Apple","count":2775,"percentage":0.017592128869475913},{"brand":"Asus","count":2623,"percentage":0.016628523972841557},{"brand":"Others","count":20107,"percentage":0.12746844510938818}]},"responseTimestamp":1630501499176}