{"success":true,"code":"SUCCESS","data":{"aggregated":{"registeredUsers":176447,"appOpens":2745917},"usersByDevice":[{"brand":"Xiaomi","count":41993,"percentage":0.23799214495004165},{"brand":"Samsung","count":33436,"percentage":0.18949599596479397},{"brand":"Vivo","count":27150,"percentage":0.1538705673658379},{"brand":"Oppo","count":23405,"percentage":0.1326460636905133},{"brand":"Realme","count":13219,"percentage":0.07491768066331533},{"brand":"Huawei","count":3369,"percentage":0.01909355217147359},{"brand":"Apple","count":3096,"percentage":0.017546345361496653},{"brand":"Micromax","count":3067,"percentage":0.01738199005933793},{"brand":"Motorola","count":3016,"percentage":0.017092951424507077},{"brand":"Asus","count":2832,"percentage":0.016050145369431047},{"brand":"Others","count":21864,"percentage":0.12391256297925156}]},"responseTimestamp":1630501499594}