{"success":true,"code":"SUCCESS","data":{"aggregated":{"registeredUsers":26168390,"appOpens":615146568},"usersByDevice":[{"brand":"Xiaomi","count":6677147,"percentage":0.2551607874997277},{"brand":"Samsung","count":5772343,"percentage":0.2205845678698613},{"brand":"Vivo","count":4396537,"percentage":0.16800945721154414},{"brand":"Oppo","count":3377366,"percentage":0.1290628120415509},{"brand":"Realme","count":1031169,"percentage":0.039405137266755805},{"brand":"Apple","count":815679,"percentage":0.031170392981761583},{"brand":"OnePlus","count":715746,"percentage":0.027351548948941835},{"brand":"Motorola","count":704678,"percentage":0.026928595912855166},{"brand":"Lenovo","count":387278,"percentage":0.014799458430572152},{"brand":"Huawei","count":338054,"percentage":0.012918410341637373},{"brand":"Others","count":1952393,"percentage":0.074608831494792}]},"responseTimestamp":1630501498356}