{"success":true,"code":"SUCCESS","data":{"aggregated":{"registeredUsers":28765086,"appOpens":506354812},"usersByDevice":[{"brand":"Xiaomi","count":7291300,"percentage":0.25347742746188906},{"brand":"Samsung","count":6335245,"percentage":0.22024078078542855},{"brand":"Vivo","count":4942835,"percentage":0.17183452884514233},{"brand":"Oppo","count":3797269,"percentage":0.13200965225690617},{"brand":"Realme","count":1160245,"percentage":0.040335182728116994},{"brand":"Apple","count":858658,"percentage":0.02985070164573817},{"brand":"OnePlus","count":742365,"percentage":0.025807849140447554},{"brand":"Motorola","count":742088,"percentage":0.02579821941085106},{"brand":"Lenovo","count":406197,"percentage":0.014121181490644596},{"brand":"Huawei","count":362725,"percentage":0.012609904938229631},{"brand":"Others","count":2126159,"percentage":0.07391457129660589}]},"responseTimestamp":1630501498738}