{"success":true,"code":"SUCCESS","data":{"aggregated":{"registeredUsers":31409513,"appOpens":668197101},"usersByDevice":[{"brand":"Xiaomi","count":7895486,"percentage":0.2513724424826326},{"brand":"Samsung","count":6914730,"percentage":0.2201476348901048},{"brand":"Vivo","count":5536849,"percentage":0.17627936478989661},{"brand":"Oppo","count":4210793,"percentage":0.13406107251646976},{"brand":"Realme","count":1316605,"percentage":0.041917396172299774},{"brand":"Apple","count":911356,"percentage":0.029015285910354613},{"brand":"OnePlus","count":778193,"percentage":0.024775710467080467},{"brand":"Motorola","count":776080,"percentage":0.024708437854480583},{"brand":"Lenovo","count":423666,"percentage":0.013488461282414661},{"brand":"Huawei","count":386542,"percentage":0.012306526369893095},{"brand":"Others","count":2259213,"percentage":0.07192766726437305}]},"responseTimestamp":1630501499173}