{"success":true,"code":"SUCCESS","data":{"aggregated":{"registeredUsers":34432631,"appOpens":952006770},"usersByDevice":[{"brand":"Xiaomi","count":8584570,"percentage":0.24931495940580317},{"brand":"Samsung","count":7578573,"percentage":0.2200985745178752},{"brand":"Vivo","count":6188503,"percentage":0.17972785756627194},{"brand":"Oppo","count":4665421,"percentage":0.13549417702062908},{"brand":"Realme","count":1504255,"percentage":0.04368690269413336},{"brand":"Apple","count":983306,"percentage":0.02855738790335249},{"brand":"OnePlus","count":822805,"percentage":0.023896082759403428},{"brand":"Motorola","count":813317,"percentage":0.023620530188355342},{"brand":"Lenovo","count":444638,"percentage":0.012913274039384326},{"brand":"Huawei","count":413761,"percentage":0.012016537452511253},{"brand":"Others","count":2433482,"percentage":0.07067371645228039}]},"responseTimestamp":1630501499593}