{"success":true,"code":"SUCCESS","data":{"from":1609439400000,"to":1616869800000,"transactionData":[{"name":"Peer-to-peer payments","paymentInstruments":[{"type":"TOTAL","count":54417515,"amount":1.8145043629191052E11}]},{"name":"Merchant payments","paymentInstruments":[{"type":"TOTAL","count":38180718,"amount":2.5201936762205833E10}]},{"name":"Recharge & bill payments","paymentInstruments":[{"type":"TOTAL","count":18633830,"amount":6.552605937545543E9}]},{"name":"Financial Services","paymentInstruments":[{"type":"TOTAL","count":87263,"amount":9.506402394844367E7}]},{"name":"Others","paymentInstruments":[{"type":"TOTAL","count":141032,"amount":9.76931727305285E7}]}]},"responseTimestamp":1630501494064}