{"success":true,"code":"SUCCESS","data":{"from":1617215400000,"to":1624818600000,"transactionData":[{"name":"Peer-to-peer payments","paymentInstruments":[{"type":"TOTAL","count":66929109,"amount":2.084058823690544E11}]},{"name":"Merchant payments","paymentInstruments":[{"type":"TOTAL","count":39402607,"amount":2.920884767489984E10}]},{"name":"Recharge & bill payments","paymentInstruments":[{"type":"TOTAL","count":25183699,"amount":8.02432305014009E9}]},{"name":"Financial Services","paymentInstruments":[{"type":"TOTAL","count":102474,"amount":1.0276198697553992E8}]},{"name":"Others","paymentInstruments":[{"type":"TOTAL","count":206448,"amount":1.2230239620450994E8}]}]},"responseTimestamp":1630501494383}