{"success":true,"code":"SUCCESS","data":{"from":1625077800000,"to":1632767400000,"transactionData":[{"name":"Peer-to-peer payments","paymentInstruments":[{"type":"TOTAL","count":85728576,"amount":2.5115086052422568E11}]},{"name":"Merchant payments","paymentInstruments":[{"type":"TOTAL","count":64268830,"amount":4.331634817318004E10}]},{"name":"Recharge & bill payments","paymentInstruments":[{"type":"TOTAL","count":26943670,"amount":9.025674783404198E9}]},{"name":"Financial Services","paymentInstruments":[{"type":"TOTAL","count":97213,"amount":1.1238344687807697E8}]},{"name":"Others","paymentInstruments":[{"type":"TOTAL","count":324385,"amount":1.75452005353413E8}]}]},"responseTimestamp":1634575085391}