{"success":true,"code":"SUCCESS","data":{"from":1633026600000,"to":1640629800000,"transactionData":[{"name":"Peer-to-peer payments","paymentInstruments":[{"type":"TOTAL","count":107560893,"amount":3.107041127998908E11}]},{"name":"Merchant payments","paymentInstruments":[{"type":"TOTAL","count":99512650,"amount":6.338387031830179E10}]},{"name":"Recharge & bill payments","paymentInstruments":[{"type":"TOTAL","count":26302130,"amount":1.0728834440697895E10}]},{"name":"Financial Services","paymentInstruments":[{"type":"TOTAL","count":133004,"amount":1.4752665249426866E8}]},{"name":"Others","paymentInstruments":[{"type":"TOTAL","count":416689,"amount":2.867054785345538E8}]}]},"responseTimestamp":1643295700378}